ISO-10303-21;
HEADER;
FILE_DESCRIPTION(('Open CASCADE Model'),'2;1');
FILE_NAME('Open CASCADE Shape Model','2026-03-12T06:45:36',('Author'),(
    'Open CASCADE'),'Open CASCADE STEP processor 7.5','Open CASCADE 7.5'
  ,'Unknown');
FILE_SCHEMA(('AUTOMOTIVE_DESIGN { 1 0 10303 214 1 1 1 1 }'));
ENDSEC;
DATA;
#1 = APPLICATION_PROTOCOL_DEFINITION('international standard',
  'automotive_design',2000,#2);
#2 = APPLICATION_CONTEXT(
  'core data for automotive mechanical design processes');
#3 = SHAPE_DEFINITION_REPRESENTATION(#4,#10);
#4 = PRODUCT_DEFINITION_SHAPE('','',#5);
#5 = PRODUCT_DEFINITION('design','',#6,#9);
#6 = PRODUCT_DEFINITION_FORMATION('','',#7);
#7 = PRODUCT('PCB','PCB','',(#8));
#8 = PRODUCT_CONTEXT('',#2,'mechanical');
#9 = PRODUCT_DEFINITION_CONTEXT('part definition',#2,'design');
#10 = SHAPE_REPRESENTATION('',(#11,#15),#19);
#11 = AXIS2_PLACEMENT_3D('',#12,#13,#14);
#12 = CARTESIAN_POINT('',(0.,0.,0.));
#13 = DIRECTION('',(0.,0.,1.));
#14 = DIRECTION('',(1.,0.,-0.));
#15 = AXIS2_PLACEMENT_3D('',#16,#17,#18);
#16 = CARTESIAN_POINT('',(0.,0.,0.));
#17 = DIRECTION('',(0.,0.,1.));
#18 = DIRECTION('',(1.,0.,-0.));
#19 = ( GEOMETRIC_REPRESENTATION_CONTEXT(3) 
GLOBAL_UNCERTAINTY_ASSIGNED_CONTEXT((#23)) GLOBAL_UNIT_ASSIGNED_CONTEXT(
(#20,#21,#22)) REPRESENTATION_CONTEXT('Context #1',
  '3D Context with UNIT and UNCERTAINTY') );
#20 = ( LENGTH_UNIT() NAMED_UNIT(*) SI_UNIT(.MILLI.,.METRE.) );
#21 = ( NAMED_UNIT(*) PLANE_ANGLE_UNIT() SI_UNIT($,.RADIAN.) );
#22 = ( NAMED_UNIT(*) SI_UNIT($,.STERADIAN.) SOLID_ANGLE_UNIT() );
#23 = UNCERTAINTY_MEASURE_WITH_UNIT(LENGTH_MEASURE(1.E-07),#20,
  'distance_accuracy_value','confusion accuracy');
#24 = PRODUCT_RELATED_PRODUCT_CATEGORY('part',$,(#7));
#25 = SHAPE_DEFINITION_REPRESENTATION(#26,#32);
#26 = PRODUCT_DEFINITION_SHAPE('','',#27);
#27 = PRODUCT_DEFINITION('design','',#28,#31);
#28 = PRODUCT_DEFINITION_FORMATION('','',#29);
#29 = PRODUCT('Board','Board','',(#30));
#30 = PRODUCT_CONTEXT('',#2,'mechanical');
#31 = PRODUCT_DEFINITION_CONTEXT('part definition',#2,'design');
#32 = SHAPE_REPRESENTATION('',(#11,#33),#37);
#33 = AXIS2_PLACEMENT_3D('',#34,#35,#36);
#34 = CARTESIAN_POINT('',(0.,0.,-0.4103624));
#35 = DIRECTION('',(0.,0.,1.));
#36 = DIRECTION('',(1.,0.,-0.));
#37 = ( GEOMETRIC_REPRESENTATION_CONTEXT(3) 
GLOBAL_UNCERTAINTY_ASSIGNED_CONTEXT((#41)) GLOBAL_UNIT_ASSIGNED_CONTEXT(
(#38,#39,#40)) REPRESENTATION_CONTEXT('Context #1',
  '3D Context with UNIT and UNCERTAINTY') );
#38 = ( LENGTH_UNIT() NAMED_UNIT(*) SI_UNIT(.MILLI.,.METRE.) );
#39 = ( NAMED_UNIT(*) PLANE_ANGLE_UNIT() SI_UNIT($,.RADIAN.) );
#40 = ( NAMED_UNIT(*) SI_UNIT($,.STERADIAN.) SOLID_ANGLE_UNIT() );
#41 = UNCERTAINTY_MEASURE_WITH_UNIT(LENGTH_MEASURE(1.E-07),#38,
  'distance_accuracy_value','confusion accuracy');
#42 = ADVANCED_BREP_SHAPE_REPRESENTATION('',(#11,#43),#9117);
#43 = MANIFOLD_SOLID_BREP('',#44);
#44 = CLOSED_SHELL('',(#45,#85,#116,#147,#169,#202,#242,#273,#304,#335,
    #366,#397,#428,#459,#490,#521,#552,#583,#614,#645,#676,#707,#738,
    #769,#800,#831,#862,#893,#924,#955,#986,#1017,#1048,#1079,#1110,
    #1141,#1172,#1203,#1234,#1265,#1296,#1327,#1358,#1389,#1420,#1451,
    #1482,#1513,#1544,#1575,#1606,#1637,#1668,#1699,#1730,#1761,#1792,
    #1823,#1854,#1885,#1916,#1947,#1978,#2009,#2040,#2071,#2102,#2133,
    #2164,#2195,#2226,#2257,#2288,#2319,#2350,#2381,#2412,#2443,#2474,
    #2505,#2536,#2567,#2598,#2629,#2660,#2691,#2722,#2753,#2784,#2815,
    #2846,#2877,#2908,#2939,#2970,#3001,#3032,#3063,#3094,#3125,#3156,
    #3187,#3218,#3249,#3280,#3311,#3342,#3373,#3404,#3435,#3466,#3497,
    #3528,#3559,#3590,#3621,#3652,#3683,#3714,#3745,#3776,#3807,#3838,
    #3869,#3900,#3931,#3962,#3993,#4024,#4055,#4086,#4117,#4148,#4170,
    #4203,#4236,#4269,#4302,#4335,#4368,#4401,#4434,#4474,#4505,#4536,
    #4567,#4598,#4629,#4660,#4691,#4722,#4753,#4784,#4815,#4846,#4877,
    #4908,#4939,#4970,#5001,#5032,#5063,#5094,#5125,#5156,#5187,#5218,
    #5249,#5280,#5311,#5342,#5373,#5404,#5435,#5466,#5497,#5528,#5559,
    #5590,#5621,#5652,#5683,#5714,#5745,#5776,#5807,#5838,#5869,#5900,
    #5931,#5962,#5993,#6024,#6055,#6086,#6117,#6148,#6179,#6210,#6241,
    #6272,#6303,#6334,#6365,#6396,#6427,#6458,#6489,#6520,#6551,#6582,
    #6613,#6644,#6675,#6706,#6737,#6768,#6799,#6830,#6861,#6892,#6923,
    #6954,#6985,#7016,#7047,#7078,#7109,#7140,#7171,#7202,#7233,#7264,
    #7295,#7326,#7357,#7388,#7419,#7450,#7481,#7512,#7543,#7574,#7605,
    #7636,#7667,#7698,#7729,#7760,#7791,#7822,#7853,#7884,#7915,#7946,
    #7977,#8008,#8039,#8070,#8101,#8132,#8163,#8194,#8225,#8256,#8287,
    #8318,#8349,#8380,#8402,#8435,#8468,#8501,#8809));
#45 = ADVANCED_FACE('',(#46),#80,.T.);
#46 = FACE_BOUND('',#47,.T.);
#47 = EDGE_LOOP('',(#48,#58,#66,#74));
#48 = ORIENTED_EDGE('',*,*,#49,.T.);
#49 = EDGE_CURVE('',#50,#52,#54,.T.);
#50 = VERTEX_POINT('',#51);
#51 = CARTESIAN_POINT('',(22.86,0.,0.));
#52 = VERTEX_POINT('',#53);
#53 = CARTESIAN_POINT('',(22.86,0.,0.4103624));
#54 = LINE('',#55,#56);
#55 = CARTESIAN_POINT('',(22.86,0.,0.));
#56 = VECTOR('',#57,1.);
#57 = DIRECTION('',(0.,0.,1.));
#58 = ORIENTED_EDGE('',*,*,#59,.T.);
#59 = EDGE_CURVE('',#52,#60,#62,.T.);
#60 = VERTEX_POINT('',#61);
#61 = CARTESIAN_POINT('',(0.,0.,0.4103624));
#62 = LINE('',#63,#64);
#63 = CARTESIAN_POINT('',(22.86,0.,0.4103624));
#64 = VECTOR('',#65,1.);
#65 = DIRECTION('',(-1.,0.,0.));
#66 = ORIENTED_EDGE('',*,*,#67,.F.);
#67 = EDGE_CURVE('',#68,#60,#70,.T.);
#68 = VERTEX_POINT('',#69);
#69 = CARTESIAN_POINT('',(0.,0.,0.));
#70 = LINE('',#71,#72);
#71 = CARTESIAN_POINT('',(0.,0.,0.));
#72 = VECTOR('',#73,1.);
#73 = DIRECTION('',(0.,0.,1.));
#74 = ORIENTED_EDGE('',*,*,#75,.F.);
#75 = EDGE_CURVE('',#50,#68,#76,.T.);
#76 = LINE('',#77,#78);
#77 = CARTESIAN_POINT('',(22.86,0.,0.));
#78 = VECTOR('',#79,1.);
#79 = DIRECTION('',(-1.,0.,0.));
#80 = PLANE('',#81);
#81 = AXIS2_PLACEMENT_3D('',#82,#83,#84);
#82 = CARTESIAN_POINT('',(22.86,0.,0.));
#83 = DIRECTION('',(0.,-1.,0.));
#84 = DIRECTION('',(-1.,0.,0.));
#85 = ADVANCED_FACE('',(#86),#111,.T.);
#86 = FACE_BOUND('',#87,.T.);
#87 = EDGE_LOOP('',(#88,#89,#97,#105));
#88 = ORIENTED_EDGE('',*,*,#67,.T.);
#89 = ORIENTED_EDGE('',*,*,#90,.T.);
#90 = EDGE_CURVE('',#60,#91,#93,.T.);
#91 = VERTEX_POINT('',#92);
#92 = CARTESIAN_POINT('',(0.,12.7,0.4103624));
#93 = LINE('',#94,#95);
#94 = CARTESIAN_POINT('',(0.,0.,0.4103624));
#95 = VECTOR('',#96,1.);
#96 = DIRECTION('',(0.,1.,0.));
#97 = ORIENTED_EDGE('',*,*,#98,.F.);
#98 = EDGE_CURVE('',#99,#91,#101,.T.);
#99 = VERTEX_POINT('',#100);
#100 = CARTESIAN_POINT('',(0.,12.7,0.));
#101 = LINE('',#102,#103);
#102 = CARTESIAN_POINT('',(0.,12.7,0.));
#103 = VECTOR('',#104,1.);
#104 = DIRECTION('',(0.,0.,1.));
#105 = ORIENTED_EDGE('',*,*,#106,.F.);
#106 = EDGE_CURVE('',#68,#99,#107,.T.);
#107 = LINE('',#108,#109);
#108 = CARTESIAN_POINT('',(0.,0.,0.));
#109 = VECTOR('',#110,1.);
#110 = DIRECTION('',(0.,1.,0.));
#111 = PLANE('',#112);
#112 = AXIS2_PLACEMENT_3D('',#113,#114,#115);
#113 = CARTESIAN_POINT('',(0.,0.,0.));
#114 = DIRECTION('',(-1.,0.,0.));
#115 = DIRECTION('',(0.,1.,0.));
#116 = ADVANCED_FACE('',(#117),#142,.T.);
#117 = FACE_BOUND('',#118,.T.);
#118 = EDGE_LOOP('',(#119,#120,#128,#136));
#119 = ORIENTED_EDGE('',*,*,#98,.T.);
#120 = ORIENTED_EDGE('',*,*,#121,.T.);
#121 = EDGE_CURVE('',#91,#122,#124,.T.);
#122 = VERTEX_POINT('',#123);
#123 = CARTESIAN_POINT('',(22.86,12.7,0.4103624));
#124 = LINE('',#125,#126);
#125 = CARTESIAN_POINT('',(0.,12.7,0.4103624));
#126 = VECTOR('',#127,1.);
#127 = DIRECTION('',(1.,0.,0.));
#128 = ORIENTED_EDGE('',*,*,#129,.F.);
#129 = EDGE_CURVE('',#130,#122,#132,.T.);
#130 = VERTEX_POINT('',#131);
#131 = CARTESIAN_POINT('',(22.86,12.7,0.));
#132 = LINE('',#133,#134);
#133 = CARTESIAN_POINT('',(22.86,12.7,0.));
#134 = VECTOR('',#135,1.);
#135 = DIRECTION('',(0.,0.,1.));
#136 = ORIENTED_EDGE('',*,*,#137,.F.);
#137 = EDGE_CURVE('',#99,#130,#138,.T.);
#138 = LINE('',#139,#140);
#139 = CARTESIAN_POINT('',(0.,12.7,0.));
#140 = VECTOR('',#141,1.);
#141 = DIRECTION('',(1.,0.,0.));
#142 = PLANE('',#143);
#143 = AXIS2_PLACEMENT_3D('',#144,#145,#146);
#144 = CARTESIAN_POINT('',(0.,12.7,0.));
#145 = DIRECTION('',(0.,1.,0.));
#146 = DIRECTION('',(1.,0.,0.));
#147 = ADVANCED_FACE('',(#148),#164,.T.);
#148 = FACE_BOUND('',#149,.T.);
#149 = EDGE_LOOP('',(#150,#151,#157,#158));
#150 = ORIENTED_EDGE('',*,*,#129,.T.);
#151 = ORIENTED_EDGE('',*,*,#152,.T.);
#152 = EDGE_CURVE('',#122,#52,#153,.T.);
#153 = LINE('',#154,#155);
#154 = CARTESIAN_POINT('',(22.86,12.7,0.4103624));
#155 = VECTOR('',#156,1.);
#156 = DIRECTION('',(0.,-1.,0.));
#157 = ORIENTED_EDGE('',*,*,#49,.F.);
#158 = ORIENTED_EDGE('',*,*,#159,.F.);
#159 = EDGE_CURVE('',#130,#50,#160,.T.);
#160 = LINE('',#161,#162);
#161 = CARTESIAN_POINT('',(22.86,12.7,0.));
#162 = VECTOR('',#163,1.);
#163 = DIRECTION('',(0.,-1.,0.));
#164 = PLANE('',#165);
#165 = AXIS2_PLACEMENT_3D('',#166,#167,#168);
#166 = CARTESIAN_POINT('',(22.86,12.7,0.));
#167 = DIRECTION('',(1.,0.,-0.));
#168 = DIRECTION('',(0.,-1.,0.));
#169 = ADVANCED_FACE('',(#170),#197,.F.);
#170 = FACE_BOUND('',#171,.T.);
#171 = EDGE_LOOP('',(#172,#182,#189,#190));
#172 = ORIENTED_EDGE('',*,*,#173,.T.);
#173 = EDGE_CURVE('',#174,#176,#178,.T.);
#174 = VERTEX_POINT('',#175);
#175 = CARTESIAN_POINT('',(6.858,1.27,0.));
#176 = VERTEX_POINT('',#177);
#177 = CARTESIAN_POINT('',(6.858,1.27,0.4103624));
#178 = LINE('',#179,#180);
#179 = CARTESIAN_POINT('',(6.858,1.27,0.));
#180 = VECTOR('',#181,1.);
#181 = DIRECTION('',(0.,0.,1.));
#182 = ORIENTED_EDGE('',*,*,#183,.T.);
#183 = EDGE_CURVE('',#176,#176,#184,.T.);
#184 = CIRCLE('',#185,0.508);
#185 = AXIS2_PLACEMENT_3D('',#186,#187,#188);
#186 = CARTESIAN_POINT('',(6.35,1.27,0.4103624));
#187 = DIRECTION('',(0.,0.,1.));
#188 = DIRECTION('',(1.,0.,-0.));
#189 = ORIENTED_EDGE('',*,*,#173,.F.);
#190 = ORIENTED_EDGE('',*,*,#191,.F.);
#191 = EDGE_CURVE('',#174,#174,#192,.T.);
#192 = CIRCLE('',#193,0.508);
#193 = AXIS2_PLACEMENT_3D('',#194,#195,#196);
#194 = CARTESIAN_POINT('',(6.35,1.27,0.));
#195 = DIRECTION('',(0.,0.,1.));
#196 = DIRECTION('',(1.,0.,-0.));
#197 = CYLINDRICAL_SURFACE('',#198,0.508);
#198 = AXIS2_PLACEMENT_3D('',#199,#200,#201);
#199 = CARTESIAN_POINT('',(6.35,1.27,0.));
#200 = DIRECTION('',(-0.,-0.,-1.));
#201 = DIRECTION('',(1.,0.,-0.));
#202 = ADVANCED_FACE('',(#203),#237,.T.);
#203 = FACE_BOUND('',#204,.T.);
#204 = EDGE_LOOP('',(#205,#215,#223,#231));
#205 = ORIENTED_EDGE('',*,*,#206,.T.);
#206 = EDGE_CURVE('',#207,#209,#211,.T.);
#207 = VERTEX_POINT('',#208);
#208 = CARTESIAN_POINT('',(2.54,8.009,0.));
#209 = VERTEX_POINT('',#210);
#210 = CARTESIAN_POINT('',(2.54,8.009,0.4103624));
#211 = LINE('',#212,#213);
#212 = CARTESIAN_POINT('',(2.54,8.009,0.));
#213 = VECTOR('',#214,1.);
#214 = DIRECTION('',(0.,0.,1.));
#215 = ORIENTED_EDGE('',*,*,#216,.T.);
#216 = EDGE_CURVE('',#209,#217,#219,.T.);
#217 = VERTEX_POINT('',#218);
#218 = CARTESIAN_POINT('',(2.459,8.001,0.4103624));
#219 = LINE('',#220,#221);
#220 = CARTESIAN_POINT('',(2.54,8.009,0.4103624));
#221 = VECTOR('',#222,1.);
#222 = DIRECTION('',(-0.995158089271,-9.828721869344E-02,0.));
#223 = ORIENTED_EDGE('',*,*,#224,.F.);
#224 = EDGE_CURVE('',#225,#217,#227,.T.);
#225 = VERTEX_POINT('',#226);
#226 = CARTESIAN_POINT('',(2.459,8.001,0.));
#227 = LINE('',#228,#229);
#228 = CARTESIAN_POINT('',(2.459,8.001,0.));
#229 = VECTOR('',#230,1.);
#230 = DIRECTION('',(0.,0.,1.));
#231 = ORIENTED_EDGE('',*,*,#232,.F.);
#232 = EDGE_CURVE('',#207,#225,#233,.T.);
#233 = LINE('',#234,#235);
#234 = CARTESIAN_POINT('',(2.54,8.009,0.));
#235 = VECTOR('',#236,1.);
#236 = DIRECTION('',(-0.995158089271,-9.828721869344E-02,0.));
#237 = PLANE('',#238);
#238 = AXIS2_PLACEMENT_3D('',#239,#240,#241);
#239 = CARTESIAN_POINT('',(2.54,8.009,0.));
#240 = DIRECTION('',(9.828721869344E-02,-0.995158089271,0.));
#241 = DIRECTION('',(-0.995158089271,-9.828721869344E-02,0.));
#242 = ADVANCED_FACE('',(#243),#268,.T.);
#243 = FACE_BOUND('',#244,.T.);
#244 = EDGE_LOOP('',(#245,#246,#254,#262));
#245 = ORIENTED_EDGE('',*,*,#224,.T.);
#246 = ORIENTED_EDGE('',*,*,#247,.T.);
#247 = EDGE_CURVE('',#217,#248,#250,.T.);
#248 = VERTEX_POINT('',#249);
#249 = CARTESIAN_POINT('',(2.377,8.001,0.4103624));
#250 = LINE('',#251,#252);
#251 = CARTESIAN_POINT('',(2.459,8.001,0.4103624));
#252 = VECTOR('',#253,1.);
#253 = DIRECTION('',(-1.,0.,0.));
#254 = ORIENTED_EDGE('',*,*,#255,.F.);
#255 = EDGE_CURVE('',#256,#248,#258,.T.);
#256 = VERTEX_POINT('',#257);
#257 = CARTESIAN_POINT('',(2.377,8.001,0.));
#258 = LINE('',#259,#260);
#259 = CARTESIAN_POINT('',(2.377,8.001,0.));
#260 = VECTOR('',#261,1.);
#261 = DIRECTION('',(0.,0.,1.));
#262 = ORIENTED_EDGE('',*,*,#263,.F.);
#263 = EDGE_CURVE('',#225,#256,#264,.T.);
#264 = LINE('',#265,#266);
#265 = CARTESIAN_POINT('',(2.459,8.001,0.));
#266 = VECTOR('',#267,1.);
#267 = DIRECTION('',(-1.,0.,0.));
#268 = PLANE('',#269);
#269 = AXIS2_PLACEMENT_3D('',#270,#271,#272);
#270 = CARTESIAN_POINT('',(2.459,8.001,0.));
#271 = DIRECTION('',(0.,-1.,0.));
#272 = DIRECTION('',(-1.,0.,0.));
#273 = ADVANCED_FACE('',(#274),#299,.T.);
#274 = FACE_BOUND('',#275,.T.);
#275 = EDGE_LOOP('',(#276,#277,#285,#293));
#276 = ORIENTED_EDGE('',*,*,#255,.T.);
#277 = ORIENTED_EDGE('',*,*,#278,.T.);
#278 = EDGE_CURVE('',#248,#279,#281,.T.);
#279 = VERTEX_POINT('',#280);
#280 = CARTESIAN_POINT('',(2.297,7.985,0.4103624));
#281 = LINE('',#282,#283);
#282 = CARTESIAN_POINT('',(2.377,8.001,0.4103624));
#283 = VECTOR('',#284,1.);
#284 = DIRECTION('',(-0.980580675691,-0.196116135138,0.));
#285 = ORIENTED_EDGE('',*,*,#286,.F.);
#286 = EDGE_CURVE('',#287,#279,#289,.T.);
#287 = VERTEX_POINT('',#288);
#288 = CARTESIAN_POINT('',(2.297,7.985,0.));
#289 = LINE('',#290,#291);
#290 = CARTESIAN_POINT('',(2.297,7.985,0.));
#291 = VECTOR('',#292,1.);
#292 = DIRECTION('',(0.,0.,1.));
#293 = ORIENTED_EDGE('',*,*,#294,.F.);
#294 = EDGE_CURVE('',#256,#287,#295,.T.);
#295 = LINE('',#296,#297);
#296 = CARTESIAN_POINT('',(2.377,8.001,0.));
#297 = VECTOR('',#298,1.);
#298 = DIRECTION('',(-0.980580675691,-0.196116135138,0.));
#299 = PLANE('',#300);
#300 = AXIS2_PLACEMENT_3D('',#301,#302,#303);
#301 = CARTESIAN_POINT('',(2.377,8.001,0.));
#302 = DIRECTION('',(0.196116135138,-0.980580675691,0.));
#303 = DIRECTION('',(-0.980580675691,-0.196116135138,0.));
#304 = ADVANCED_FACE('',(#305),#330,.T.);
#305 = FACE_BOUND('',#306,.T.);
#306 = EDGE_LOOP('',(#307,#308,#316,#324));
#307 = ORIENTED_EDGE('',*,*,#286,.T.);
#308 = ORIENTED_EDGE('',*,*,#309,.T.);
#309 = EDGE_CURVE('',#279,#310,#312,.T.);
#310 = VERTEX_POINT('',#311);
#311 = CARTESIAN_POINT('',(2.216,7.977,0.4103624));
#312 = LINE('',#313,#314);
#313 = CARTESIAN_POINT('',(2.297,7.985,0.4103624));
#314 = VECTOR('',#315,1.);
#315 = DIRECTION('',(-0.995158089271,-9.828721869343E-02,0.));
#316 = ORIENTED_EDGE('',*,*,#317,.F.);
#317 = EDGE_CURVE('',#318,#310,#320,.T.);
#318 = VERTEX_POINT('',#319);
#319 = CARTESIAN_POINT('',(2.216,7.977,0.));
#320 = LINE('',#321,#322);
#321 = CARTESIAN_POINT('',(2.216,7.977,0.));
#322 = VECTOR('',#323,1.);
#323 = DIRECTION('',(0.,0.,1.));
#324 = ORIENTED_EDGE('',*,*,#325,.F.);
#325 = EDGE_CURVE('',#287,#318,#326,.T.);
#326 = LINE('',#327,#328);
#327 = CARTESIAN_POINT('',(2.297,7.985,0.));
#328 = VECTOR('',#329,1.);
#329 = DIRECTION('',(-0.995158089271,-9.828721869343E-02,0.));
#330 = PLANE('',#331);
#331 = AXIS2_PLACEMENT_3D('',#332,#333,#334);
#332 = CARTESIAN_POINT('',(2.297,7.985,0.));
#333 = DIRECTION('',(9.828721869343E-02,-0.995158089271,0.));
#334 = DIRECTION('',(-0.995158089271,-9.828721869343E-02,0.));
#335 = ADVANCED_FACE('',(#336),#361,.T.);
#336 = FACE_BOUND('',#337,.T.);
#337 = EDGE_LOOP('',(#338,#339,#347,#355));
#338 = ORIENTED_EDGE('',*,*,#317,.T.);
#339 = ORIENTED_EDGE('',*,*,#340,.T.);
#340 = EDGE_CURVE('',#310,#341,#343,.T.);
#341 = VERTEX_POINT('',#342);
#342 = CARTESIAN_POINT('',(2.138,7.953,0.4103624));
#343 = LINE('',#344,#345);
#344 = CARTESIAN_POINT('',(2.216,7.977,0.4103624));
#345 = VECTOR('',#346,1.);
#346 = DIRECTION('',(-0.955779008722,-0.294085848838,0.));
#347 = ORIENTED_EDGE('',*,*,#348,.F.);
#348 = EDGE_CURVE('',#349,#341,#351,.T.);
#349 = VERTEX_POINT('',#350);
#350 = CARTESIAN_POINT('',(2.138,7.953,0.));
#351 = LINE('',#352,#353);
#352 = CARTESIAN_POINT('',(2.138,7.953,0.));
#353 = VECTOR('',#354,1.);
#354 = DIRECTION('',(0.,0.,1.));
#355 = ORIENTED_EDGE('',*,*,#356,.F.);
#356 = EDGE_CURVE('',#318,#349,#357,.T.);
#357 = LINE('',#358,#359);
#358 = CARTESIAN_POINT('',(2.216,7.977,0.));
#359 = VECTOR('',#360,1.);
#360 = DIRECTION('',(-0.955779008722,-0.294085848838,0.));
#361 = PLANE('',#362);
#362 = AXIS2_PLACEMENT_3D('',#363,#364,#365);
#363 = CARTESIAN_POINT('',(2.216,7.977,0.));
#364 = DIRECTION('',(0.294085848838,-0.955779008722,0.));
#365 = DIRECTION('',(-0.955779008722,-0.294085848838,0.));
#366 = ADVANCED_FACE('',(#367),#392,.T.);
#367 = FACE_BOUND('',#368,.T.);
#368 = EDGE_LOOP('',(#369,#370,#378,#386));
#369 = ORIENTED_EDGE('',*,*,#348,.T.);
#370 = ORIENTED_EDGE('',*,*,#371,.T.);
#371 = EDGE_CURVE('',#341,#372,#374,.T.);
#372 = VERTEX_POINT('',#373);
#373 = CARTESIAN_POINT('',(2.058,7.938,0.4103624));
#374 = LINE('',#375,#376);
#375 = CARTESIAN_POINT('',(2.138,7.953,0.4103624));
#376 = VECTOR('',#377,1.);
#377 = DIRECTION('',(-0.982872186934,-0.18428853505,0.));
#378 = ORIENTED_EDGE('',*,*,#379,.F.);
#379 = EDGE_CURVE('',#380,#372,#382,.T.);
#380 = VERTEX_POINT('',#381);
#381 = CARTESIAN_POINT('',(2.058,7.938,0.));
#382 = LINE('',#383,#384);
#383 = CARTESIAN_POINT('',(2.058,7.938,0.));
#384 = VECTOR('',#385,1.);
#385 = DIRECTION('',(0.,0.,1.));
#386 = ORIENTED_EDGE('',*,*,#387,.F.);
#387 = EDGE_CURVE('',#349,#380,#388,.T.);
#388 = LINE('',#389,#390);
#389 = CARTESIAN_POINT('',(2.138,7.953,0.));
#390 = VECTOR('',#391,1.);
#391 = DIRECTION('',(-0.982872186934,-0.18428853505,0.));
#392 = PLANE('',#393);
#393 = AXIS2_PLACEMENT_3D('',#394,#395,#396);
#394 = CARTESIAN_POINT('',(2.138,7.953,0.));
#395 = DIRECTION('',(0.18428853505,-0.982872186934,0.));
#396 = DIRECTION('',(-0.982872186934,-0.18428853505,0.));
#397 = ADVANCED_FACE('',(#398),#423,.T.);
#398 = FACE_BOUND('',#399,.T.);
#399 = EDGE_LOOP('',(#400,#401,#409,#417));
#400 = ORIENTED_EDGE('',*,*,#379,.T.);
#401 = ORIENTED_EDGE('',*,*,#402,.T.);
#402 = EDGE_CURVE('',#372,#403,#405,.T.);
#403 = VERTEX_POINT('',#404);
#404 = CARTESIAN_POINT('',(1.983,7.906,0.4103624));
#405 = LINE('',#406,#407);
#406 = CARTESIAN_POINT('',(2.058,7.938,0.4103624));
#407 = VECTOR('',#408,1.);
#408 = DIRECTION('',(-0.919778168081,-0.392438685048,0.));
#409 = ORIENTED_EDGE('',*,*,#410,.F.);
#410 = EDGE_CURVE('',#411,#403,#413,.T.);
#411 = VERTEX_POINT('',#412);
#412 = CARTESIAN_POINT('',(1.983,7.906,0.));
#413 = LINE('',#414,#415);
#414 = CARTESIAN_POINT('',(1.983,7.906,0.));
#415 = VECTOR('',#416,1.);
#416 = DIRECTION('',(0.,0.,1.));
#417 = ORIENTED_EDGE('',*,*,#418,.F.);
#418 = EDGE_CURVE('',#380,#411,#419,.T.);
#419 = LINE('',#420,#421);
#420 = CARTESIAN_POINT('',(2.058,7.938,0.));
#421 = VECTOR('',#422,1.);
#422 = DIRECTION('',(-0.919778168081,-0.392438685048,0.));
#423 = PLANE('',#424);
#424 = AXIS2_PLACEMENT_3D('',#425,#426,#427);
#425 = CARTESIAN_POINT('',(2.058,7.938,0.));
#426 = DIRECTION('',(0.392438685048,-0.919778168081,0.));
#427 = DIRECTION('',(-0.919778168081,-0.392438685048,0.));
#428 = ADVANCED_FACE('',(#429),#454,.T.);
#429 = FACE_BOUND('',#430,.T.);
#430 = EDGE_LOOP('',(#431,#432,#440,#448));
#431 = ORIENTED_EDGE('',*,*,#410,.T.);
#432 = ORIENTED_EDGE('',*,*,#433,.T.);
#433 = EDGE_CURVE('',#403,#434,#436,.T.);
#434 = VERTEX_POINT('',#435);
#435 = CARTESIAN_POINT('',(1.905,7.883,0.4103624));
#436 = LINE('',#437,#438);
#437 = CARTESIAN_POINT('',(1.983,7.906,0.4103624));
#438 = VECTOR('',#439,1.);
#439 = DIRECTION('',(-0.959169457756,-0.282832019595,0.));
#440 = ORIENTED_EDGE('',*,*,#441,.F.);
#441 = EDGE_CURVE('',#442,#434,#444,.T.);
#442 = VERTEX_POINT('',#443);
#443 = CARTESIAN_POINT('',(1.905,7.883,0.));
#444 = LINE('',#445,#446);
#445 = CARTESIAN_POINT('',(1.905,7.883,0.));
#446 = VECTOR('',#447,1.);
#447 = DIRECTION('',(0.,0.,1.));
#448 = ORIENTED_EDGE('',*,*,#449,.F.);
#449 = EDGE_CURVE('',#411,#442,#450,.T.);
#450 = LINE('',#451,#452);
#451 = CARTESIAN_POINT('',(1.983,7.906,0.));
#452 = VECTOR('',#453,1.);
#453 = DIRECTION('',(-0.959169457756,-0.282832019595,0.));
#454 = PLANE('',#455);
#455 = AXIS2_PLACEMENT_3D('',#456,#457,#458);
#456 = CARTESIAN_POINT('',(1.983,7.906,0.));
#457 = DIRECTION('',(0.282832019595,-0.959169457756,0.));
#458 = DIRECTION('',(-0.959169457756,-0.282832019595,0.));
#459 = ADVANCED_FACE('',(#460),#485,.T.);
#460 = FACE_BOUND('',#461,.T.);
#461 = EDGE_LOOP('',(#462,#463,#471,#479));
#462 = ORIENTED_EDGE('',*,*,#441,.T.);
#463 = ORIENTED_EDGE('',*,*,#464,.T.);
#464 = EDGE_CURVE('',#434,#465,#467,.T.);
#465 = VERTEX_POINT('',#466);
#466 = CARTESIAN_POINT('',(1.833,7.844,0.4103624));
#467 = LINE('',#468,#469);
#468 = CARTESIAN_POINT('',(1.905,7.883,0.4103624));
#469 = VECTOR('',#470,1.);
#470 = DIRECTION('',(-0.879291966537,-0.476283148541,0.));
#471 = ORIENTED_EDGE('',*,*,#472,.F.);
#472 = EDGE_CURVE('',#473,#465,#475,.T.);
#473 = VERTEX_POINT('',#474);
#474 = CARTESIAN_POINT('',(1.833,7.844,0.));
#475 = LINE('',#476,#477);
#476 = CARTESIAN_POINT('',(1.833,7.844,0.));
#477 = VECTOR('',#478,1.);
#478 = DIRECTION('',(0.,0.,1.));
#479 = ORIENTED_EDGE('',*,*,#480,.F.);
#480 = EDGE_CURVE('',#442,#473,#481,.T.);
#481 = LINE('',#482,#483);
#482 = CARTESIAN_POINT('',(1.905,7.883,0.));
#483 = VECTOR('',#484,1.);
#484 = DIRECTION('',(-0.879291966537,-0.476283148541,0.));
#485 = PLANE('',#486);
#486 = AXIS2_PLACEMENT_3D('',#487,#488,#489);
#487 = CARTESIAN_POINT('',(1.905,7.883,0.));
#488 = DIRECTION('',(0.476283148541,-0.879291966537,0.));
#489 = DIRECTION('',(-0.879291966537,-0.476283148541,0.));
#490 = ADVANCED_FACE('',(#491),#516,.T.);
#491 = FACE_BOUND('',#492,.T.);
#492 = EDGE_LOOP('',(#493,#494,#502,#510));
#493 = ORIENTED_EDGE('',*,*,#472,.T.);
#494 = ORIENTED_EDGE('',*,*,#495,.T.);
#495 = EDGE_CURVE('',#465,#496,#498,.T.);
#496 = VERTEX_POINT('',#497);
#497 = CARTESIAN_POINT('',(1.758,7.813,0.4103624));
#498 = LINE('',#499,#500);
#499 = CARTESIAN_POINT('',(1.833,7.844,0.4103624));
#500 = VECTOR('',#501,1.);
#501 = DIRECTION('',(-0.924166879681,-0.381988976935,0.));
#502 = ORIENTED_EDGE('',*,*,#503,.F.);
#503 = EDGE_CURVE('',#504,#496,#506,.T.);
#504 = VERTEX_POINT('',#505);
#505 = CARTESIAN_POINT('',(1.758,7.813,0.));
#506 = LINE('',#507,#508);
#507 = CARTESIAN_POINT('',(1.758,7.813,0.));
#508 = VECTOR('',#509,1.);
#509 = DIRECTION('',(0.,0.,1.));
#510 = ORIENTED_EDGE('',*,*,#511,.F.);
#511 = EDGE_CURVE('',#473,#504,#512,.T.);
#512 = LINE('',#513,#514);
#513 = CARTESIAN_POINT('',(1.833,7.844,0.));
#514 = VECTOR('',#515,1.);
#515 = DIRECTION('',(-0.924166879681,-0.381988976935,0.));
#516 = PLANE('',#517);
#517 = AXIS2_PLACEMENT_3D('',#518,#519,#520);
#518 = CARTESIAN_POINT('',(1.833,7.844,0.));
#519 = DIRECTION('',(0.381988976935,-0.924166879681,0.));
#520 = DIRECTION('',(-0.924166879681,-0.381988976935,0.));
#521 = ADVANCED_FACE('',(#522),#547,.T.);
#522 = FACE_BOUND('',#523,.T.);
#523 = EDGE_LOOP('',(#524,#525,#533,#541));
#524 = ORIENTED_EDGE('',*,*,#503,.T.);
#525 = ORIENTED_EDGE('',*,*,#526,.T.);
#526 = EDGE_CURVE('',#496,#527,#529,.T.);
#527 = VERTEX_POINT('',#528);
#528 = CARTESIAN_POINT('',(1.69,7.768,0.4103624));
#529 = LINE('',#530,#531);
#530 = CARTESIAN_POINT('',(1.758,7.813,0.4103624));
#531 = VECTOR('',#532,1.);
#532 = DIRECTION('',(-0.833932205727,-0.551866900848,0.));
#533 = ORIENTED_EDGE('',*,*,#534,.F.);
#534 = EDGE_CURVE('',#535,#527,#537,.T.);
#535 = VERTEX_POINT('',#536);
#536 = CARTESIAN_POINT('',(1.69,7.768,0.));
#537 = LINE('',#538,#539);
#538 = CARTESIAN_POINT('',(1.69,7.768,0.));
#539 = VECTOR('',#540,1.);
#540 = DIRECTION('',(0.,0.,1.));
#541 = ORIENTED_EDGE('',*,*,#542,.F.);
#542 = EDGE_CURVE('',#504,#535,#543,.T.);
#543 = LINE('',#544,#545);
#544 = CARTESIAN_POINT('',(1.758,7.813,0.));
#545 = VECTOR('',#546,1.);
#546 = DIRECTION('',(-0.833932205727,-0.551866900848,0.));
#547 = PLANE('',#548);
#548 = AXIS2_PLACEMENT_3D('',#549,#550,#551);
#549 = CARTESIAN_POINT('',(1.758,7.813,0.));
#550 = DIRECTION('',(0.551866900848,-0.833932205727,0.));
#551 = DIRECTION('',(-0.833932205727,-0.551866900848,0.));
#552 = ADVANCED_FACE('',(#553),#578,.T.);
#553 = FACE_BOUND('',#554,.T.);
#554 = EDGE_LOOP('',(#555,#556,#564,#572));
#555 = ORIENTED_EDGE('',*,*,#534,.T.);
#556 = ORIENTED_EDGE('',*,*,#557,.T.);
#557 = EDGE_CURVE('',#527,#558,#560,.T.);
#558 = VERTEX_POINT('',#559);
#559 = CARTESIAN_POINT('',(1.618,7.729,0.4103624));
#560 = LINE('',#561,#562);
#561 = CARTESIAN_POINT('',(1.69,7.768,0.4103624));
#562 = VECTOR('',#563,1.);
#563 = DIRECTION('',(-0.879291966537,-0.476283148541,0.));
#564 = ORIENTED_EDGE('',*,*,#565,.F.);
#565 = EDGE_CURVE('',#566,#558,#568,.T.);
#566 = VERTEX_POINT('',#567);
#567 = CARTESIAN_POINT('',(1.618,7.729,0.));
#568 = LINE('',#569,#570);
#569 = CARTESIAN_POINT('',(1.618,7.729,0.));
#570 = VECTOR('',#571,1.);
#571 = DIRECTION('',(0.,0.,1.));
#572 = ORIENTED_EDGE('',*,*,#573,.F.);
#573 = EDGE_CURVE('',#535,#566,#574,.T.);
#574 = LINE('',#575,#576);
#575 = CARTESIAN_POINT('',(1.69,7.768,0.));
#576 = VECTOR('',#577,1.);
#577 = DIRECTION('',(-0.879291966537,-0.476283148541,0.));
#578 = PLANE('',#579);
#579 = AXIS2_PLACEMENT_3D('',#580,#581,#582);
#580 = CARTESIAN_POINT('',(1.69,7.768,0.));
#581 = DIRECTION('',(0.476283148541,-0.879291966537,0.));
#582 = DIRECTION('',(-0.879291966537,-0.476283148541,0.));
#583 = ADVANCED_FACE('',(#584),#609,.T.);
#584 = FACE_BOUND('',#585,.T.);
#585 = EDGE_LOOP('',(#586,#587,#595,#603));
#586 = ORIENTED_EDGE('',*,*,#565,.T.);
#587 = ORIENTED_EDGE('',*,*,#588,.T.);
#588 = EDGE_CURVE('',#558,#589,#591,.T.);
#589 = VERTEX_POINT('',#590);
#590 = CARTESIAN_POINT('',(1.555,7.678,0.4103624));
#591 = LINE('',#592,#593);
#592 = CARTESIAN_POINT('',(1.618,7.729,0.4103624));
#593 = VECTOR('',#594,1.);
#594 = DIRECTION('',(-0.777244870707,-0.629198228668,0.));
#595 = ORIENTED_EDGE('',*,*,#596,.F.);
#596 = EDGE_CURVE('',#597,#589,#599,.T.);
#597 = VERTEX_POINT('',#598);
#598 = CARTESIAN_POINT('',(1.555,7.678,0.));
#599 = LINE('',#600,#601);
#600 = CARTESIAN_POINT('',(1.555,7.678,0.));
#601 = VECTOR('',#602,1.);
#602 = DIRECTION('',(0.,0.,1.));
#603 = ORIENTED_EDGE('',*,*,#604,.F.);
#604 = EDGE_CURVE('',#566,#597,#605,.T.);
#605 = LINE('',#606,#607);
#606 = CARTESIAN_POINT('',(1.618,7.729,0.));
#607 = VECTOR('',#608,1.);
#608 = DIRECTION('',(-0.777244870707,-0.629198228668,0.));
#609 = PLANE('',#610);
#610 = AXIS2_PLACEMENT_3D('',#611,#612,#613);
#611 = CARTESIAN_POINT('',(1.618,7.729,0.));
#612 = DIRECTION('',(0.629198228668,-0.777244870707,0.));
#613 = DIRECTION('',(-0.777244870707,-0.629198228668,0.));
#614 = ADVANCED_FACE('',(#615),#640,.T.);
#615 = FACE_BOUND('',#616,.T.);
#616 = EDGE_LOOP('',(#617,#618,#626,#634));
#617 = ORIENTED_EDGE('',*,*,#596,.T.);
#618 = ORIENTED_EDGE('',*,*,#619,.T.);
#619 = EDGE_CURVE('',#589,#620,#622,.T.);
#620 = VERTEX_POINT('',#621);
#621 = CARTESIAN_POINT('',(1.488,7.632,0.4103624));
#622 = LINE('',#623,#624);
#623 = CARTESIAN_POINT('',(1.555,7.678,0.4103624));
#624 = VECTOR('',#625,1.);
#625 = DIRECTION('',(-0.824400775661,-0.566006502692,0.));
#626 = ORIENTED_EDGE('',*,*,#627,.F.);
#627 = EDGE_CURVE('',#628,#620,#630,.T.);
#628 = VERTEX_POINT('',#629);
#629 = CARTESIAN_POINT('',(1.488,7.632,0.));
#630 = LINE('',#631,#632);
#631 = CARTESIAN_POINT('',(1.488,7.632,0.));
#632 = VECTOR('',#633,1.);
#633 = DIRECTION('',(0.,0.,1.));
#634 = ORIENTED_EDGE('',*,*,#635,.F.);
#635 = EDGE_CURVE('',#597,#628,#636,.T.);
#636 = LINE('',#637,#638);
#637 = CARTESIAN_POINT('',(1.555,7.678,0.));
#638 = VECTOR('',#639,1.);
#639 = DIRECTION('',(-0.824400775661,-0.566006502692,0.));
#640 = PLANE('',#641);
#641 = AXIS2_PLACEMENT_3D('',#642,#643,#644);
#642 = CARTESIAN_POINT('',(1.555,7.678,0.));
#643 = DIRECTION('',(0.566006502692,-0.824400775661,0.));
#644 = DIRECTION('',(-0.824400775661,-0.566006502692,0.));
#645 = ADVANCED_FACE('',(#646),#671,.T.);
#646 = FACE_BOUND('',#647,.T.);
#647 = EDGE_LOOP('',(#648,#649,#657,#665));
#648 = ORIENTED_EDGE('',*,*,#627,.T.);
#649 = ORIENTED_EDGE('',*,*,#650,.T.);
#650 = EDGE_CURVE('',#620,#651,#653,.T.);
#651 = VERTEX_POINT('',#652);
#652 = CARTESIAN_POINT('',(1.43,7.575,0.4103624));
#653 = LINE('',#654,#655);
#654 = CARTESIAN_POINT('',(1.488,7.632,0.4103624));
#655 = VECTOR('',#656,1.);
#656 = DIRECTION('',(-0.713228571152,-0.700931526822,0.));
#657 = ORIENTED_EDGE('',*,*,#658,.F.);
#658 = EDGE_CURVE('',#659,#651,#661,.T.);
#659 = VERTEX_POINT('',#660);
#660 = CARTESIAN_POINT('',(1.43,7.575,0.));
#661 = LINE('',#662,#663);
#662 = CARTESIAN_POINT('',(1.43,7.575,0.));
#663 = VECTOR('',#664,1.);
#664 = DIRECTION('',(0.,0.,1.));
#665 = ORIENTED_EDGE('',*,*,#666,.F.);
#666 = EDGE_CURVE('',#628,#659,#667,.T.);
#667 = LINE('',#668,#669);
#668 = CARTESIAN_POINT('',(1.488,7.632,0.));
#669 = VECTOR('',#670,1.);
#670 = DIRECTION('',(-0.713228571152,-0.700931526822,0.));
#671 = PLANE('',#672);
#672 = AXIS2_PLACEMENT_3D('',#673,#674,#675);
#673 = CARTESIAN_POINT('',(1.488,7.632,0.));
#674 = DIRECTION('',(0.700931526822,-0.713228571152,0.));
#675 = DIRECTION('',(-0.713228571152,-0.700931526822,0.));
#676 = ADVANCED_FACE('',(#677),#702,.T.);
#677 = FACE_BOUND('',#678,.T.);
#678 = EDGE_LOOP('',(#679,#680,#688,#696));
#679 = ORIENTED_EDGE('',*,*,#658,.T.);
#680 = ORIENTED_EDGE('',*,*,#681,.T.);
#681 = EDGE_CURVE('',#651,#682,#684,.T.);
#682 = VERTEX_POINT('',#683);
#683 = CARTESIAN_POINT('',(1.367,7.523,0.4103624));
#684 = LINE('',#685,#686);
#685 = CARTESIAN_POINT('',(1.43,7.575,0.4103624));
#686 = VECTOR('',#687,1.);
#687 = DIRECTION('',(-0.771223025002,-0.63656503651,0.));
#688 = ORIENTED_EDGE('',*,*,#689,.F.);
#689 = EDGE_CURVE('',#690,#682,#692,.T.);
#690 = VERTEX_POINT('',#691);
#691 = CARTESIAN_POINT('',(1.367,7.523,0.));
#692 = LINE('',#693,#694);
#693 = CARTESIAN_POINT('',(1.367,7.523,0.));
#694 = VECTOR('',#695,1.);
#695 = DIRECTION('',(0.,0.,1.));
#696 = ORIENTED_EDGE('',*,*,#697,.F.);
#697 = EDGE_CURVE('',#659,#690,#698,.T.);
#698 = LINE('',#699,#700);
#699 = CARTESIAN_POINT('',(1.43,7.575,0.));
#700 = VECTOR('',#701,1.);
#701 = DIRECTION('',(-0.771223025002,-0.63656503651,0.));
#702 = PLANE('',#703);
#703 = AXIS2_PLACEMENT_3D('',#704,#705,#706);
#704 = CARTESIAN_POINT('',(1.43,7.575,0.));
#705 = DIRECTION('',(0.63656503651,-0.771223025002,0.));
#706 = DIRECTION('',(-0.771223025002,-0.63656503651,0.));
#707 = ADVANCED_FACE('',(#708),#733,.T.);
#708 = FACE_BOUND('',#709,.T.);
#709 = EDGE_LOOP('',(#710,#711,#719,#727));
#710 = ORIENTED_EDGE('',*,*,#689,.T.);
#711 = ORIENTED_EDGE('',*,*,#712,.T.);
#712 = EDGE_CURVE('',#682,#713,#715,.T.);
#713 = VERTEX_POINT('',#714);
#714 = CARTESIAN_POINT('',(1.315,7.46,0.4103624));
#715 = LINE('',#716,#717);
#716 = CARTESIAN_POINT('',(1.367,7.523,0.4103624));
#717 = VECTOR('',#718,1.);
#718 = DIRECTION('',(-0.63656503651,-0.771223025002,0.));
#719 = ORIENTED_EDGE('',*,*,#720,.F.);
#720 = EDGE_CURVE('',#721,#713,#723,.T.);
#721 = VERTEX_POINT('',#722);
#722 = CARTESIAN_POINT('',(1.315,7.46,0.));
#723 = LINE('',#724,#725);
#724 = CARTESIAN_POINT('',(1.315,7.46,0.));
#725 = VECTOR('',#726,1.);
#726 = DIRECTION('',(0.,0.,1.));
#727 = ORIENTED_EDGE('',*,*,#728,.F.);
#728 = EDGE_CURVE('',#690,#721,#729,.T.);
#729 = LINE('',#730,#731);
#730 = CARTESIAN_POINT('',(1.367,7.523,0.));
#731 = VECTOR('',#732,1.);
#732 = DIRECTION('',(-0.63656503651,-0.771223025002,0.));
#733 = PLANE('',#734);
#734 = AXIS2_PLACEMENT_3D('',#735,#736,#737);
#735 = CARTESIAN_POINT('',(1.367,7.523,0.));
#736 = DIRECTION('',(0.771223025002,-0.63656503651,0.));
#737 = DIRECTION('',(-0.63656503651,-0.771223025002,0.));
#738 = ADVANCED_FACE('',(#739),#764,.T.);
#739 = FACE_BOUND('',#740,.T.);
#740 = EDGE_LOOP('',(#741,#742,#750,#758));
#741 = ORIENTED_EDGE('',*,*,#720,.T.);
#742 = ORIENTED_EDGE('',*,*,#743,.T.);
#743 = EDGE_CURVE('',#713,#744,#746,.T.);
#744 = VERTEX_POINT('',#745);
#745 = CARTESIAN_POINT('',(1.258,7.402,0.4103624));
#746 = LINE('',#747,#748);
#747 = CARTESIAN_POINT('',(1.315,7.46,0.4103624));
#748 = VECTOR('',#749,1.);
#749 = DIRECTION('',(-0.700931526822,-0.713228571152,0.));
#750 = ORIENTED_EDGE('',*,*,#751,.F.);
#751 = EDGE_CURVE('',#752,#744,#754,.T.);
#752 = VERTEX_POINT('',#753);
#753 = CARTESIAN_POINT('',(1.258,7.402,0.));
#754 = LINE('',#755,#756);
#755 = CARTESIAN_POINT('',(1.258,7.402,0.));
#756 = VECTOR('',#757,1.);
#757 = DIRECTION('',(0.,0.,1.));
#758 = ORIENTED_EDGE('',*,*,#759,.F.);
#759 = EDGE_CURVE('',#721,#752,#760,.T.);
#760 = LINE('',#761,#762);
#761 = CARTESIAN_POINT('',(1.315,7.46,0.));
#762 = VECTOR('',#763,1.);
#763 = DIRECTION('',(-0.700931526822,-0.713228571152,0.));
#764 = PLANE('',#765);
#765 = AXIS2_PLACEMENT_3D('',#766,#767,#768);
#766 = CARTESIAN_POINT('',(1.315,7.46,0.));
#767 = DIRECTION('',(0.713228571152,-0.700931526822,0.));
#768 = DIRECTION('',(-0.700931526822,-0.713228571152,0.));
#769 = ADVANCED_FACE('',(#770),#795,.T.);
#770 = FACE_BOUND('',#771,.T.);
#771 = EDGE_LOOP('',(#772,#773,#781,#789));
#772 = ORIENTED_EDGE('',*,*,#751,.T.);
#773 = ORIENTED_EDGE('',*,*,#774,.T.);
#774 = EDGE_CURVE('',#744,#775,#777,.T.);
#775 = VERTEX_POINT('',#776);
#776 = CARTESIAN_POINT('',(1.212,7.335,0.4103624));
#777 = LINE('',#778,#779);
#778 = CARTESIAN_POINT('',(1.258,7.402,0.4103624));
#779 = VECTOR('',#780,1.);
#780 = DIRECTION('',(-0.566006502692,-0.824400775661,0.));
#781 = ORIENTED_EDGE('',*,*,#782,.F.);
#782 = EDGE_CURVE('',#783,#775,#785,.T.);
#783 = VERTEX_POINT('',#784);
#784 = CARTESIAN_POINT('',(1.212,7.335,0.));
#785 = LINE('',#786,#787);
#786 = CARTESIAN_POINT('',(1.212,7.335,0.));
#787 = VECTOR('',#788,1.);
#788 = DIRECTION('',(0.,0.,1.));
#789 = ORIENTED_EDGE('',*,*,#790,.F.);
#790 = EDGE_CURVE('',#752,#783,#791,.T.);
#791 = LINE('',#792,#793);
#792 = CARTESIAN_POINT('',(1.258,7.402,0.));
#793 = VECTOR('',#794,1.);
#794 = DIRECTION('',(-0.566006502692,-0.824400775661,0.));
#795 = PLANE('',#796);
#796 = AXIS2_PLACEMENT_3D('',#797,#798,#799);
#797 = CARTESIAN_POINT('',(1.258,7.402,0.));
#798 = DIRECTION('',(0.824400775661,-0.566006502692,0.));
#799 = DIRECTION('',(-0.566006502692,-0.824400775661,0.));
#800 = ADVANCED_FACE('',(#801),#826,.T.);
#801 = FACE_BOUND('',#802,.T.);
#802 = EDGE_LOOP('',(#803,#804,#812,#820));
#803 = ORIENTED_EDGE('',*,*,#782,.T.);
#804 = ORIENTED_EDGE('',*,*,#805,.T.);
#805 = EDGE_CURVE('',#775,#806,#808,.T.);
#806 = VERTEX_POINT('',#807);
#807 = CARTESIAN_POINT('',(1.161,7.272,0.4103624));
#808 = LINE('',#809,#810);
#809 = CARTESIAN_POINT('',(1.212,7.335,0.4103624));
#810 = VECTOR('',#811,1.);
#811 = DIRECTION('',(-0.629198228668,-0.777244870707,0.));
#812 = ORIENTED_EDGE('',*,*,#813,.F.);
#813 = EDGE_CURVE('',#814,#806,#816,.T.);
#814 = VERTEX_POINT('',#815);
#815 = CARTESIAN_POINT('',(1.161,7.272,0.));
#816 = LINE('',#817,#818);
#817 = CARTESIAN_POINT('',(1.161,7.272,0.));
#818 = VECTOR('',#819,1.);
#819 = DIRECTION('',(0.,0.,1.));
#820 = ORIENTED_EDGE('',*,*,#821,.F.);
#821 = EDGE_CURVE('',#783,#814,#822,.T.);
#822 = LINE('',#823,#824);
#823 = CARTESIAN_POINT('',(1.212,7.335,0.));
#824 = VECTOR('',#825,1.);
#825 = DIRECTION('',(-0.629198228668,-0.777244870707,0.));
#826 = PLANE('',#827);
#827 = AXIS2_PLACEMENT_3D('',#828,#829,#830);
#828 = CARTESIAN_POINT('',(1.212,7.335,0.));
#829 = DIRECTION('',(0.777244870707,-0.629198228668,0.));
#830 = DIRECTION('',(-0.629198228668,-0.777244870707,0.));
#831 = ADVANCED_FACE('',(#832),#857,.T.);
#832 = FACE_BOUND('',#833,.T.);
#833 = EDGE_LOOP('',(#834,#835,#843,#851));
#834 = ORIENTED_EDGE('',*,*,#813,.T.);
#835 = ORIENTED_EDGE('',*,*,#836,.T.);
#836 = EDGE_CURVE('',#806,#837,#839,.T.);
#837 = VERTEX_POINT('',#838);
#838 = CARTESIAN_POINT('',(1.122,7.2,0.4103624));
#839 = LINE('',#840,#841);
#840 = CARTESIAN_POINT('',(1.161,7.272,0.4103624));
#841 = VECTOR('',#842,1.);
#842 = DIRECTION('',(-0.476283148541,-0.879291966537,0.));
#843 = ORIENTED_EDGE('',*,*,#844,.F.);
#844 = EDGE_CURVE('',#845,#837,#847,.T.);
#845 = VERTEX_POINT('',#846);
#846 = CARTESIAN_POINT('',(1.122,7.2,0.));
#847 = LINE('',#848,#849);
#848 = CARTESIAN_POINT('',(1.122,7.2,0.));
#849 = VECTOR('',#850,1.);
#850 = DIRECTION('',(0.,0.,1.));
#851 = ORIENTED_EDGE('',*,*,#852,.F.);
#852 = EDGE_CURVE('',#814,#845,#853,.T.);
#853 = LINE('',#854,#855);
#854 = CARTESIAN_POINT('',(1.161,7.272,0.));
#855 = VECTOR('',#856,1.);
#856 = DIRECTION('',(-0.476283148541,-0.879291966537,0.));
#857 = PLANE('',#858);
#858 = AXIS2_PLACEMENT_3D('',#859,#860,#861);
#859 = CARTESIAN_POINT('',(1.161,7.272,0.));
#860 = DIRECTION('',(0.879291966537,-0.476283148541,0.));
#861 = DIRECTION('',(-0.476283148541,-0.879291966537,0.));
#862 = ADVANCED_FACE('',(#863),#888,.T.);
#863 = FACE_BOUND('',#864,.T.);
#864 = EDGE_LOOP('',(#865,#866,#874,#882));
#865 = ORIENTED_EDGE('',*,*,#844,.T.);
#866 = ORIENTED_EDGE('',*,*,#867,.T.);
#867 = EDGE_CURVE('',#837,#868,#870,.T.);
#868 = VERTEX_POINT('',#869);
#869 = CARTESIAN_POINT('',(1.077,7.132,0.4103624));
#870 = LINE('',#871,#872);
#871 = CARTESIAN_POINT('',(1.122,7.2,0.4103624));
#872 = VECTOR('',#873,1.);
#873 = DIRECTION('',(-0.551866900848,-0.833932205727,0.));
#874 = ORIENTED_EDGE('',*,*,#875,.F.);
#875 = EDGE_CURVE('',#876,#868,#878,.T.);
#876 = VERTEX_POINT('',#877);
#877 = CARTESIAN_POINT('',(1.077,7.132,0.));
#878 = LINE('',#879,#880);
#879 = CARTESIAN_POINT('',(1.077,7.132,0.));
#880 = VECTOR('',#881,1.);
#881 = DIRECTION('',(0.,0.,1.));
#882 = ORIENTED_EDGE('',*,*,#883,.F.);
#883 = EDGE_CURVE('',#845,#876,#884,.T.);
#884 = LINE('',#885,#886);
#885 = CARTESIAN_POINT('',(1.122,7.2,0.));
#886 = VECTOR('',#887,1.);
#887 = DIRECTION('',(-0.551866900848,-0.833932205727,0.));
#888 = PLANE('',#889);
#889 = AXIS2_PLACEMENT_3D('',#890,#891,#892);
#890 = CARTESIAN_POINT('',(1.122,7.2,0.));
#891 = DIRECTION('',(0.833932205727,-0.551866900848,0.));
#892 = DIRECTION('',(-0.551866900848,-0.833932205727,0.));
#893 = ADVANCED_FACE('',(#894),#919,.T.);
#894 = FACE_BOUND('',#895,.T.);
#895 = EDGE_LOOP('',(#896,#897,#905,#913));
#896 = ORIENTED_EDGE('',*,*,#875,.T.);
#897 = ORIENTED_EDGE('',*,*,#898,.T.);
#898 = EDGE_CURVE('',#868,#899,#901,.T.);
#899 = VERTEX_POINT('',#900);
#900 = CARTESIAN_POINT('',(1.046,7.057,0.4103624));
#901 = LINE('',#902,#903);
#902 = CARTESIAN_POINT('',(1.077,7.132,0.4103624));
#903 = VECTOR('',#904,1.);
#904 = DIRECTION('',(-0.381988976935,-0.924166879681,0.));
#905 = ORIENTED_EDGE('',*,*,#906,.F.);
#906 = EDGE_CURVE('',#907,#899,#909,.T.);
#907 = VERTEX_POINT('',#908);
#908 = CARTESIAN_POINT('',(1.046,7.057,0.));
#909 = LINE('',#910,#911);
#910 = CARTESIAN_POINT('',(1.046,7.057,0.));
#911 = VECTOR('',#912,1.);
#912 = DIRECTION('',(0.,0.,1.));
#913 = ORIENTED_EDGE('',*,*,#914,.F.);
#914 = EDGE_CURVE('',#876,#907,#915,.T.);
#915 = LINE('',#916,#917);
#916 = CARTESIAN_POINT('',(1.077,7.132,0.));
#917 = VECTOR('',#918,1.);
#918 = DIRECTION('',(-0.381988976935,-0.924166879681,0.));
#919 = PLANE('',#920);
#920 = AXIS2_PLACEMENT_3D('',#921,#922,#923);
#921 = CARTESIAN_POINT('',(1.077,7.132,0.));
#922 = DIRECTION('',(0.924166879681,-0.381988976935,0.));
#923 = DIRECTION('',(-0.381988976935,-0.924166879681,0.));
#924 = ADVANCED_FACE('',(#925),#950,.T.);
#925 = FACE_BOUND('',#926,.T.);
#926 = EDGE_LOOP('',(#927,#928,#936,#944));
#927 = ORIENTED_EDGE('',*,*,#906,.T.);
#928 = ORIENTED_EDGE('',*,*,#929,.T.);
#929 = EDGE_CURVE('',#899,#930,#932,.T.);
#930 = VERTEX_POINT('',#931);
#931 = CARTESIAN_POINT('',(1.007,6.985,0.4103624));
#932 = LINE('',#933,#934);
#933 = CARTESIAN_POINT('',(1.046,7.057,0.4103624));
#934 = VECTOR('',#935,1.);
#935 = DIRECTION('',(-0.476283148541,-0.879291966537,0.));
#936 = ORIENTED_EDGE('',*,*,#937,.F.);
#937 = EDGE_CURVE('',#938,#930,#940,.T.);
#938 = VERTEX_POINT('',#939);
#939 = CARTESIAN_POINT('',(1.007,6.985,0.));
#940 = LINE('',#941,#942);
#941 = CARTESIAN_POINT('',(1.007,6.985,0.));
#942 = VECTOR('',#943,1.);
#943 = DIRECTION('',(0.,0.,1.));
#944 = ORIENTED_EDGE('',*,*,#945,.F.);
#945 = EDGE_CURVE('',#907,#938,#946,.T.);
#946 = LINE('',#947,#948);
#947 = CARTESIAN_POINT('',(1.046,7.057,0.));
#948 = VECTOR('',#949,1.);
#949 = DIRECTION('',(-0.476283148541,-0.879291966537,0.));
#950 = PLANE('',#951);
#951 = AXIS2_PLACEMENT_3D('',#952,#953,#954);
#952 = CARTESIAN_POINT('',(1.046,7.057,0.));
#953 = DIRECTION('',(0.879291966537,-0.476283148541,0.));
#954 = DIRECTION('',(-0.476283148541,-0.879291966537,0.));
#955 = ADVANCED_FACE('',(#956),#981,.T.);
#956 = FACE_BOUND('',#957,.T.);
#957 = EDGE_LOOP('',(#958,#959,#967,#975));
#958 = ORIENTED_EDGE('',*,*,#937,.T.);
#959 = ORIENTED_EDGE('',*,*,#960,.T.);
#960 = EDGE_CURVE('',#930,#961,#963,.T.);
#961 = VERTEX_POINT('',#962);
#962 = CARTESIAN_POINT('',(0.984,6.907,0.4103624));
#963 = LINE('',#964,#965);
#964 = CARTESIAN_POINT('',(1.007,6.985,0.4103624));
#965 = VECTOR('',#966,1.);
#966 = DIRECTION('',(-0.282832019595,-0.959169457756,0.));
#967 = ORIENTED_EDGE('',*,*,#968,.F.);
#968 = EDGE_CURVE('',#969,#961,#971,.T.);
#969 = VERTEX_POINT('',#970);
#970 = CARTESIAN_POINT('',(0.984,6.907,0.));
#971 = LINE('',#972,#973);
#972 = CARTESIAN_POINT('',(0.984,6.907,0.));
#973 = VECTOR('',#974,1.);
#974 = DIRECTION('',(0.,0.,1.));
#975 = ORIENTED_EDGE('',*,*,#976,.F.);
#976 = EDGE_CURVE('',#938,#969,#977,.T.);
#977 = LINE('',#978,#979);
#978 = CARTESIAN_POINT('',(1.007,6.985,0.));
#979 = VECTOR('',#980,1.);
#980 = DIRECTION('',(-0.282832019595,-0.959169457756,0.));
#981 = PLANE('',#982);
#982 = AXIS2_PLACEMENT_3D('',#983,#984,#985);
#983 = CARTESIAN_POINT('',(1.007,6.985,0.));
#984 = DIRECTION('',(0.959169457756,-0.282832019595,0.));
#985 = DIRECTION('',(-0.282832019595,-0.959169457756,0.));
#986 = ADVANCED_FACE('',(#987),#1012,.T.);
#987 = FACE_BOUND('',#988,.T.);
#988 = EDGE_LOOP('',(#989,#990,#998,#1006));
#989 = ORIENTED_EDGE('',*,*,#968,.T.);
#990 = ORIENTED_EDGE('',*,*,#991,.T.);
#991 = EDGE_CURVE('',#961,#992,#994,.T.);
#992 = VERTEX_POINT('',#993);
#993 = CARTESIAN_POINT('',(0.952,6.832,0.4103624));
#994 = LINE('',#995,#996);
#995 = CARTESIAN_POINT('',(0.984,6.907,0.4103624));
#996 = VECTOR('',#997,1.);
#997 = DIRECTION('',(-0.392438685048,-0.919778168081,0.));
#998 = ORIENTED_EDGE('',*,*,#999,.F.);
#999 = EDGE_CURVE('',#1000,#992,#1002,.T.);
#1000 = VERTEX_POINT('',#1001);
#1001 = CARTESIAN_POINT('',(0.952,6.832,0.));
#1002 = LINE('',#1003,#1004);
#1003 = CARTESIAN_POINT('',(0.952,6.832,0.));
#1004 = VECTOR('',#1005,1.);
#1005 = DIRECTION('',(0.,0.,1.));
#1006 = ORIENTED_EDGE('',*,*,#1007,.F.);
#1007 = EDGE_CURVE('',#969,#1000,#1008,.T.);
#1008 = LINE('',#1009,#1010);
#1009 = CARTESIAN_POINT('',(0.984,6.907,0.));
#1010 = VECTOR('',#1011,1.);
#1011 = DIRECTION('',(-0.392438685048,-0.919778168081,0.));
#1012 = PLANE('',#1013);
#1013 = AXIS2_PLACEMENT_3D('',#1014,#1015,#1016);
#1014 = CARTESIAN_POINT('',(0.984,6.907,0.));
#1015 = DIRECTION('',(0.919778168081,-0.392438685048,0.));
#1016 = DIRECTION('',(-0.392438685048,-0.919778168081,0.));
#1017 = ADVANCED_FACE('',(#1018),#1043,.T.);
#1018 = FACE_BOUND('',#1019,.T.);
#1019 = EDGE_LOOP('',(#1020,#1021,#1029,#1037));
#1020 = ORIENTED_EDGE('',*,*,#999,.T.);
#1021 = ORIENTED_EDGE('',*,*,#1022,.T.);
#1022 = EDGE_CURVE('',#992,#1023,#1025,.T.);
#1023 = VERTEX_POINT('',#1024);
#1024 = CARTESIAN_POINT('',(0.937,6.752,0.4103624));
#1025 = LINE('',#1026,#1027);
#1026 = CARTESIAN_POINT('',(0.952,6.832,0.4103624));
#1027 = VECTOR('',#1028,1.);
#1028 = DIRECTION('',(-0.18428853505,-0.982872186934,0.));
#1029 = ORIENTED_EDGE('',*,*,#1030,.F.);
#1030 = EDGE_CURVE('',#1031,#1023,#1033,.T.);
#1031 = VERTEX_POINT('',#1032);
#1032 = CARTESIAN_POINT('',(0.937,6.752,0.));
#1033 = LINE('',#1034,#1035);
#1034 = CARTESIAN_POINT('',(0.937,6.752,0.));
#1035 = VECTOR('',#1036,1.);
#1036 = DIRECTION('',(0.,0.,1.));
#1037 = ORIENTED_EDGE('',*,*,#1038,.F.);
#1038 = EDGE_CURVE('',#1000,#1031,#1039,.T.);
#1039 = LINE('',#1040,#1041);
#1040 = CARTESIAN_POINT('',(0.952,6.832,0.));
#1041 = VECTOR('',#1042,1.);
#1042 = DIRECTION('',(-0.18428853505,-0.982872186934,0.));
#1043 = PLANE('',#1044);
#1044 = AXIS2_PLACEMENT_3D('',#1045,#1046,#1047);
#1045 = CARTESIAN_POINT('',(0.952,6.832,0.));
#1046 = DIRECTION('',(0.982872186934,-0.18428853505,0.));
#1047 = DIRECTION('',(-0.18428853505,-0.982872186934,0.));
#1048 = ADVANCED_FACE('',(#1049),#1074,.T.);
#1049 = FACE_BOUND('',#1050,.T.);
#1050 = EDGE_LOOP('',(#1051,#1052,#1060,#1068));
#1051 = ORIENTED_EDGE('',*,*,#1030,.T.);
#1052 = ORIENTED_EDGE('',*,*,#1053,.T.);
#1053 = EDGE_CURVE('',#1023,#1054,#1056,.T.);
#1054 = VERTEX_POINT('',#1055);
#1055 = CARTESIAN_POINT('',(0.913,6.674,0.4103624));
#1056 = LINE('',#1057,#1058);
#1057 = CARTESIAN_POINT('',(0.937,6.752,0.4103624));
#1058 = VECTOR('',#1059,1.);
#1059 = DIRECTION('',(-0.294085848838,-0.955779008722,0.));
#1060 = ORIENTED_EDGE('',*,*,#1061,.F.);
#1061 = EDGE_CURVE('',#1062,#1054,#1064,.T.);
#1062 = VERTEX_POINT('',#1063);
#1063 = CARTESIAN_POINT('',(0.913,6.674,0.));
#1064 = LINE('',#1065,#1066);
#1065 = CARTESIAN_POINT('',(0.913,6.674,0.));
#1066 = VECTOR('',#1067,1.);
#1067 = DIRECTION('',(0.,0.,1.));
#1068 = ORIENTED_EDGE('',*,*,#1069,.F.);
#1069 = EDGE_CURVE('',#1031,#1062,#1070,.T.);
#1070 = LINE('',#1071,#1072);
#1071 = CARTESIAN_POINT('',(0.937,6.752,0.));
#1072 = VECTOR('',#1073,1.);
#1073 = DIRECTION('',(-0.294085848838,-0.955779008722,0.));
#1074 = PLANE('',#1075);
#1075 = AXIS2_PLACEMENT_3D('',#1076,#1077,#1078);
#1076 = CARTESIAN_POINT('',(0.937,6.752,0.));
#1077 = DIRECTION('',(0.955779008722,-0.294085848838,0.));
#1078 = DIRECTION('',(-0.294085848838,-0.955779008722,0.));
#1079 = ADVANCED_FACE('',(#1080),#1105,.T.);
#1080 = FACE_BOUND('',#1081,.T.);
#1081 = EDGE_LOOP('',(#1082,#1083,#1091,#1099));
#1082 = ORIENTED_EDGE('',*,*,#1061,.T.);
#1083 = ORIENTED_EDGE('',*,*,#1084,.T.);
#1084 = EDGE_CURVE('',#1054,#1085,#1087,.T.);
#1085 = VERTEX_POINT('',#1086);
#1086 = CARTESIAN_POINT('',(0.905,6.593,0.4103624));
#1087 = LINE('',#1088,#1089);
#1088 = CARTESIAN_POINT('',(0.913,6.674,0.4103624));
#1089 = VECTOR('',#1090,1.);
#1090 = DIRECTION('',(-9.828721869343E-02,-0.995158089271,0.));
#1091 = ORIENTED_EDGE('',*,*,#1092,.F.);
#1092 = EDGE_CURVE('',#1093,#1085,#1095,.T.);
#1093 = VERTEX_POINT('',#1094);
#1094 = CARTESIAN_POINT('',(0.905,6.593,0.));
#1095 = LINE('',#1096,#1097);
#1096 = CARTESIAN_POINT('',(0.905,6.593,0.));
#1097 = VECTOR('',#1098,1.);
#1098 = DIRECTION('',(0.,0.,1.));
#1099 = ORIENTED_EDGE('',*,*,#1100,.F.);
#1100 = EDGE_CURVE('',#1062,#1093,#1101,.T.);
#1101 = LINE('',#1102,#1103);
#1102 = CARTESIAN_POINT('',(0.913,6.674,0.));
#1103 = VECTOR('',#1104,1.);
#1104 = DIRECTION('',(-9.828721869343E-02,-0.995158089271,0.));
#1105 = PLANE('',#1106);
#1106 = AXIS2_PLACEMENT_3D('',#1107,#1108,#1109);
#1107 = CARTESIAN_POINT('',(0.913,6.674,0.));
#1108 = DIRECTION('',(0.995158089271,-9.828721869343E-02,0.));
#1109 = DIRECTION('',(-9.828721869343E-02,-0.995158089271,0.));
#1110 = ADVANCED_FACE('',(#1111),#1136,.T.);
#1111 = FACE_BOUND('',#1112,.T.);
#1112 = EDGE_LOOP('',(#1113,#1114,#1122,#1130));
#1113 = ORIENTED_EDGE('',*,*,#1092,.T.);
#1114 = ORIENTED_EDGE('',*,*,#1115,.T.);
#1115 = EDGE_CURVE('',#1085,#1116,#1118,.T.);
#1116 = VERTEX_POINT('',#1117);
#1117 = CARTESIAN_POINT('',(0.889,6.513,0.4103624));
#1118 = LINE('',#1119,#1120);
#1119 = CARTESIAN_POINT('',(0.905,6.593,0.4103624));
#1120 = VECTOR('',#1121,1.);
#1121 = DIRECTION('',(-0.196116135138,-0.980580675691,0.));
#1122 = ORIENTED_EDGE('',*,*,#1123,.F.);
#1123 = EDGE_CURVE('',#1124,#1116,#1126,.T.);
#1124 = VERTEX_POINT('',#1125);
#1125 = CARTESIAN_POINT('',(0.889,6.513,0.));
#1126 = LINE('',#1127,#1128);
#1127 = CARTESIAN_POINT('',(0.889,6.513,0.));
#1128 = VECTOR('',#1129,1.);
#1129 = DIRECTION('',(0.,0.,1.));
#1130 = ORIENTED_EDGE('',*,*,#1131,.F.);
#1131 = EDGE_CURVE('',#1093,#1124,#1132,.T.);
#1132 = LINE('',#1133,#1134);
#1133 = CARTESIAN_POINT('',(0.905,6.593,0.));
#1134 = VECTOR('',#1135,1.);
#1135 = DIRECTION('',(-0.196116135138,-0.980580675691,0.));
#1136 = PLANE('',#1137);
#1137 = AXIS2_PLACEMENT_3D('',#1138,#1139,#1140);
#1138 = CARTESIAN_POINT('',(0.905,6.593,0.));
#1139 = DIRECTION('',(0.980580675691,-0.196116135138,0.));
#1140 = DIRECTION('',(-0.196116135138,-0.980580675691,0.));
#1141 = ADVANCED_FACE('',(#1142),#1167,.T.);
#1142 = FACE_BOUND('',#1143,.T.);
#1143 = EDGE_LOOP('',(#1144,#1145,#1153,#1161));
#1144 = ORIENTED_EDGE('',*,*,#1123,.T.);
#1145 = ORIENTED_EDGE('',*,*,#1146,.T.);
#1146 = EDGE_CURVE('',#1116,#1147,#1149,.T.);
#1147 = VERTEX_POINT('',#1148);
#1148 = CARTESIAN_POINT('',(0.889,6.431,0.4103624));
#1149 = LINE('',#1150,#1151);
#1150 = CARTESIAN_POINT('',(0.889,6.513,0.4103624));
#1151 = VECTOR('',#1152,1.);
#1152 = DIRECTION('',(0.,-1.,0.));
#1153 = ORIENTED_EDGE('',*,*,#1154,.F.);
#1154 = EDGE_CURVE('',#1155,#1147,#1157,.T.);
#1155 = VERTEX_POINT('',#1156);
#1156 = CARTESIAN_POINT('',(0.889,6.431,0.));
#1157 = LINE('',#1158,#1159);
#1158 = CARTESIAN_POINT('',(0.889,6.431,0.));
#1159 = VECTOR('',#1160,1.);
#1160 = DIRECTION('',(0.,0.,1.));
#1161 = ORIENTED_EDGE('',*,*,#1162,.F.);
#1162 = EDGE_CURVE('',#1124,#1155,#1163,.T.);
#1163 = LINE('',#1164,#1165);
#1164 = CARTESIAN_POINT('',(0.889,6.513,0.));
#1165 = VECTOR('',#1166,1.);
#1166 = DIRECTION('',(0.,-1.,0.));
#1167 = PLANE('',#1168);
#1168 = AXIS2_PLACEMENT_3D('',#1169,#1170,#1171);
#1169 = CARTESIAN_POINT('',(0.889,6.513,0.));
#1170 = DIRECTION('',(1.,0.,-0.));
#1171 = DIRECTION('',(0.,-1.,0.));
#1172 = ADVANCED_FACE('',(#1173),#1198,.T.);
#1173 = FACE_BOUND('',#1174,.T.);
#1174 = EDGE_LOOP('',(#1175,#1176,#1184,#1192));
#1175 = ORIENTED_EDGE('',*,*,#1154,.T.);
#1176 = ORIENTED_EDGE('',*,*,#1177,.T.);
#1177 = EDGE_CURVE('',#1147,#1178,#1180,.T.);
#1178 = VERTEX_POINT('',#1179);
#1179 = CARTESIAN_POINT('',(0.881,6.35,0.4103624));
#1180 = LINE('',#1181,#1182);
#1181 = CARTESIAN_POINT('',(0.889,6.431,0.4103624));
#1182 = VECTOR('',#1183,1.);
#1183 = DIRECTION('',(-9.828721869343E-02,-0.995158089271,0.));
#1184 = ORIENTED_EDGE('',*,*,#1185,.F.);
#1185 = EDGE_CURVE('',#1186,#1178,#1188,.T.);
#1186 = VERTEX_POINT('',#1187);
#1187 = CARTESIAN_POINT('',(0.881,6.35,0.));
#1188 = LINE('',#1189,#1190);
#1189 = CARTESIAN_POINT('',(0.881,6.35,0.));
#1190 = VECTOR('',#1191,1.);
#1191 = DIRECTION('',(0.,0.,1.));
#1192 = ORIENTED_EDGE('',*,*,#1193,.F.);
#1193 = EDGE_CURVE('',#1155,#1186,#1194,.T.);
#1194 = LINE('',#1195,#1196);
#1195 = CARTESIAN_POINT('',(0.889,6.431,0.));
#1196 = VECTOR('',#1197,1.);
#1197 = DIRECTION('',(-9.828721869343E-02,-0.995158089271,0.));
#1198 = PLANE('',#1199);
#1199 = AXIS2_PLACEMENT_3D('',#1200,#1201,#1202);
#1200 = CARTESIAN_POINT('',(0.889,6.431,0.));
#1201 = DIRECTION('',(0.995158089271,-9.828721869343E-02,0.));
#1202 = DIRECTION('',(-9.828721869343E-02,-0.995158089271,0.));
#1203 = ADVANCED_FACE('',(#1204),#1229,.T.);
#1204 = FACE_BOUND('',#1205,.T.);
#1205 = EDGE_LOOP('',(#1206,#1207,#1215,#1223));
#1206 = ORIENTED_EDGE('',*,*,#1185,.T.);
#1207 = ORIENTED_EDGE('',*,*,#1208,.T.);
#1208 = EDGE_CURVE('',#1178,#1209,#1211,.T.);
#1209 = VERTEX_POINT('',#1210);
#1210 = CARTESIAN_POINT('',(0.889,6.269,0.4103624));
#1211 = LINE('',#1212,#1213);
#1212 = CARTESIAN_POINT('',(0.881,6.35,0.4103624));
#1213 = VECTOR('',#1214,1.);
#1214 = DIRECTION('',(9.828721869343E-02,-0.995158089271,0.));
#1215 = ORIENTED_EDGE('',*,*,#1216,.F.);
#1216 = EDGE_CURVE('',#1217,#1209,#1219,.T.);
#1217 = VERTEX_POINT('',#1218);
#1218 = CARTESIAN_POINT('',(0.889,6.269,0.));
#1219 = LINE('',#1220,#1221);
#1220 = CARTESIAN_POINT('',(0.889,6.269,0.));
#1221 = VECTOR('',#1222,1.);
#1222 = DIRECTION('',(0.,0.,1.));
#1223 = ORIENTED_EDGE('',*,*,#1224,.F.);
#1224 = EDGE_CURVE('',#1186,#1217,#1225,.T.);
#1225 = LINE('',#1226,#1227);
#1226 = CARTESIAN_POINT('',(0.881,6.35,0.));
#1227 = VECTOR('',#1228,1.);
#1228 = DIRECTION('',(9.828721869343E-02,-0.995158089271,0.));
#1229 = PLANE('',#1230);
#1230 = AXIS2_PLACEMENT_3D('',#1231,#1232,#1233);
#1231 = CARTESIAN_POINT('',(0.881,6.35,0.));
#1232 = DIRECTION('',(0.995158089271,9.828721869343E-02,-0.));
#1233 = DIRECTION('',(9.828721869343E-02,-0.995158089271,0.));
#1234 = ADVANCED_FACE('',(#1235),#1260,.T.);
#1235 = FACE_BOUND('',#1236,.T.);
#1236 = EDGE_LOOP('',(#1237,#1238,#1246,#1254));
#1237 = ORIENTED_EDGE('',*,*,#1216,.T.);
#1238 = ORIENTED_EDGE('',*,*,#1239,.T.);
#1239 = EDGE_CURVE('',#1209,#1240,#1242,.T.);
#1240 = VERTEX_POINT('',#1241);
#1241 = CARTESIAN_POINT('',(0.889,6.187,0.4103624));
#1242 = LINE('',#1243,#1244);
#1243 = CARTESIAN_POINT('',(0.889,6.269,0.4103624));
#1244 = VECTOR('',#1245,1.);
#1245 = DIRECTION('',(0.,-1.,0.));
#1246 = ORIENTED_EDGE('',*,*,#1247,.F.);
#1247 = EDGE_CURVE('',#1248,#1240,#1250,.T.);
#1248 = VERTEX_POINT('',#1249);
#1249 = CARTESIAN_POINT('',(0.889,6.187,0.));
#1250 = LINE('',#1251,#1252);
#1251 = CARTESIAN_POINT('',(0.889,6.187,0.));
#1252 = VECTOR('',#1253,1.);
#1253 = DIRECTION('',(0.,0.,1.));
#1254 = ORIENTED_EDGE('',*,*,#1255,.F.);
#1255 = EDGE_CURVE('',#1217,#1248,#1256,.T.);
#1256 = LINE('',#1257,#1258);
#1257 = CARTESIAN_POINT('',(0.889,6.269,0.));
#1258 = VECTOR('',#1259,1.);
#1259 = DIRECTION('',(0.,-1.,0.));
#1260 = PLANE('',#1261);
#1261 = AXIS2_PLACEMENT_3D('',#1262,#1263,#1264);
#1262 = CARTESIAN_POINT('',(0.889,6.269,0.));
#1263 = DIRECTION('',(1.,0.,-0.));
#1264 = DIRECTION('',(0.,-1.,0.));
#1265 = ADVANCED_FACE('',(#1266),#1291,.T.);
#1266 = FACE_BOUND('',#1267,.T.);
#1267 = EDGE_LOOP('',(#1268,#1269,#1277,#1285));
#1268 = ORIENTED_EDGE('',*,*,#1247,.T.);
#1269 = ORIENTED_EDGE('',*,*,#1270,.T.);
#1270 = EDGE_CURVE('',#1240,#1271,#1273,.T.);
#1271 = VERTEX_POINT('',#1272);
#1272 = CARTESIAN_POINT('',(0.905,6.107,0.4103624));
#1273 = LINE('',#1274,#1275);
#1274 = CARTESIAN_POINT('',(0.889,6.187,0.4103624));
#1275 = VECTOR('',#1276,1.);
#1276 = DIRECTION('',(0.196116135138,-0.980580675691,0.));
#1277 = ORIENTED_EDGE('',*,*,#1278,.F.);
#1278 = EDGE_CURVE('',#1279,#1271,#1281,.T.);
#1279 = VERTEX_POINT('',#1280);
#1280 = CARTESIAN_POINT('',(0.905,6.107,0.));
#1281 = LINE('',#1282,#1283);
#1282 = CARTESIAN_POINT('',(0.905,6.107,0.));
#1283 = VECTOR('',#1284,1.);
#1284 = DIRECTION('',(0.,0.,1.));
#1285 = ORIENTED_EDGE('',*,*,#1286,.F.);
#1286 = EDGE_CURVE('',#1248,#1279,#1287,.T.);
#1287 = LINE('',#1288,#1289);
#1288 = CARTESIAN_POINT('',(0.889,6.187,0.));
#1289 = VECTOR('',#1290,1.);
#1290 = DIRECTION('',(0.196116135138,-0.980580675691,0.));
#1291 = PLANE('',#1292);
#1292 = AXIS2_PLACEMENT_3D('',#1293,#1294,#1295);
#1293 = CARTESIAN_POINT('',(0.889,6.187,0.));
#1294 = DIRECTION('',(0.980580675691,0.196116135138,-0.));
#1295 = DIRECTION('',(0.196116135138,-0.980580675691,0.));
#1296 = ADVANCED_FACE('',(#1297),#1322,.T.);
#1297 = FACE_BOUND('',#1298,.T.);
#1298 = EDGE_LOOP('',(#1299,#1300,#1308,#1316));
#1299 = ORIENTED_EDGE('',*,*,#1278,.T.);
#1300 = ORIENTED_EDGE('',*,*,#1301,.T.);
#1301 = EDGE_CURVE('',#1271,#1302,#1304,.T.);
#1302 = VERTEX_POINT('',#1303);
#1303 = CARTESIAN_POINT('',(0.913,6.026,0.4103624));
#1304 = LINE('',#1305,#1306);
#1305 = CARTESIAN_POINT('',(0.905,6.107,0.4103624));
#1306 = VECTOR('',#1307,1.);
#1307 = DIRECTION('',(9.828721869343E-02,-0.995158089271,0.));
#1308 = ORIENTED_EDGE('',*,*,#1309,.F.);
#1309 = EDGE_CURVE('',#1310,#1302,#1312,.T.);
#1310 = VERTEX_POINT('',#1311);
#1311 = CARTESIAN_POINT('',(0.913,6.026,0.));
#1312 = LINE('',#1313,#1314);
#1313 = CARTESIAN_POINT('',(0.913,6.026,0.));
#1314 = VECTOR('',#1315,1.);
#1315 = DIRECTION('',(0.,0.,1.));
#1316 = ORIENTED_EDGE('',*,*,#1317,.F.);
#1317 = EDGE_CURVE('',#1279,#1310,#1318,.T.);
#1318 = LINE('',#1319,#1320);
#1319 = CARTESIAN_POINT('',(0.905,6.107,0.));
#1320 = VECTOR('',#1321,1.);
#1321 = DIRECTION('',(9.828721869343E-02,-0.995158089271,0.));
#1322 = PLANE('',#1323);
#1323 = AXIS2_PLACEMENT_3D('',#1324,#1325,#1326);
#1324 = CARTESIAN_POINT('',(0.905,6.107,0.));
#1325 = DIRECTION('',(0.995158089271,9.828721869343E-02,-0.));
#1326 = DIRECTION('',(9.828721869343E-02,-0.995158089271,0.));
#1327 = ADVANCED_FACE('',(#1328),#1353,.T.);
#1328 = FACE_BOUND('',#1329,.T.);
#1329 = EDGE_LOOP('',(#1330,#1331,#1339,#1347));
#1330 = ORIENTED_EDGE('',*,*,#1309,.T.);
#1331 = ORIENTED_EDGE('',*,*,#1332,.T.);
#1332 = EDGE_CURVE('',#1302,#1333,#1335,.T.);
#1333 = VERTEX_POINT('',#1334);
#1334 = CARTESIAN_POINT('',(0.937,5.948,0.4103624));
#1335 = LINE('',#1336,#1337);
#1336 = CARTESIAN_POINT('',(0.913,6.026,0.4103624));
#1337 = VECTOR('',#1338,1.);
#1338 = DIRECTION('',(0.294085848838,-0.955779008722,0.));
#1339 = ORIENTED_EDGE('',*,*,#1340,.F.);
#1340 = EDGE_CURVE('',#1341,#1333,#1343,.T.);
#1341 = VERTEX_POINT('',#1342);
#1342 = CARTESIAN_POINT('',(0.937,5.948,0.));
#1343 = LINE('',#1344,#1345);
#1344 = CARTESIAN_POINT('',(0.937,5.948,0.));
#1345 = VECTOR('',#1346,1.);
#1346 = DIRECTION('',(0.,0.,1.));
#1347 = ORIENTED_EDGE('',*,*,#1348,.F.);
#1348 = EDGE_CURVE('',#1310,#1341,#1349,.T.);
#1349 = LINE('',#1350,#1351);
#1350 = CARTESIAN_POINT('',(0.913,6.026,0.));
#1351 = VECTOR('',#1352,1.);
#1352 = DIRECTION('',(0.294085848838,-0.955779008722,0.));
#1353 = PLANE('',#1354);
#1354 = AXIS2_PLACEMENT_3D('',#1355,#1356,#1357);
#1355 = CARTESIAN_POINT('',(0.913,6.026,0.));
#1356 = DIRECTION('',(0.955779008722,0.294085848838,-0.));
#1357 = DIRECTION('',(0.294085848838,-0.955779008722,0.));
#1358 = ADVANCED_FACE('',(#1359),#1384,.T.);
#1359 = FACE_BOUND('',#1360,.T.);
#1360 = EDGE_LOOP('',(#1361,#1362,#1370,#1378));
#1361 = ORIENTED_EDGE('',*,*,#1340,.T.);
#1362 = ORIENTED_EDGE('',*,*,#1363,.T.);
#1363 = EDGE_CURVE('',#1333,#1364,#1366,.T.);
#1364 = VERTEX_POINT('',#1365);
#1365 = CARTESIAN_POINT('',(0.952,5.868,0.4103624));
#1366 = LINE('',#1367,#1368);
#1367 = CARTESIAN_POINT('',(0.937,5.948,0.4103624));
#1368 = VECTOR('',#1369,1.);
#1369 = DIRECTION('',(0.18428853505,-0.982872186934,0.));
#1370 = ORIENTED_EDGE('',*,*,#1371,.F.);
#1371 = EDGE_CURVE('',#1372,#1364,#1374,.T.);
#1372 = VERTEX_POINT('',#1373);
#1373 = CARTESIAN_POINT('',(0.952,5.868,0.));
#1374 = LINE('',#1375,#1376);
#1375 = CARTESIAN_POINT('',(0.952,5.868,0.));
#1376 = VECTOR('',#1377,1.);
#1377 = DIRECTION('',(0.,0.,1.));
#1378 = ORIENTED_EDGE('',*,*,#1379,.F.);
#1379 = EDGE_CURVE('',#1341,#1372,#1380,.T.);
#1380 = LINE('',#1381,#1382);
#1381 = CARTESIAN_POINT('',(0.937,5.948,0.));
#1382 = VECTOR('',#1383,1.);
#1383 = DIRECTION('',(0.18428853505,-0.982872186934,0.));
#1384 = PLANE('',#1385);
#1385 = AXIS2_PLACEMENT_3D('',#1386,#1387,#1388);
#1386 = CARTESIAN_POINT('',(0.937,5.948,0.));
#1387 = DIRECTION('',(0.982872186934,0.18428853505,-0.));
#1388 = DIRECTION('',(0.18428853505,-0.982872186934,0.));
#1389 = ADVANCED_FACE('',(#1390),#1415,.T.);
#1390 = FACE_BOUND('',#1391,.T.);
#1391 = EDGE_LOOP('',(#1392,#1393,#1401,#1409));
#1392 = ORIENTED_EDGE('',*,*,#1371,.T.);
#1393 = ORIENTED_EDGE('',*,*,#1394,.T.);
#1394 = EDGE_CURVE('',#1364,#1395,#1397,.T.);
#1395 = VERTEX_POINT('',#1396);
#1396 = CARTESIAN_POINT('',(0.984,5.793,0.4103624));
#1397 = LINE('',#1398,#1399);
#1398 = CARTESIAN_POINT('',(0.952,5.868,0.4103624));
#1399 = VECTOR('',#1400,1.);
#1400 = DIRECTION('',(0.392438685048,-0.919778168081,0.));
#1401 = ORIENTED_EDGE('',*,*,#1402,.F.);
#1402 = EDGE_CURVE('',#1403,#1395,#1405,.T.);
#1403 = VERTEX_POINT('',#1404);
#1404 = CARTESIAN_POINT('',(0.984,5.793,0.));
#1405 = LINE('',#1406,#1407);
#1406 = CARTESIAN_POINT('',(0.984,5.793,0.));
#1407 = VECTOR('',#1408,1.);
#1408 = DIRECTION('',(0.,0.,1.));
#1409 = ORIENTED_EDGE('',*,*,#1410,.F.);
#1410 = EDGE_CURVE('',#1372,#1403,#1411,.T.);
#1411 = LINE('',#1412,#1413);
#1412 = CARTESIAN_POINT('',(0.952,5.868,0.));
#1413 = VECTOR('',#1414,1.);
#1414 = DIRECTION('',(0.392438685048,-0.919778168081,0.));
#1415 = PLANE('',#1416);
#1416 = AXIS2_PLACEMENT_3D('',#1417,#1418,#1419);
#1417 = CARTESIAN_POINT('',(0.952,5.868,0.));
#1418 = DIRECTION('',(0.919778168081,0.392438685048,-0.));
#1419 = DIRECTION('',(0.392438685048,-0.919778168081,0.));
#1420 = ADVANCED_FACE('',(#1421),#1446,.T.);
#1421 = FACE_BOUND('',#1422,.T.);
#1422 = EDGE_LOOP('',(#1423,#1424,#1432,#1440));
#1423 = ORIENTED_EDGE('',*,*,#1402,.T.);
#1424 = ORIENTED_EDGE('',*,*,#1425,.T.);
#1425 = EDGE_CURVE('',#1395,#1426,#1428,.T.);
#1426 = VERTEX_POINT('',#1427);
#1427 = CARTESIAN_POINT('',(1.007,5.715,0.4103624));
#1428 = LINE('',#1429,#1430);
#1429 = CARTESIAN_POINT('',(0.984,5.793,0.4103624));
#1430 = VECTOR('',#1431,1.);
#1431 = DIRECTION('',(0.282832019595,-0.959169457756,0.));
#1432 = ORIENTED_EDGE('',*,*,#1433,.F.);
#1433 = EDGE_CURVE('',#1434,#1426,#1436,.T.);
#1434 = VERTEX_POINT('',#1435);
#1435 = CARTESIAN_POINT('',(1.007,5.715,0.));
#1436 = LINE('',#1437,#1438);
#1437 = CARTESIAN_POINT('',(1.007,5.715,0.));
#1438 = VECTOR('',#1439,1.);
#1439 = DIRECTION('',(0.,0.,1.));
#1440 = ORIENTED_EDGE('',*,*,#1441,.F.);
#1441 = EDGE_CURVE('',#1403,#1434,#1442,.T.);
#1442 = LINE('',#1443,#1444);
#1443 = CARTESIAN_POINT('',(0.984,5.793,0.));
#1444 = VECTOR('',#1445,1.);
#1445 = DIRECTION('',(0.282832019595,-0.959169457756,0.));
#1446 = PLANE('',#1447);
#1447 = AXIS2_PLACEMENT_3D('',#1448,#1449,#1450);
#1448 = CARTESIAN_POINT('',(0.984,5.793,0.));
#1449 = DIRECTION('',(0.959169457756,0.282832019595,-0.));
#1450 = DIRECTION('',(0.282832019595,-0.959169457756,0.));
#1451 = ADVANCED_FACE('',(#1452),#1477,.T.);
#1452 = FACE_BOUND('',#1453,.T.);
#1453 = EDGE_LOOP('',(#1454,#1455,#1463,#1471));
#1454 = ORIENTED_EDGE('',*,*,#1433,.T.);
#1455 = ORIENTED_EDGE('',*,*,#1456,.T.);
#1456 = EDGE_CURVE('',#1426,#1457,#1459,.T.);
#1457 = VERTEX_POINT('',#1458);
#1458 = CARTESIAN_POINT('',(1.046,5.643,0.4103624));
#1459 = LINE('',#1460,#1461);
#1460 = CARTESIAN_POINT('',(1.007,5.715,0.4103624));
#1461 = VECTOR('',#1462,1.);
#1462 = DIRECTION('',(0.476283148541,-0.879291966537,0.));
#1463 = ORIENTED_EDGE('',*,*,#1464,.F.);
#1464 = EDGE_CURVE('',#1465,#1457,#1467,.T.);
#1465 = VERTEX_POINT('',#1466);
#1466 = CARTESIAN_POINT('',(1.046,5.643,0.));
#1467 = LINE('',#1468,#1469);
#1468 = CARTESIAN_POINT('',(1.046,5.643,0.));
#1469 = VECTOR('',#1470,1.);
#1470 = DIRECTION('',(0.,0.,1.));
#1471 = ORIENTED_EDGE('',*,*,#1472,.F.);
#1472 = EDGE_CURVE('',#1434,#1465,#1473,.T.);
#1473 = LINE('',#1474,#1475);
#1474 = CARTESIAN_POINT('',(1.007,5.715,0.));
#1475 = VECTOR('',#1476,1.);
#1476 = DIRECTION('',(0.476283148541,-0.879291966537,0.));
#1477 = PLANE('',#1478);
#1478 = AXIS2_PLACEMENT_3D('',#1479,#1480,#1481);
#1479 = CARTESIAN_POINT('',(1.007,5.715,0.));
#1480 = DIRECTION('',(0.879291966537,0.476283148541,-0.));
#1481 = DIRECTION('',(0.476283148541,-0.879291966537,0.));
#1482 = ADVANCED_FACE('',(#1483),#1508,.T.);
#1483 = FACE_BOUND('',#1484,.T.);
#1484 = EDGE_LOOP('',(#1485,#1486,#1494,#1502));
#1485 = ORIENTED_EDGE('',*,*,#1464,.T.);
#1486 = ORIENTED_EDGE('',*,*,#1487,.T.);
#1487 = EDGE_CURVE('',#1457,#1488,#1490,.T.);
#1488 = VERTEX_POINT('',#1489);
#1489 = CARTESIAN_POINT('',(1.077,5.568,0.4103624));
#1490 = LINE('',#1491,#1492);
#1491 = CARTESIAN_POINT('',(1.046,5.643,0.4103624));
#1492 = VECTOR('',#1493,1.);
#1493 = DIRECTION('',(0.381988976935,-0.924166879681,0.));
#1494 = ORIENTED_EDGE('',*,*,#1495,.F.);
#1495 = EDGE_CURVE('',#1496,#1488,#1498,.T.);
#1496 = VERTEX_POINT('',#1497);
#1497 = CARTESIAN_POINT('',(1.077,5.568,0.));
#1498 = LINE('',#1499,#1500);
#1499 = CARTESIAN_POINT('',(1.077,5.568,0.));
#1500 = VECTOR('',#1501,1.);
#1501 = DIRECTION('',(0.,0.,1.));
#1502 = ORIENTED_EDGE('',*,*,#1503,.F.);
#1503 = EDGE_CURVE('',#1465,#1496,#1504,.T.);
#1504 = LINE('',#1505,#1506);
#1505 = CARTESIAN_POINT('',(1.046,5.643,0.));
#1506 = VECTOR('',#1507,1.);
#1507 = DIRECTION('',(0.381988976935,-0.924166879681,0.));
#1508 = PLANE('',#1509);
#1509 = AXIS2_PLACEMENT_3D('',#1510,#1511,#1512);
#1510 = CARTESIAN_POINT('',(1.046,5.643,0.));
#1511 = DIRECTION('',(0.924166879681,0.381988976935,-0.));
#1512 = DIRECTION('',(0.381988976935,-0.924166879681,0.));
#1513 = ADVANCED_FACE('',(#1514),#1539,.T.);
#1514 = FACE_BOUND('',#1515,.T.);
#1515 = EDGE_LOOP('',(#1516,#1517,#1525,#1533));
#1516 = ORIENTED_EDGE('',*,*,#1495,.T.);
#1517 = ORIENTED_EDGE('',*,*,#1518,.T.);
#1518 = EDGE_CURVE('',#1488,#1519,#1521,.T.);
#1519 = VERTEX_POINT('',#1520);
#1520 = CARTESIAN_POINT('',(1.122,5.5,0.4103624));
#1521 = LINE('',#1522,#1523);
#1522 = CARTESIAN_POINT('',(1.077,5.568,0.4103624));
#1523 = VECTOR('',#1524,1.);
#1524 = DIRECTION('',(0.551866900848,-0.833932205727,0.));
#1525 = ORIENTED_EDGE('',*,*,#1526,.F.);
#1526 = EDGE_CURVE('',#1527,#1519,#1529,.T.);
#1527 = VERTEX_POINT('',#1528);
#1528 = CARTESIAN_POINT('',(1.122,5.5,0.));
#1529 = LINE('',#1530,#1531);
#1530 = CARTESIAN_POINT('',(1.122,5.5,0.));
#1531 = VECTOR('',#1532,1.);
#1532 = DIRECTION('',(0.,0.,1.));
#1533 = ORIENTED_EDGE('',*,*,#1534,.F.);
#1534 = EDGE_CURVE('',#1496,#1527,#1535,.T.);
#1535 = LINE('',#1536,#1537);
#1536 = CARTESIAN_POINT('',(1.077,5.568,0.));
#1537 = VECTOR('',#1538,1.);
#1538 = DIRECTION('',(0.551866900848,-0.833932205727,0.));
#1539 = PLANE('',#1540);
#1540 = AXIS2_PLACEMENT_3D('',#1541,#1542,#1543);
#1541 = CARTESIAN_POINT('',(1.077,5.568,0.));
#1542 = DIRECTION('',(0.833932205727,0.551866900848,-0.));
#1543 = DIRECTION('',(0.551866900848,-0.833932205727,0.));
#1544 = ADVANCED_FACE('',(#1545),#1570,.T.);
#1545 = FACE_BOUND('',#1546,.T.);
#1546 = EDGE_LOOP('',(#1547,#1548,#1556,#1564));
#1547 = ORIENTED_EDGE('',*,*,#1526,.T.);
#1548 = ORIENTED_EDGE('',*,*,#1549,.T.);
#1549 = EDGE_CURVE('',#1519,#1550,#1552,.T.);
#1550 = VERTEX_POINT('',#1551);
#1551 = CARTESIAN_POINT('',(1.161,5.428,0.4103624));
#1552 = LINE('',#1553,#1554);
#1553 = CARTESIAN_POINT('',(1.122,5.5,0.4103624));
#1554 = VECTOR('',#1555,1.);
#1555 = DIRECTION('',(0.476283148541,-0.879291966537,0.));
#1556 = ORIENTED_EDGE('',*,*,#1557,.F.);
#1557 = EDGE_CURVE('',#1558,#1550,#1560,.T.);
#1558 = VERTEX_POINT('',#1559);
#1559 = CARTESIAN_POINT('',(1.161,5.428,0.));
#1560 = LINE('',#1561,#1562);
#1561 = CARTESIAN_POINT('',(1.161,5.428,0.));
#1562 = VECTOR('',#1563,1.);
#1563 = DIRECTION('',(0.,0.,1.));
#1564 = ORIENTED_EDGE('',*,*,#1565,.F.);
#1565 = EDGE_CURVE('',#1527,#1558,#1566,.T.);
#1566 = LINE('',#1567,#1568);
#1567 = CARTESIAN_POINT('',(1.122,5.5,0.));
#1568 = VECTOR('',#1569,1.);
#1569 = DIRECTION('',(0.476283148541,-0.879291966537,0.));
#1570 = PLANE('',#1571);
#1571 = AXIS2_PLACEMENT_3D('',#1572,#1573,#1574);
#1572 = CARTESIAN_POINT('',(1.122,5.5,0.));
#1573 = DIRECTION('',(0.879291966537,0.476283148541,-0.));
#1574 = DIRECTION('',(0.476283148541,-0.879291966537,0.));
#1575 = ADVANCED_FACE('',(#1576),#1601,.T.);
#1576 = FACE_BOUND('',#1577,.T.);
#1577 = EDGE_LOOP('',(#1578,#1579,#1587,#1595));
#1578 = ORIENTED_EDGE('',*,*,#1557,.T.);
#1579 = ORIENTED_EDGE('',*,*,#1580,.T.);
#1580 = EDGE_CURVE('',#1550,#1581,#1583,.T.);
#1581 = VERTEX_POINT('',#1582);
#1582 = CARTESIAN_POINT('',(1.212,5.365,0.4103624));
#1583 = LINE('',#1584,#1585);
#1584 = CARTESIAN_POINT('',(1.161,5.428,0.4103624));
#1585 = VECTOR('',#1586,1.);
#1586 = DIRECTION('',(0.629198228668,-0.777244870707,0.));
#1587 = ORIENTED_EDGE('',*,*,#1588,.F.);
#1588 = EDGE_CURVE('',#1589,#1581,#1591,.T.);
#1589 = VERTEX_POINT('',#1590);
#1590 = CARTESIAN_POINT('',(1.212,5.365,0.));
#1591 = LINE('',#1592,#1593);
#1592 = CARTESIAN_POINT('',(1.212,5.365,0.));
#1593 = VECTOR('',#1594,1.);
#1594 = DIRECTION('',(0.,0.,1.));
#1595 = ORIENTED_EDGE('',*,*,#1596,.F.);
#1596 = EDGE_CURVE('',#1558,#1589,#1597,.T.);
#1597 = LINE('',#1598,#1599);
#1598 = CARTESIAN_POINT('',(1.161,5.428,0.));
#1599 = VECTOR('',#1600,1.);
#1600 = DIRECTION('',(0.629198228668,-0.777244870707,0.));
#1601 = PLANE('',#1602);
#1602 = AXIS2_PLACEMENT_3D('',#1603,#1604,#1605);
#1603 = CARTESIAN_POINT('',(1.161,5.428,0.));
#1604 = DIRECTION('',(0.777244870707,0.629198228668,-0.));
#1605 = DIRECTION('',(0.629198228668,-0.777244870707,0.));
#1606 = ADVANCED_FACE('',(#1607),#1632,.T.);
#1607 = FACE_BOUND('',#1608,.T.);
#1608 = EDGE_LOOP('',(#1609,#1610,#1618,#1626));
#1609 = ORIENTED_EDGE('',*,*,#1588,.T.);
#1610 = ORIENTED_EDGE('',*,*,#1611,.T.);
#1611 = EDGE_CURVE('',#1581,#1612,#1614,.T.);
#1612 = VERTEX_POINT('',#1613);
#1613 = CARTESIAN_POINT('',(1.258,5.298,0.4103624));
#1614 = LINE('',#1615,#1616);
#1615 = CARTESIAN_POINT('',(1.212,5.365,0.4103624));
#1616 = VECTOR('',#1617,1.);
#1617 = DIRECTION('',(0.566006502692,-0.824400775661,0.));
#1618 = ORIENTED_EDGE('',*,*,#1619,.F.);
#1619 = EDGE_CURVE('',#1620,#1612,#1622,.T.);
#1620 = VERTEX_POINT('',#1621);
#1621 = CARTESIAN_POINT('',(1.258,5.298,0.));
#1622 = LINE('',#1623,#1624);
#1623 = CARTESIAN_POINT('',(1.258,5.298,0.));
#1624 = VECTOR('',#1625,1.);
#1625 = DIRECTION('',(0.,0.,1.));
#1626 = ORIENTED_EDGE('',*,*,#1627,.F.);
#1627 = EDGE_CURVE('',#1589,#1620,#1628,.T.);
#1628 = LINE('',#1629,#1630);
#1629 = CARTESIAN_POINT('',(1.212,5.365,0.));
#1630 = VECTOR('',#1631,1.);
#1631 = DIRECTION('',(0.566006502692,-0.824400775661,0.));
#1632 = PLANE('',#1633);
#1633 = AXIS2_PLACEMENT_3D('',#1634,#1635,#1636);
#1634 = CARTESIAN_POINT('',(1.212,5.365,0.));
#1635 = DIRECTION('',(0.824400775661,0.566006502692,-0.));
#1636 = DIRECTION('',(0.566006502692,-0.824400775661,0.));
#1637 = ADVANCED_FACE('',(#1638),#1663,.T.);
#1638 = FACE_BOUND('',#1639,.T.);
#1639 = EDGE_LOOP('',(#1640,#1641,#1649,#1657));
#1640 = ORIENTED_EDGE('',*,*,#1619,.T.);
#1641 = ORIENTED_EDGE('',*,*,#1642,.T.);
#1642 = EDGE_CURVE('',#1612,#1643,#1645,.T.);
#1643 = VERTEX_POINT('',#1644);
#1644 = CARTESIAN_POINT('',(1.315,5.24,0.4103624));
#1645 = LINE('',#1646,#1647);
#1646 = CARTESIAN_POINT('',(1.258,5.298,0.4103624));
#1647 = VECTOR('',#1648,1.);
#1648 = DIRECTION('',(0.700931526822,-0.713228571152,0.));
#1649 = ORIENTED_EDGE('',*,*,#1650,.F.);
#1650 = EDGE_CURVE('',#1651,#1643,#1653,.T.);
#1651 = VERTEX_POINT('',#1652);
#1652 = CARTESIAN_POINT('',(1.315,5.24,0.));
#1653 = LINE('',#1654,#1655);
#1654 = CARTESIAN_POINT('',(1.315,5.24,0.));
#1655 = VECTOR('',#1656,1.);
#1656 = DIRECTION('',(0.,0.,1.));
#1657 = ORIENTED_EDGE('',*,*,#1658,.F.);
#1658 = EDGE_CURVE('',#1620,#1651,#1659,.T.);
#1659 = LINE('',#1660,#1661);
#1660 = CARTESIAN_POINT('',(1.258,5.298,0.));
#1661 = VECTOR('',#1662,1.);
#1662 = DIRECTION('',(0.700931526822,-0.713228571152,0.));
#1663 = PLANE('',#1664);
#1664 = AXIS2_PLACEMENT_3D('',#1665,#1666,#1667);
#1665 = CARTESIAN_POINT('',(1.258,5.298,0.));
#1666 = DIRECTION('',(0.713228571152,0.700931526822,-0.));
#1667 = DIRECTION('',(0.700931526822,-0.713228571152,0.));
#1668 = ADVANCED_FACE('',(#1669),#1694,.T.);
#1669 = FACE_BOUND('',#1670,.T.);
#1670 = EDGE_LOOP('',(#1671,#1672,#1680,#1688));
#1671 = ORIENTED_EDGE('',*,*,#1650,.T.);
#1672 = ORIENTED_EDGE('',*,*,#1673,.T.);
#1673 = EDGE_CURVE('',#1643,#1674,#1676,.T.);
#1674 = VERTEX_POINT('',#1675);
#1675 = CARTESIAN_POINT('',(1.367,5.177,0.4103624));
#1676 = LINE('',#1677,#1678);
#1677 = CARTESIAN_POINT('',(1.315,5.24,0.4103624));
#1678 = VECTOR('',#1679,1.);
#1679 = DIRECTION('',(0.63656503651,-0.771223025002,0.));
#1680 = ORIENTED_EDGE('',*,*,#1681,.F.);
#1681 = EDGE_CURVE('',#1682,#1674,#1684,.T.);
#1682 = VERTEX_POINT('',#1683);
#1683 = CARTESIAN_POINT('',(1.367,5.177,0.));
#1684 = LINE('',#1685,#1686);
#1685 = CARTESIAN_POINT('',(1.367,5.177,0.));
#1686 = VECTOR('',#1687,1.);
#1687 = DIRECTION('',(0.,0.,1.));
#1688 = ORIENTED_EDGE('',*,*,#1689,.F.);
#1689 = EDGE_CURVE('',#1651,#1682,#1690,.T.);
#1690 = LINE('',#1691,#1692);
#1691 = CARTESIAN_POINT('',(1.315,5.24,0.));
#1692 = VECTOR('',#1693,1.);
#1693 = DIRECTION('',(0.63656503651,-0.771223025002,0.));
#1694 = PLANE('',#1695);
#1695 = AXIS2_PLACEMENT_3D('',#1696,#1697,#1698);
#1696 = CARTESIAN_POINT('',(1.315,5.24,0.));
#1697 = DIRECTION('',(0.771223025002,0.63656503651,-0.));
#1698 = DIRECTION('',(0.63656503651,-0.771223025002,0.));
#1699 = ADVANCED_FACE('',(#1700),#1725,.T.);
#1700 = FACE_BOUND('',#1701,.T.);
#1701 = EDGE_LOOP('',(#1702,#1703,#1711,#1719));
#1702 = ORIENTED_EDGE('',*,*,#1681,.T.);
#1703 = ORIENTED_EDGE('',*,*,#1704,.T.);
#1704 = EDGE_CURVE('',#1674,#1705,#1707,.T.);
#1705 = VERTEX_POINT('',#1706);
#1706 = CARTESIAN_POINT('',(1.43,5.125,0.4103624));
#1707 = LINE('',#1708,#1709);
#1708 = CARTESIAN_POINT('',(1.367,5.177,0.4103624));
#1709 = VECTOR('',#1710,1.);
#1710 = DIRECTION('',(0.771223025002,-0.63656503651,0.));
#1711 = ORIENTED_EDGE('',*,*,#1712,.F.);
#1712 = EDGE_CURVE('',#1713,#1705,#1715,.T.);
#1713 = VERTEX_POINT('',#1714);
#1714 = CARTESIAN_POINT('',(1.43,5.125,0.));
#1715 = LINE('',#1716,#1717);
#1716 = CARTESIAN_POINT('',(1.43,5.125,0.));
#1717 = VECTOR('',#1718,1.);
#1718 = DIRECTION('',(0.,0.,1.));
#1719 = ORIENTED_EDGE('',*,*,#1720,.F.);
#1720 = EDGE_CURVE('',#1682,#1713,#1721,.T.);
#1721 = LINE('',#1722,#1723);
#1722 = CARTESIAN_POINT('',(1.367,5.177,0.));
#1723 = VECTOR('',#1724,1.);
#1724 = DIRECTION('',(0.771223025002,-0.63656503651,0.));
#1725 = PLANE('',#1726);
#1726 = AXIS2_PLACEMENT_3D('',#1727,#1728,#1729);
#1727 = CARTESIAN_POINT('',(1.367,5.177,0.));
#1728 = DIRECTION('',(0.63656503651,0.771223025002,-0.));
#1729 = DIRECTION('',(0.771223025002,-0.63656503651,0.));
#1730 = ADVANCED_FACE('',(#1731),#1756,.T.);
#1731 = FACE_BOUND('',#1732,.T.);
#1732 = EDGE_LOOP('',(#1733,#1734,#1742,#1750));
#1733 = ORIENTED_EDGE('',*,*,#1712,.T.);
#1734 = ORIENTED_EDGE('',*,*,#1735,.T.);
#1735 = EDGE_CURVE('',#1705,#1736,#1738,.T.);
#1736 = VERTEX_POINT('',#1737);
#1737 = CARTESIAN_POINT('',(1.488,5.068,0.4103624));
#1738 = LINE('',#1739,#1740);
#1739 = CARTESIAN_POINT('',(1.43,5.125,0.4103624));
#1740 = VECTOR('',#1741,1.);
#1741 = DIRECTION('',(0.713228571152,-0.700931526822,0.));
#1742 = ORIENTED_EDGE('',*,*,#1743,.F.);
#1743 = EDGE_CURVE('',#1744,#1736,#1746,.T.);
#1744 = VERTEX_POINT('',#1745);
#1745 = CARTESIAN_POINT('',(1.488,5.068,0.));
#1746 = LINE('',#1747,#1748);
#1747 = CARTESIAN_POINT('',(1.488,5.068,0.));
#1748 = VECTOR('',#1749,1.);
#1749 = DIRECTION('',(0.,0.,1.));
#1750 = ORIENTED_EDGE('',*,*,#1751,.F.);
#1751 = EDGE_CURVE('',#1713,#1744,#1752,.T.);
#1752 = LINE('',#1753,#1754);
#1753 = CARTESIAN_POINT('',(1.43,5.125,0.));
#1754 = VECTOR('',#1755,1.);
#1755 = DIRECTION('',(0.713228571152,-0.700931526822,0.));
#1756 = PLANE('',#1757);
#1757 = AXIS2_PLACEMENT_3D('',#1758,#1759,#1760);
#1758 = CARTESIAN_POINT('',(1.43,5.125,0.));
#1759 = DIRECTION('',(0.700931526822,0.713228571152,-0.));
#1760 = DIRECTION('',(0.713228571152,-0.700931526822,0.));
#1761 = ADVANCED_FACE('',(#1762),#1787,.T.);
#1762 = FACE_BOUND('',#1763,.T.);
#1763 = EDGE_LOOP('',(#1764,#1765,#1773,#1781));
#1764 = ORIENTED_EDGE('',*,*,#1743,.T.);
#1765 = ORIENTED_EDGE('',*,*,#1766,.T.);
#1766 = EDGE_CURVE('',#1736,#1767,#1769,.T.);
#1767 = VERTEX_POINT('',#1768);
#1768 = CARTESIAN_POINT('',(1.555,5.022,0.4103624));
#1769 = LINE('',#1770,#1771);
#1770 = CARTESIAN_POINT('',(1.488,5.068,0.4103624));
#1771 = VECTOR('',#1772,1.);
#1772 = DIRECTION('',(0.824400775661,-0.566006502692,0.));
#1773 = ORIENTED_EDGE('',*,*,#1774,.F.);
#1774 = EDGE_CURVE('',#1775,#1767,#1777,.T.);
#1775 = VERTEX_POINT('',#1776);
#1776 = CARTESIAN_POINT('',(1.555,5.022,0.));
#1777 = LINE('',#1778,#1779);
#1778 = CARTESIAN_POINT('',(1.555,5.022,0.));
#1779 = VECTOR('',#1780,1.);
#1780 = DIRECTION('',(0.,0.,1.));
#1781 = ORIENTED_EDGE('',*,*,#1782,.F.);
#1782 = EDGE_CURVE('',#1744,#1775,#1783,.T.);
#1783 = LINE('',#1784,#1785);
#1784 = CARTESIAN_POINT('',(1.488,5.068,0.));
#1785 = VECTOR('',#1786,1.);
#1786 = DIRECTION('',(0.824400775661,-0.566006502692,0.));
#1787 = PLANE('',#1788);
#1788 = AXIS2_PLACEMENT_3D('',#1789,#1790,#1791);
#1789 = CARTESIAN_POINT('',(1.488,5.068,0.));
#1790 = DIRECTION('',(0.566006502692,0.824400775661,-0.));
#1791 = DIRECTION('',(0.824400775661,-0.566006502692,0.));
#1792 = ADVANCED_FACE('',(#1793),#1818,.T.);
#1793 = FACE_BOUND('',#1794,.T.);
#1794 = EDGE_LOOP('',(#1795,#1796,#1804,#1812));
#1795 = ORIENTED_EDGE('',*,*,#1774,.T.);
#1796 = ORIENTED_EDGE('',*,*,#1797,.T.);
#1797 = EDGE_CURVE('',#1767,#1798,#1800,.T.);
#1798 = VERTEX_POINT('',#1799);
#1799 = CARTESIAN_POINT('',(1.618,4.971,0.4103624));
#1800 = LINE('',#1801,#1802);
#1801 = CARTESIAN_POINT('',(1.555,5.022,0.4103624));
#1802 = VECTOR('',#1803,1.);
#1803 = DIRECTION('',(0.777244870707,-0.629198228668,0.));
#1804 = ORIENTED_EDGE('',*,*,#1805,.F.);
#1805 = EDGE_CURVE('',#1806,#1798,#1808,.T.);
#1806 = VERTEX_POINT('',#1807);
#1807 = CARTESIAN_POINT('',(1.618,4.971,0.));
#1808 = LINE('',#1809,#1810);
#1809 = CARTESIAN_POINT('',(1.618,4.971,0.));
#1810 = VECTOR('',#1811,1.);
#1811 = DIRECTION('',(0.,0.,1.));
#1812 = ORIENTED_EDGE('',*,*,#1813,.F.);
#1813 = EDGE_CURVE('',#1775,#1806,#1814,.T.);
#1814 = LINE('',#1815,#1816);
#1815 = CARTESIAN_POINT('',(1.555,5.022,0.));
#1816 = VECTOR('',#1817,1.);
#1817 = DIRECTION('',(0.777244870707,-0.629198228668,0.));
#1818 = PLANE('',#1819);
#1819 = AXIS2_PLACEMENT_3D('',#1820,#1821,#1822);
#1820 = CARTESIAN_POINT('',(1.555,5.022,0.));
#1821 = DIRECTION('',(0.629198228668,0.777244870707,-0.));
#1822 = DIRECTION('',(0.777244870707,-0.629198228668,0.));
#1823 = ADVANCED_FACE('',(#1824),#1849,.T.);
#1824 = FACE_BOUND('',#1825,.T.);
#1825 = EDGE_LOOP('',(#1826,#1827,#1835,#1843));
#1826 = ORIENTED_EDGE('',*,*,#1805,.T.);
#1827 = ORIENTED_EDGE('',*,*,#1828,.T.);
#1828 = EDGE_CURVE('',#1798,#1829,#1831,.T.);
#1829 = VERTEX_POINT('',#1830);
#1830 = CARTESIAN_POINT('',(1.69,4.932,0.4103624));
#1831 = LINE('',#1832,#1833);
#1832 = CARTESIAN_POINT('',(1.618,4.971,0.4103624));
#1833 = VECTOR('',#1834,1.);
#1834 = DIRECTION('',(0.879291966537,-0.476283148541,0.));
#1835 = ORIENTED_EDGE('',*,*,#1836,.F.);
#1836 = EDGE_CURVE('',#1837,#1829,#1839,.T.);
#1837 = VERTEX_POINT('',#1838);
#1838 = CARTESIAN_POINT('',(1.69,4.932,0.));
#1839 = LINE('',#1840,#1841);
#1840 = CARTESIAN_POINT('',(1.69,4.932,0.));
#1841 = VECTOR('',#1842,1.);
#1842 = DIRECTION('',(0.,0.,1.));
#1843 = ORIENTED_EDGE('',*,*,#1844,.F.);
#1844 = EDGE_CURVE('',#1806,#1837,#1845,.T.);
#1845 = LINE('',#1846,#1847);
#1846 = CARTESIAN_POINT('',(1.618,4.971,0.));
#1847 = VECTOR('',#1848,1.);
#1848 = DIRECTION('',(0.879291966537,-0.476283148541,0.));
#1849 = PLANE('',#1850);
#1850 = AXIS2_PLACEMENT_3D('',#1851,#1852,#1853);
#1851 = CARTESIAN_POINT('',(1.618,4.971,0.));
#1852 = DIRECTION('',(0.476283148541,0.879291966537,-0.));
#1853 = DIRECTION('',(0.879291966537,-0.476283148541,0.));
#1854 = ADVANCED_FACE('',(#1855),#1880,.T.);
#1855 = FACE_BOUND('',#1856,.T.);
#1856 = EDGE_LOOP('',(#1857,#1858,#1866,#1874));
#1857 = ORIENTED_EDGE('',*,*,#1836,.T.);
#1858 = ORIENTED_EDGE('',*,*,#1859,.T.);
#1859 = EDGE_CURVE('',#1829,#1860,#1862,.T.);
#1860 = VERTEX_POINT('',#1861);
#1861 = CARTESIAN_POINT('',(1.758,4.887,0.4103624));
#1862 = LINE('',#1863,#1864);
#1863 = CARTESIAN_POINT('',(1.69,4.932,0.4103624));
#1864 = VECTOR('',#1865,1.);
#1865 = DIRECTION('',(0.833932205727,-0.551866900848,0.));
#1866 = ORIENTED_EDGE('',*,*,#1867,.F.);
#1867 = EDGE_CURVE('',#1868,#1860,#1870,.T.);
#1868 = VERTEX_POINT('',#1869);
#1869 = CARTESIAN_POINT('',(1.758,4.887,0.));
#1870 = LINE('',#1871,#1872);
#1871 = CARTESIAN_POINT('',(1.758,4.887,0.));
#1872 = VECTOR('',#1873,1.);
#1873 = DIRECTION('',(0.,0.,1.));
#1874 = ORIENTED_EDGE('',*,*,#1875,.F.);
#1875 = EDGE_CURVE('',#1837,#1868,#1876,.T.);
#1876 = LINE('',#1877,#1878);
#1877 = CARTESIAN_POINT('',(1.69,4.932,0.));
#1878 = VECTOR('',#1879,1.);
#1879 = DIRECTION('',(0.833932205727,-0.551866900848,0.));
#1880 = PLANE('',#1881);
#1881 = AXIS2_PLACEMENT_3D('',#1882,#1883,#1884);
#1882 = CARTESIAN_POINT('',(1.69,4.932,0.));
#1883 = DIRECTION('',(0.551866900848,0.833932205727,-0.));
#1884 = DIRECTION('',(0.833932205727,-0.551866900848,0.));
#1885 = ADVANCED_FACE('',(#1886),#1911,.T.);
#1886 = FACE_BOUND('',#1887,.T.);
#1887 = EDGE_LOOP('',(#1888,#1889,#1897,#1905));
#1888 = ORIENTED_EDGE('',*,*,#1867,.T.);
#1889 = ORIENTED_EDGE('',*,*,#1890,.T.);
#1890 = EDGE_CURVE('',#1860,#1891,#1893,.T.);
#1891 = VERTEX_POINT('',#1892);
#1892 = CARTESIAN_POINT('',(1.833,4.856,0.4103624));
#1893 = LINE('',#1894,#1895);
#1894 = CARTESIAN_POINT('',(1.758,4.887,0.4103624));
#1895 = VECTOR('',#1896,1.);
#1896 = DIRECTION('',(0.924166879681,-0.381988976935,0.));
#1897 = ORIENTED_EDGE('',*,*,#1898,.F.);
#1898 = EDGE_CURVE('',#1899,#1891,#1901,.T.);
#1899 = VERTEX_POINT('',#1900);
#1900 = CARTESIAN_POINT('',(1.833,4.856,0.));
#1901 = LINE('',#1902,#1903);
#1902 = CARTESIAN_POINT('',(1.833,4.856,0.));
#1903 = VECTOR('',#1904,1.);
#1904 = DIRECTION('',(0.,0.,1.));
#1905 = ORIENTED_EDGE('',*,*,#1906,.F.);
#1906 = EDGE_CURVE('',#1868,#1899,#1907,.T.);
#1907 = LINE('',#1908,#1909);
#1908 = CARTESIAN_POINT('',(1.758,4.887,0.));
#1909 = VECTOR('',#1910,1.);
#1910 = DIRECTION('',(0.924166879681,-0.381988976935,0.));
#1911 = PLANE('',#1912);
#1912 = AXIS2_PLACEMENT_3D('',#1913,#1914,#1915);
#1913 = CARTESIAN_POINT('',(1.758,4.887,0.));
#1914 = DIRECTION('',(0.381988976935,0.924166879681,-0.));
#1915 = DIRECTION('',(0.924166879681,-0.381988976935,0.));
#1916 = ADVANCED_FACE('',(#1917),#1942,.T.);
#1917 = FACE_BOUND('',#1918,.T.);
#1918 = EDGE_LOOP('',(#1919,#1920,#1928,#1936));
#1919 = ORIENTED_EDGE('',*,*,#1898,.T.);
#1920 = ORIENTED_EDGE('',*,*,#1921,.T.);
#1921 = EDGE_CURVE('',#1891,#1922,#1924,.T.);
#1922 = VERTEX_POINT('',#1923);
#1923 = CARTESIAN_POINT('',(1.905,4.817,0.4103624));
#1924 = LINE('',#1925,#1926);
#1925 = CARTESIAN_POINT('',(1.833,4.856,0.4103624));
#1926 = VECTOR('',#1927,1.);
#1927 = DIRECTION('',(0.879291966537,-0.476283148541,0.));
#1928 = ORIENTED_EDGE('',*,*,#1929,.F.);
#1929 = EDGE_CURVE('',#1930,#1922,#1932,.T.);
#1930 = VERTEX_POINT('',#1931);
#1931 = CARTESIAN_POINT('',(1.905,4.817,0.));
#1932 = LINE('',#1933,#1934);
#1933 = CARTESIAN_POINT('',(1.905,4.817,0.));
#1934 = VECTOR('',#1935,1.);
#1935 = DIRECTION('',(0.,0.,1.));
#1936 = ORIENTED_EDGE('',*,*,#1937,.F.);
#1937 = EDGE_CURVE('',#1899,#1930,#1938,.T.);
#1938 = LINE('',#1939,#1940);
#1939 = CARTESIAN_POINT('',(1.833,4.856,0.));
#1940 = VECTOR('',#1941,1.);
#1941 = DIRECTION('',(0.879291966537,-0.476283148541,0.));
#1942 = PLANE('',#1943);
#1943 = AXIS2_PLACEMENT_3D('',#1944,#1945,#1946);
#1944 = CARTESIAN_POINT('',(1.833,4.856,0.));
#1945 = DIRECTION('',(0.476283148541,0.879291966537,-0.));
#1946 = DIRECTION('',(0.879291966537,-0.476283148541,0.));
#1947 = ADVANCED_FACE('',(#1948),#1973,.T.);
#1948 = FACE_BOUND('',#1949,.T.);
#1949 = EDGE_LOOP('',(#1950,#1951,#1959,#1967));
#1950 = ORIENTED_EDGE('',*,*,#1929,.T.);
#1951 = ORIENTED_EDGE('',*,*,#1952,.T.);
#1952 = EDGE_CURVE('',#1922,#1953,#1955,.T.);
#1953 = VERTEX_POINT('',#1954);
#1954 = CARTESIAN_POINT('',(1.983,4.794,0.4103624));
#1955 = LINE('',#1956,#1957);
#1956 = CARTESIAN_POINT('',(1.905,4.817,0.4103624));
#1957 = VECTOR('',#1958,1.);
#1958 = DIRECTION('',(0.959169457756,-0.282832019595,0.));
#1959 = ORIENTED_EDGE('',*,*,#1960,.F.);
#1960 = EDGE_CURVE('',#1961,#1953,#1963,.T.);
#1961 = VERTEX_POINT('',#1962);
#1962 = CARTESIAN_POINT('',(1.983,4.794,0.));
#1963 = LINE('',#1964,#1965);
#1964 = CARTESIAN_POINT('',(1.983,4.794,0.));
#1965 = VECTOR('',#1966,1.);
#1966 = DIRECTION('',(0.,0.,1.));
#1967 = ORIENTED_EDGE('',*,*,#1968,.F.);
#1968 = EDGE_CURVE('',#1930,#1961,#1969,.T.);
#1969 = LINE('',#1970,#1971);
#1970 = CARTESIAN_POINT('',(1.905,4.817,0.));
#1971 = VECTOR('',#1972,1.);
#1972 = DIRECTION('',(0.959169457756,-0.282832019595,0.));
#1973 = PLANE('',#1974);
#1974 = AXIS2_PLACEMENT_3D('',#1975,#1976,#1977);
#1975 = CARTESIAN_POINT('',(1.905,4.817,0.));
#1976 = DIRECTION('',(0.282832019595,0.959169457756,-0.));
#1977 = DIRECTION('',(0.959169457756,-0.282832019595,0.));
#1978 = ADVANCED_FACE('',(#1979),#2004,.T.);
#1979 = FACE_BOUND('',#1980,.T.);
#1980 = EDGE_LOOP('',(#1981,#1982,#1990,#1998));
#1981 = ORIENTED_EDGE('',*,*,#1960,.T.);
#1982 = ORIENTED_EDGE('',*,*,#1983,.T.);
#1983 = EDGE_CURVE('',#1953,#1984,#1986,.T.);
#1984 = VERTEX_POINT('',#1985);
#1985 = CARTESIAN_POINT('',(2.058,4.762,0.4103624));
#1986 = LINE('',#1987,#1988);
#1987 = CARTESIAN_POINT('',(1.983,4.794,0.4103624));
#1988 = VECTOR('',#1989,1.);
#1989 = DIRECTION('',(0.919778168081,-0.392438685048,0.));
#1990 = ORIENTED_EDGE('',*,*,#1991,.F.);
#1991 = EDGE_CURVE('',#1992,#1984,#1994,.T.);
#1992 = VERTEX_POINT('',#1993);
#1993 = CARTESIAN_POINT('',(2.058,4.762,0.));
#1994 = LINE('',#1995,#1996);
#1995 = CARTESIAN_POINT('',(2.058,4.762,0.));
#1996 = VECTOR('',#1997,1.);
#1997 = DIRECTION('',(0.,0.,1.));
#1998 = ORIENTED_EDGE('',*,*,#1999,.F.);
#1999 = EDGE_CURVE('',#1961,#1992,#2000,.T.);
#2000 = LINE('',#2001,#2002);
#2001 = CARTESIAN_POINT('',(1.983,4.794,0.));
#2002 = VECTOR('',#2003,1.);
#2003 = DIRECTION('',(0.919778168081,-0.392438685048,0.));
#2004 = PLANE('',#2005);
#2005 = AXIS2_PLACEMENT_3D('',#2006,#2007,#2008);
#2006 = CARTESIAN_POINT('',(1.983,4.794,0.));
#2007 = DIRECTION('',(0.392438685048,0.919778168081,-0.));
#2008 = DIRECTION('',(0.919778168081,-0.392438685048,0.));
#2009 = ADVANCED_FACE('',(#2010),#2035,.T.);
#2010 = FACE_BOUND('',#2011,.T.);
#2011 = EDGE_LOOP('',(#2012,#2013,#2021,#2029));
#2012 = ORIENTED_EDGE('',*,*,#1991,.T.);
#2013 = ORIENTED_EDGE('',*,*,#2014,.T.);
#2014 = EDGE_CURVE('',#1984,#2015,#2017,.T.);
#2015 = VERTEX_POINT('',#2016);
#2016 = CARTESIAN_POINT('',(2.138,4.747,0.4103624));
#2017 = LINE('',#2018,#2019);
#2018 = CARTESIAN_POINT('',(2.058,4.762,0.4103624));
#2019 = VECTOR('',#2020,1.);
#2020 = DIRECTION('',(0.982872186934,-0.18428853505,0.));
#2021 = ORIENTED_EDGE('',*,*,#2022,.F.);
#2022 = EDGE_CURVE('',#2023,#2015,#2025,.T.);
#2023 = VERTEX_POINT('',#2024);
#2024 = CARTESIAN_POINT('',(2.138,4.747,0.));
#2025 = LINE('',#2026,#2027);
#2026 = CARTESIAN_POINT('',(2.138,4.747,0.));
#2027 = VECTOR('',#2028,1.);
#2028 = DIRECTION('',(0.,0.,1.));
#2029 = ORIENTED_EDGE('',*,*,#2030,.F.);
#2030 = EDGE_CURVE('',#1992,#2023,#2031,.T.);
#2031 = LINE('',#2032,#2033);
#2032 = CARTESIAN_POINT('',(2.058,4.762,0.));
#2033 = VECTOR('',#2034,1.);
#2034 = DIRECTION('',(0.982872186934,-0.18428853505,0.));
#2035 = PLANE('',#2036);
#2036 = AXIS2_PLACEMENT_3D('',#2037,#2038,#2039);
#2037 = CARTESIAN_POINT('',(2.058,4.762,0.));
#2038 = DIRECTION('',(0.18428853505,0.982872186934,-0.));
#2039 = DIRECTION('',(0.982872186934,-0.18428853505,0.));
#2040 = ADVANCED_FACE('',(#2041),#2066,.T.);
#2041 = FACE_BOUND('',#2042,.T.);
#2042 = EDGE_LOOP('',(#2043,#2044,#2052,#2060));
#2043 = ORIENTED_EDGE('',*,*,#2022,.T.);
#2044 = ORIENTED_EDGE('',*,*,#2045,.T.);
#2045 = EDGE_CURVE('',#2015,#2046,#2048,.T.);
#2046 = VERTEX_POINT('',#2047);
#2047 = CARTESIAN_POINT('',(2.216,4.723,0.4103624));
#2048 = LINE('',#2049,#2050);
#2049 = CARTESIAN_POINT('',(2.138,4.747,0.4103624));
#2050 = VECTOR('',#2051,1.);
#2051 = DIRECTION('',(0.955779008722,-0.294085848838,0.));
#2052 = ORIENTED_EDGE('',*,*,#2053,.F.);
#2053 = EDGE_CURVE('',#2054,#2046,#2056,.T.);
#2054 = VERTEX_POINT('',#2055);
#2055 = CARTESIAN_POINT('',(2.216,4.723,0.));
#2056 = LINE('',#2057,#2058);
#2057 = CARTESIAN_POINT('',(2.216,4.723,0.));
#2058 = VECTOR('',#2059,1.);
#2059 = DIRECTION('',(0.,0.,1.));
#2060 = ORIENTED_EDGE('',*,*,#2061,.F.);
#2061 = EDGE_CURVE('',#2023,#2054,#2062,.T.);
#2062 = LINE('',#2063,#2064);
#2063 = CARTESIAN_POINT('',(2.138,4.747,0.));
#2064 = VECTOR('',#2065,1.);
#2065 = DIRECTION('',(0.955779008722,-0.294085848838,0.));
#2066 = PLANE('',#2067);
#2067 = AXIS2_PLACEMENT_3D('',#2068,#2069,#2070);
#2068 = CARTESIAN_POINT('',(2.138,4.747,0.));
#2069 = DIRECTION('',(0.294085848838,0.955779008722,-0.));
#2070 = DIRECTION('',(0.955779008722,-0.294085848838,0.));
#2071 = ADVANCED_FACE('',(#2072),#2097,.T.);
#2072 = FACE_BOUND('',#2073,.T.);
#2073 = EDGE_LOOP('',(#2074,#2075,#2083,#2091));
#2074 = ORIENTED_EDGE('',*,*,#2053,.T.);
#2075 = ORIENTED_EDGE('',*,*,#2076,.T.);
#2076 = EDGE_CURVE('',#2046,#2077,#2079,.T.);
#2077 = VERTEX_POINT('',#2078);
#2078 = CARTESIAN_POINT('',(2.297,4.715,0.4103624));
#2079 = LINE('',#2080,#2081);
#2080 = CARTESIAN_POINT('',(2.216,4.723,0.4103624));
#2081 = VECTOR('',#2082,1.);
#2082 = DIRECTION('',(0.995158089271,-9.828721869343E-02,0.));
#2083 = ORIENTED_EDGE('',*,*,#2084,.F.);
#2084 = EDGE_CURVE('',#2085,#2077,#2087,.T.);
#2085 = VERTEX_POINT('',#2086);
#2086 = CARTESIAN_POINT('',(2.297,4.715,0.));
#2087 = LINE('',#2088,#2089);
#2088 = CARTESIAN_POINT('',(2.297,4.715,0.));
#2089 = VECTOR('',#2090,1.);
#2090 = DIRECTION('',(0.,0.,1.));
#2091 = ORIENTED_EDGE('',*,*,#2092,.F.);
#2092 = EDGE_CURVE('',#2054,#2085,#2093,.T.);
#2093 = LINE('',#2094,#2095);
#2094 = CARTESIAN_POINT('',(2.216,4.723,0.));
#2095 = VECTOR('',#2096,1.);
#2096 = DIRECTION('',(0.995158089271,-9.828721869343E-02,0.));
#2097 = PLANE('',#2098);
#2098 = AXIS2_PLACEMENT_3D('',#2099,#2100,#2101);
#2099 = CARTESIAN_POINT('',(2.216,4.723,0.));
#2100 = DIRECTION('',(9.828721869343E-02,0.995158089271,-0.));
#2101 = DIRECTION('',(0.995158089271,-9.828721869343E-02,0.));
#2102 = ADVANCED_FACE('',(#2103),#2128,.T.);
#2103 = FACE_BOUND('',#2104,.T.);
#2104 = EDGE_LOOP('',(#2105,#2106,#2114,#2122));
#2105 = ORIENTED_EDGE('',*,*,#2084,.T.);
#2106 = ORIENTED_EDGE('',*,*,#2107,.T.);
#2107 = EDGE_CURVE('',#2077,#2108,#2110,.T.);
#2108 = VERTEX_POINT('',#2109);
#2109 = CARTESIAN_POINT('',(2.377,4.699,0.4103624));
#2110 = LINE('',#2111,#2112);
#2111 = CARTESIAN_POINT('',(2.297,4.715,0.4103624));
#2112 = VECTOR('',#2113,1.);
#2113 = DIRECTION('',(0.980580675691,-0.196116135138,0.));
#2114 = ORIENTED_EDGE('',*,*,#2115,.F.);
#2115 = EDGE_CURVE('',#2116,#2108,#2118,.T.);
#2116 = VERTEX_POINT('',#2117);
#2117 = CARTESIAN_POINT('',(2.377,4.699,0.));
#2118 = LINE('',#2119,#2120);
#2119 = CARTESIAN_POINT('',(2.377,4.699,0.));
#2120 = VECTOR('',#2121,1.);
#2121 = DIRECTION('',(0.,0.,1.));
#2122 = ORIENTED_EDGE('',*,*,#2123,.F.);
#2123 = EDGE_CURVE('',#2085,#2116,#2124,.T.);
#2124 = LINE('',#2125,#2126);
#2125 = CARTESIAN_POINT('',(2.297,4.715,0.));
#2126 = VECTOR('',#2127,1.);
#2127 = DIRECTION('',(0.980580675691,-0.196116135138,0.));
#2128 = PLANE('',#2129);
#2129 = AXIS2_PLACEMENT_3D('',#2130,#2131,#2132);
#2130 = CARTESIAN_POINT('',(2.297,4.715,0.));
#2131 = DIRECTION('',(0.196116135138,0.980580675691,-0.));
#2132 = DIRECTION('',(0.980580675691,-0.196116135138,0.));
#2133 = ADVANCED_FACE('',(#2134),#2159,.T.);
#2134 = FACE_BOUND('',#2135,.T.);
#2135 = EDGE_LOOP('',(#2136,#2137,#2145,#2153));
#2136 = ORIENTED_EDGE('',*,*,#2115,.T.);
#2137 = ORIENTED_EDGE('',*,*,#2138,.T.);
#2138 = EDGE_CURVE('',#2108,#2139,#2141,.T.);
#2139 = VERTEX_POINT('',#2140);
#2140 = CARTESIAN_POINT('',(2.459,4.699,0.4103624));
#2141 = LINE('',#2142,#2143);
#2142 = CARTESIAN_POINT('',(2.377,4.699,0.4103624));
#2143 = VECTOR('',#2144,1.);
#2144 = DIRECTION('',(1.,0.,0.));
#2145 = ORIENTED_EDGE('',*,*,#2146,.F.);
#2146 = EDGE_CURVE('',#2147,#2139,#2149,.T.);
#2147 = VERTEX_POINT('',#2148);
#2148 = CARTESIAN_POINT('',(2.459,4.699,0.));
#2149 = LINE('',#2150,#2151);
#2150 = CARTESIAN_POINT('',(2.459,4.699,0.));
#2151 = VECTOR('',#2152,1.);
#2152 = DIRECTION('',(0.,0.,1.));
#2153 = ORIENTED_EDGE('',*,*,#2154,.F.);
#2154 = EDGE_CURVE('',#2116,#2147,#2155,.T.);
#2155 = LINE('',#2156,#2157);
#2156 = CARTESIAN_POINT('',(2.377,4.699,0.));
#2157 = VECTOR('',#2158,1.);
#2158 = DIRECTION('',(1.,0.,0.));
#2159 = PLANE('',#2160);
#2160 = AXIS2_PLACEMENT_3D('',#2161,#2162,#2163);
#2161 = CARTESIAN_POINT('',(2.377,4.699,0.));
#2162 = DIRECTION('',(0.,1.,0.));
#2163 = DIRECTION('',(1.,0.,0.));
#2164 = ADVANCED_FACE('',(#2165),#2190,.T.);
#2165 = FACE_BOUND('',#2166,.T.);
#2166 = EDGE_LOOP('',(#2167,#2168,#2176,#2184));
#2167 = ORIENTED_EDGE('',*,*,#2146,.T.);
#2168 = ORIENTED_EDGE('',*,*,#2169,.T.);
#2169 = EDGE_CURVE('',#2139,#2170,#2172,.T.);
#2170 = VERTEX_POINT('',#2171);
#2171 = CARTESIAN_POINT('',(2.54,4.691,0.4103624));
#2172 = LINE('',#2173,#2174);
#2173 = CARTESIAN_POINT('',(2.459,4.699,0.4103624));
#2174 = VECTOR('',#2175,1.);
#2175 = DIRECTION('',(0.995158089271,-9.828721869343E-02,0.));
#2176 = ORIENTED_EDGE('',*,*,#2177,.F.);
#2177 = EDGE_CURVE('',#2178,#2170,#2180,.T.);
#2178 = VERTEX_POINT('',#2179);
#2179 = CARTESIAN_POINT('',(2.54,4.691,0.));
#2180 = LINE('',#2181,#2182);
#2181 = CARTESIAN_POINT('',(2.54,4.691,0.));
#2182 = VECTOR('',#2183,1.);
#2183 = DIRECTION('',(0.,0.,1.));
#2184 = ORIENTED_EDGE('',*,*,#2185,.F.);
#2185 = EDGE_CURVE('',#2147,#2178,#2186,.T.);
#2186 = LINE('',#2187,#2188);
#2187 = CARTESIAN_POINT('',(2.459,4.699,0.));
#2188 = VECTOR('',#2189,1.);
#2189 = DIRECTION('',(0.995158089271,-9.828721869343E-02,0.));
#2190 = PLANE('',#2191);
#2191 = AXIS2_PLACEMENT_3D('',#2192,#2193,#2194);
#2192 = CARTESIAN_POINT('',(2.459,4.699,0.));
#2193 = DIRECTION('',(9.828721869343E-02,0.995158089271,-0.));
#2194 = DIRECTION('',(0.995158089271,-9.828721869343E-02,0.));
#2195 = ADVANCED_FACE('',(#2196),#2221,.T.);
#2196 = FACE_BOUND('',#2197,.T.);
#2197 = EDGE_LOOP('',(#2198,#2199,#2207,#2215));
#2198 = ORIENTED_EDGE('',*,*,#2177,.T.);
#2199 = ORIENTED_EDGE('',*,*,#2200,.T.);
#2200 = EDGE_CURVE('',#2170,#2201,#2203,.T.);
#2201 = VERTEX_POINT('',#2202);
#2202 = CARTESIAN_POINT('',(2.621,4.699,0.4103624));
#2203 = LINE('',#2204,#2205);
#2204 = CARTESIAN_POINT('',(2.54,4.691,0.4103624));
#2205 = VECTOR('',#2206,1.);
#2206 = DIRECTION('',(0.995158089271,9.828721869343E-02,0.));
#2207 = ORIENTED_EDGE('',*,*,#2208,.F.);
#2208 = EDGE_CURVE('',#2209,#2201,#2211,.T.);
#2209 = VERTEX_POINT('',#2210);
#2210 = CARTESIAN_POINT('',(2.621,4.699,0.));
#2211 = LINE('',#2212,#2213);
#2212 = CARTESIAN_POINT('',(2.621,4.699,0.));
#2213 = VECTOR('',#2214,1.);
#2214 = DIRECTION('',(0.,0.,1.));
#2215 = ORIENTED_EDGE('',*,*,#2216,.F.);
#2216 = EDGE_CURVE('',#2178,#2209,#2217,.T.);
#2217 = LINE('',#2218,#2219);
#2218 = CARTESIAN_POINT('',(2.54,4.691,0.));
#2219 = VECTOR('',#2220,1.);
#2220 = DIRECTION('',(0.995158089271,9.828721869343E-02,0.));
#2221 = PLANE('',#2222);
#2222 = AXIS2_PLACEMENT_3D('',#2223,#2224,#2225);
#2223 = CARTESIAN_POINT('',(2.54,4.691,0.));
#2224 = DIRECTION('',(-9.828721869343E-02,0.995158089271,0.));
#2225 = DIRECTION('',(0.995158089271,9.828721869343E-02,0.));
#2226 = ADVANCED_FACE('',(#2227),#2252,.T.);
#2227 = FACE_BOUND('',#2228,.T.);
#2228 = EDGE_LOOP('',(#2229,#2230,#2238,#2246));
#2229 = ORIENTED_EDGE('',*,*,#2208,.T.);
#2230 = ORIENTED_EDGE('',*,*,#2231,.T.);
#2231 = EDGE_CURVE('',#2201,#2232,#2234,.T.);
#2232 = VERTEX_POINT('',#2233);
#2233 = CARTESIAN_POINT('',(2.703,4.699,0.4103624));
#2234 = LINE('',#2235,#2236);
#2235 = CARTESIAN_POINT('',(2.621,4.699,0.4103624));
#2236 = VECTOR('',#2237,1.);
#2237 = DIRECTION('',(1.,0.,0.));
#2238 = ORIENTED_EDGE('',*,*,#2239,.F.);
#2239 = EDGE_CURVE('',#2240,#2232,#2242,.T.);
#2240 = VERTEX_POINT('',#2241);
#2241 = CARTESIAN_POINT('',(2.703,4.699,0.));
#2242 = LINE('',#2243,#2244);
#2243 = CARTESIAN_POINT('',(2.703,4.699,0.));
#2244 = VECTOR('',#2245,1.);
#2245 = DIRECTION('',(0.,0.,1.));
#2246 = ORIENTED_EDGE('',*,*,#2247,.F.);
#2247 = EDGE_CURVE('',#2209,#2240,#2248,.T.);
#2248 = LINE('',#2249,#2250);
#2249 = CARTESIAN_POINT('',(2.621,4.699,0.));
#2250 = VECTOR('',#2251,1.);
#2251 = DIRECTION('',(1.,0.,0.));
#2252 = PLANE('',#2253);
#2253 = AXIS2_PLACEMENT_3D('',#2254,#2255,#2256);
#2254 = CARTESIAN_POINT('',(2.621,4.699,0.));
#2255 = DIRECTION('',(0.,1.,0.));
#2256 = DIRECTION('',(1.,0.,0.));
#2257 = ADVANCED_FACE('',(#2258),#2283,.T.);
#2258 = FACE_BOUND('',#2259,.T.);
#2259 = EDGE_LOOP('',(#2260,#2261,#2269,#2277));
#2260 = ORIENTED_EDGE('',*,*,#2239,.T.);
#2261 = ORIENTED_EDGE('',*,*,#2262,.T.);
#2262 = EDGE_CURVE('',#2232,#2263,#2265,.T.);
#2263 = VERTEX_POINT('',#2264);
#2264 = CARTESIAN_POINT('',(2.783,4.715,0.4103624));
#2265 = LINE('',#2266,#2267);
#2266 = CARTESIAN_POINT('',(2.703,4.699,0.4103624));
#2267 = VECTOR('',#2268,1.);
#2268 = DIRECTION('',(0.980580675691,0.196116135138,0.));
#2269 = ORIENTED_EDGE('',*,*,#2270,.F.);
#2270 = EDGE_CURVE('',#2271,#2263,#2273,.T.);
#2271 = VERTEX_POINT('',#2272);
#2272 = CARTESIAN_POINT('',(2.783,4.715,0.));
#2273 = LINE('',#2274,#2275);
#2274 = CARTESIAN_POINT('',(2.783,4.715,0.));
#2275 = VECTOR('',#2276,1.);
#2276 = DIRECTION('',(0.,0.,1.));
#2277 = ORIENTED_EDGE('',*,*,#2278,.F.);
#2278 = EDGE_CURVE('',#2240,#2271,#2279,.T.);
#2279 = LINE('',#2280,#2281);
#2280 = CARTESIAN_POINT('',(2.703,4.699,0.));
#2281 = VECTOR('',#2282,1.);
#2282 = DIRECTION('',(0.980580675691,0.196116135138,0.));
#2283 = PLANE('',#2284);
#2284 = AXIS2_PLACEMENT_3D('',#2285,#2286,#2287);
#2285 = CARTESIAN_POINT('',(2.703,4.699,0.));
#2286 = DIRECTION('',(-0.196116135138,0.980580675691,0.));
#2287 = DIRECTION('',(0.980580675691,0.196116135138,0.));
#2288 = ADVANCED_FACE('',(#2289),#2314,.T.);
#2289 = FACE_BOUND('',#2290,.T.);
#2290 = EDGE_LOOP('',(#2291,#2292,#2300,#2308));
#2291 = ORIENTED_EDGE('',*,*,#2270,.T.);
#2292 = ORIENTED_EDGE('',*,*,#2293,.T.);
#2293 = EDGE_CURVE('',#2263,#2294,#2296,.T.);
#2294 = VERTEX_POINT('',#2295);
#2295 = CARTESIAN_POINT('',(2.864,4.723,0.4103624));
#2296 = LINE('',#2297,#2298);
#2297 = CARTESIAN_POINT('',(2.783,4.715,0.4103624));
#2298 = VECTOR('',#2299,1.);
#2299 = DIRECTION('',(0.995158089271,9.828721869343E-02,0.));
#2300 = ORIENTED_EDGE('',*,*,#2301,.F.);
#2301 = EDGE_CURVE('',#2302,#2294,#2304,.T.);
#2302 = VERTEX_POINT('',#2303);
#2303 = CARTESIAN_POINT('',(2.864,4.723,0.));
#2304 = LINE('',#2305,#2306);
#2305 = CARTESIAN_POINT('',(2.864,4.723,0.));
#2306 = VECTOR('',#2307,1.);
#2307 = DIRECTION('',(0.,0.,1.));
#2308 = ORIENTED_EDGE('',*,*,#2309,.F.);
#2309 = EDGE_CURVE('',#2271,#2302,#2310,.T.);
#2310 = LINE('',#2311,#2312);
#2311 = CARTESIAN_POINT('',(2.783,4.715,0.));
#2312 = VECTOR('',#2313,1.);
#2313 = DIRECTION('',(0.995158089271,9.828721869343E-02,0.));
#2314 = PLANE('',#2315);
#2315 = AXIS2_PLACEMENT_3D('',#2316,#2317,#2318);
#2316 = CARTESIAN_POINT('',(2.783,4.715,0.));
#2317 = DIRECTION('',(-9.828721869343E-02,0.995158089271,0.));
#2318 = DIRECTION('',(0.995158089271,9.828721869343E-02,0.));
#2319 = ADVANCED_FACE('',(#2320),#2345,.T.);
#2320 = FACE_BOUND('',#2321,.T.);
#2321 = EDGE_LOOP('',(#2322,#2323,#2331,#2339));
#2322 = ORIENTED_EDGE('',*,*,#2301,.T.);
#2323 = ORIENTED_EDGE('',*,*,#2324,.T.);
#2324 = EDGE_CURVE('',#2294,#2325,#2327,.T.);
#2325 = VERTEX_POINT('',#2326);
#2326 = CARTESIAN_POINT('',(2.942,4.747,0.4103624));
#2327 = LINE('',#2328,#2329);
#2328 = CARTESIAN_POINT('',(2.864,4.723,0.4103624));
#2329 = VECTOR('',#2330,1.);
#2330 = DIRECTION('',(0.955779008722,0.294085848838,0.));
#2331 = ORIENTED_EDGE('',*,*,#2332,.F.);
#2332 = EDGE_CURVE('',#2333,#2325,#2335,.T.);
#2333 = VERTEX_POINT('',#2334);
#2334 = CARTESIAN_POINT('',(2.942,4.747,0.));
#2335 = LINE('',#2336,#2337);
#2336 = CARTESIAN_POINT('',(2.942,4.747,0.));
#2337 = VECTOR('',#2338,1.);
#2338 = DIRECTION('',(0.,0.,1.));
#2339 = ORIENTED_EDGE('',*,*,#2340,.F.);
#2340 = EDGE_CURVE('',#2302,#2333,#2341,.T.);
#2341 = LINE('',#2342,#2343);
#2342 = CARTESIAN_POINT('',(2.864,4.723,0.));
#2343 = VECTOR('',#2344,1.);
#2344 = DIRECTION('',(0.955779008722,0.294085848838,0.));
#2345 = PLANE('',#2346);
#2346 = AXIS2_PLACEMENT_3D('',#2347,#2348,#2349);
#2347 = CARTESIAN_POINT('',(2.864,4.723,0.));
#2348 = DIRECTION('',(-0.294085848838,0.955779008722,0.));
#2349 = DIRECTION('',(0.955779008722,0.294085848838,0.));
#2350 = ADVANCED_FACE('',(#2351),#2376,.T.);
#2351 = FACE_BOUND('',#2352,.T.);
#2352 = EDGE_LOOP('',(#2353,#2354,#2362,#2370));
#2353 = ORIENTED_EDGE('',*,*,#2332,.T.);
#2354 = ORIENTED_EDGE('',*,*,#2355,.T.);
#2355 = EDGE_CURVE('',#2325,#2356,#2358,.T.);
#2356 = VERTEX_POINT('',#2357);
#2357 = CARTESIAN_POINT('',(3.022,4.762,0.4103624));
#2358 = LINE('',#2359,#2360);
#2359 = CARTESIAN_POINT('',(2.942,4.747,0.4103624));
#2360 = VECTOR('',#2361,1.);
#2361 = DIRECTION('',(0.982872186934,0.18428853505,0.));
#2362 = ORIENTED_EDGE('',*,*,#2363,.F.);
#2363 = EDGE_CURVE('',#2364,#2356,#2366,.T.);
#2364 = VERTEX_POINT('',#2365);
#2365 = CARTESIAN_POINT('',(3.022,4.762,0.));
#2366 = LINE('',#2367,#2368);
#2367 = CARTESIAN_POINT('',(3.022,4.762,0.));
#2368 = VECTOR('',#2369,1.);
#2369 = DIRECTION('',(0.,0.,1.));
#2370 = ORIENTED_EDGE('',*,*,#2371,.F.);
#2371 = EDGE_CURVE('',#2333,#2364,#2372,.T.);
#2372 = LINE('',#2373,#2374);
#2373 = CARTESIAN_POINT('',(2.942,4.747,0.));
#2374 = VECTOR('',#2375,1.);
#2375 = DIRECTION('',(0.982872186934,0.18428853505,0.));
#2376 = PLANE('',#2377);
#2377 = AXIS2_PLACEMENT_3D('',#2378,#2379,#2380);
#2378 = CARTESIAN_POINT('',(2.942,4.747,0.));
#2379 = DIRECTION('',(-0.18428853505,0.982872186934,0.));
#2380 = DIRECTION('',(0.982872186934,0.18428853505,0.));
#2381 = ADVANCED_FACE('',(#2382),#2407,.T.);
#2382 = FACE_BOUND('',#2383,.T.);
#2383 = EDGE_LOOP('',(#2384,#2385,#2393,#2401));
#2384 = ORIENTED_EDGE('',*,*,#2363,.T.);
#2385 = ORIENTED_EDGE('',*,*,#2386,.T.);
#2386 = EDGE_CURVE('',#2356,#2387,#2389,.T.);
#2387 = VERTEX_POINT('',#2388);
#2388 = CARTESIAN_POINT('',(3.097,4.794,0.4103624));
#2389 = LINE('',#2390,#2391);
#2390 = CARTESIAN_POINT('',(3.022,4.762,0.4103624));
#2391 = VECTOR('',#2392,1.);
#2392 = DIRECTION('',(0.919778168081,0.392438685048,0.));
#2393 = ORIENTED_EDGE('',*,*,#2394,.F.);
#2394 = EDGE_CURVE('',#2395,#2387,#2397,.T.);
#2395 = VERTEX_POINT('',#2396);
#2396 = CARTESIAN_POINT('',(3.097,4.794,0.));
#2397 = LINE('',#2398,#2399);
#2398 = CARTESIAN_POINT('',(3.097,4.794,0.));
#2399 = VECTOR('',#2400,1.);
#2400 = DIRECTION('',(0.,0.,1.));
#2401 = ORIENTED_EDGE('',*,*,#2402,.F.);
#2402 = EDGE_CURVE('',#2364,#2395,#2403,.T.);
#2403 = LINE('',#2404,#2405);
#2404 = CARTESIAN_POINT('',(3.022,4.762,0.));
#2405 = VECTOR('',#2406,1.);
#2406 = DIRECTION('',(0.919778168081,0.392438685048,0.));
#2407 = PLANE('',#2408);
#2408 = AXIS2_PLACEMENT_3D('',#2409,#2410,#2411);
#2409 = CARTESIAN_POINT('',(3.022,4.762,0.));
#2410 = DIRECTION('',(-0.392438685048,0.919778168081,0.));
#2411 = DIRECTION('',(0.919778168081,0.392438685048,0.));
#2412 = ADVANCED_FACE('',(#2413),#2438,.T.);
#2413 = FACE_BOUND('',#2414,.T.);
#2414 = EDGE_LOOP('',(#2415,#2416,#2424,#2432));
#2415 = ORIENTED_EDGE('',*,*,#2394,.T.);
#2416 = ORIENTED_EDGE('',*,*,#2417,.T.);
#2417 = EDGE_CURVE('',#2387,#2418,#2420,.T.);
#2418 = VERTEX_POINT('',#2419);
#2419 = CARTESIAN_POINT('',(3.175,4.817,0.4103624));
#2420 = LINE('',#2421,#2422);
#2421 = CARTESIAN_POINT('',(3.097,4.794,0.4103624));
#2422 = VECTOR('',#2423,1.);
#2423 = DIRECTION('',(0.959169457756,0.282832019595,0.));
#2424 = ORIENTED_EDGE('',*,*,#2425,.F.);
#2425 = EDGE_CURVE('',#2426,#2418,#2428,.T.);
#2426 = VERTEX_POINT('',#2427);
#2427 = CARTESIAN_POINT('',(3.175,4.817,0.));
#2428 = LINE('',#2429,#2430);
#2429 = CARTESIAN_POINT('',(3.175,4.817,0.));
#2430 = VECTOR('',#2431,1.);
#2431 = DIRECTION('',(0.,0.,1.));
#2432 = ORIENTED_EDGE('',*,*,#2433,.F.);
#2433 = EDGE_CURVE('',#2395,#2426,#2434,.T.);
#2434 = LINE('',#2435,#2436);
#2435 = CARTESIAN_POINT('',(3.097,4.794,0.));
#2436 = VECTOR('',#2437,1.);
#2437 = DIRECTION('',(0.959169457756,0.282832019595,0.));
#2438 = PLANE('',#2439);
#2439 = AXIS2_PLACEMENT_3D('',#2440,#2441,#2442);
#2440 = CARTESIAN_POINT('',(3.097,4.794,0.));
#2441 = DIRECTION('',(-0.282832019595,0.959169457756,0.));
#2442 = DIRECTION('',(0.959169457756,0.282832019595,0.));
#2443 = ADVANCED_FACE('',(#2444),#2469,.T.);
#2444 = FACE_BOUND('',#2445,.T.);
#2445 = EDGE_LOOP('',(#2446,#2447,#2455,#2463));
#2446 = ORIENTED_EDGE('',*,*,#2425,.T.);
#2447 = ORIENTED_EDGE('',*,*,#2448,.T.);
#2448 = EDGE_CURVE('',#2418,#2449,#2451,.T.);
#2449 = VERTEX_POINT('',#2450);
#2450 = CARTESIAN_POINT('',(3.247,4.856,0.4103624));
#2451 = LINE('',#2452,#2453);
#2452 = CARTESIAN_POINT('',(3.175,4.817,0.4103624));
#2453 = VECTOR('',#2454,1.);
#2454 = DIRECTION('',(0.879291966537,0.476283148541,0.));
#2455 = ORIENTED_EDGE('',*,*,#2456,.F.);
#2456 = EDGE_CURVE('',#2457,#2449,#2459,.T.);
#2457 = VERTEX_POINT('',#2458);
#2458 = CARTESIAN_POINT('',(3.247,4.856,0.));
#2459 = LINE('',#2460,#2461);
#2460 = CARTESIAN_POINT('',(3.247,4.856,0.));
#2461 = VECTOR('',#2462,1.);
#2462 = DIRECTION('',(0.,0.,1.));
#2463 = ORIENTED_EDGE('',*,*,#2464,.F.);
#2464 = EDGE_CURVE('',#2426,#2457,#2465,.T.);
#2465 = LINE('',#2466,#2467);
#2466 = CARTESIAN_POINT('',(3.175,4.817,0.));
#2467 = VECTOR('',#2468,1.);
#2468 = DIRECTION('',(0.879291966537,0.476283148541,0.));
#2469 = PLANE('',#2470);
#2470 = AXIS2_PLACEMENT_3D('',#2471,#2472,#2473);
#2471 = CARTESIAN_POINT('',(3.175,4.817,0.));
#2472 = DIRECTION('',(-0.476283148541,0.879291966537,0.));
#2473 = DIRECTION('',(0.879291966537,0.476283148541,0.));
#2474 = ADVANCED_FACE('',(#2475),#2500,.T.);
#2475 = FACE_BOUND('',#2476,.T.);
#2476 = EDGE_LOOP('',(#2477,#2478,#2486,#2494));
#2477 = ORIENTED_EDGE('',*,*,#2456,.T.);
#2478 = ORIENTED_EDGE('',*,*,#2479,.T.);
#2479 = EDGE_CURVE('',#2449,#2480,#2482,.T.);
#2480 = VERTEX_POINT('',#2481);
#2481 = CARTESIAN_POINT('',(3.322,4.887,0.4103624));
#2482 = LINE('',#2483,#2484);
#2483 = CARTESIAN_POINT('',(3.247,4.856,0.4103624));
#2484 = VECTOR('',#2485,1.);
#2485 = DIRECTION('',(0.924166879681,0.381988976935,0.));
#2486 = ORIENTED_EDGE('',*,*,#2487,.F.);
#2487 = EDGE_CURVE('',#2488,#2480,#2490,.T.);
#2488 = VERTEX_POINT('',#2489);
#2489 = CARTESIAN_POINT('',(3.322,4.887,0.));
#2490 = LINE('',#2491,#2492);
#2491 = CARTESIAN_POINT('',(3.322,4.887,0.));
#2492 = VECTOR('',#2493,1.);
#2493 = DIRECTION('',(0.,0.,1.));
#2494 = ORIENTED_EDGE('',*,*,#2495,.F.);
#2495 = EDGE_CURVE('',#2457,#2488,#2496,.T.);
#2496 = LINE('',#2497,#2498);
#2497 = CARTESIAN_POINT('',(3.247,4.856,0.));
#2498 = VECTOR('',#2499,1.);
#2499 = DIRECTION('',(0.924166879681,0.381988976935,0.));
#2500 = PLANE('',#2501);
#2501 = AXIS2_PLACEMENT_3D('',#2502,#2503,#2504);
#2502 = CARTESIAN_POINT('',(3.247,4.856,0.));
#2503 = DIRECTION('',(-0.381988976935,0.924166879681,0.));
#2504 = DIRECTION('',(0.924166879681,0.381988976935,0.));
#2505 = ADVANCED_FACE('',(#2506),#2531,.T.);
#2506 = FACE_BOUND('',#2507,.T.);
#2507 = EDGE_LOOP('',(#2508,#2509,#2517,#2525));
#2508 = ORIENTED_EDGE('',*,*,#2487,.T.);
#2509 = ORIENTED_EDGE('',*,*,#2510,.T.);
#2510 = EDGE_CURVE('',#2480,#2511,#2513,.T.);
#2511 = VERTEX_POINT('',#2512);
#2512 = CARTESIAN_POINT('',(3.39,4.932,0.4103624));
#2513 = LINE('',#2514,#2515);
#2514 = CARTESIAN_POINT('',(3.322,4.887,0.4103624));
#2515 = VECTOR('',#2516,1.);
#2516 = DIRECTION('',(0.833932205727,0.551866900848,0.));
#2517 = ORIENTED_EDGE('',*,*,#2518,.F.);
#2518 = EDGE_CURVE('',#2519,#2511,#2521,.T.);
#2519 = VERTEX_POINT('',#2520);
#2520 = CARTESIAN_POINT('',(3.39,4.932,0.));
#2521 = LINE('',#2522,#2523);
#2522 = CARTESIAN_POINT('',(3.39,4.932,0.));
#2523 = VECTOR('',#2524,1.);
#2524 = DIRECTION('',(0.,0.,1.));
#2525 = ORIENTED_EDGE('',*,*,#2526,.F.);
#2526 = EDGE_CURVE('',#2488,#2519,#2527,.T.);
#2527 = LINE('',#2528,#2529);
#2528 = CARTESIAN_POINT('',(3.322,4.887,0.));
#2529 = VECTOR('',#2530,1.);
#2530 = DIRECTION('',(0.833932205727,0.551866900848,0.));
#2531 = PLANE('',#2532);
#2532 = AXIS2_PLACEMENT_3D('',#2533,#2534,#2535);
#2533 = CARTESIAN_POINT('',(3.322,4.887,0.));
#2534 = DIRECTION('',(-0.551866900848,0.833932205727,0.));
#2535 = DIRECTION('',(0.833932205727,0.551866900848,0.));
#2536 = ADVANCED_FACE('',(#2537),#2562,.T.);
#2537 = FACE_BOUND('',#2538,.T.);
#2538 = EDGE_LOOP('',(#2539,#2540,#2548,#2556));
#2539 = ORIENTED_EDGE('',*,*,#2518,.T.);
#2540 = ORIENTED_EDGE('',*,*,#2541,.T.);
#2541 = EDGE_CURVE('',#2511,#2542,#2544,.T.);
#2542 = VERTEX_POINT('',#2543);
#2543 = CARTESIAN_POINT('',(3.462,4.971,0.4103624));
#2544 = LINE('',#2545,#2546);
#2545 = CARTESIAN_POINT('',(3.39,4.932,0.4103624));
#2546 = VECTOR('',#2547,1.);
#2547 = DIRECTION('',(0.879291966537,0.476283148541,0.));
#2548 = ORIENTED_EDGE('',*,*,#2549,.F.);
#2549 = EDGE_CURVE('',#2550,#2542,#2552,.T.);
#2550 = VERTEX_POINT('',#2551);
#2551 = CARTESIAN_POINT('',(3.462,4.971,0.));
#2552 = LINE('',#2553,#2554);
#2553 = CARTESIAN_POINT('',(3.462,4.971,0.));
#2554 = VECTOR('',#2555,1.);
#2555 = DIRECTION('',(0.,0.,1.));
#2556 = ORIENTED_EDGE('',*,*,#2557,.F.);
#2557 = EDGE_CURVE('',#2519,#2550,#2558,.T.);
#2558 = LINE('',#2559,#2560);
#2559 = CARTESIAN_POINT('',(3.39,4.932,0.));
#2560 = VECTOR('',#2561,1.);
#2561 = DIRECTION('',(0.879291966537,0.476283148541,0.));
#2562 = PLANE('',#2563);
#2563 = AXIS2_PLACEMENT_3D('',#2564,#2565,#2566);
#2564 = CARTESIAN_POINT('',(3.39,4.932,0.));
#2565 = DIRECTION('',(-0.476283148541,0.879291966537,0.));
#2566 = DIRECTION('',(0.879291966537,0.476283148541,0.));
#2567 = ADVANCED_FACE('',(#2568),#2593,.T.);
#2568 = FACE_BOUND('',#2569,.T.);
#2569 = EDGE_LOOP('',(#2570,#2571,#2579,#2587));
#2570 = ORIENTED_EDGE('',*,*,#2549,.T.);
#2571 = ORIENTED_EDGE('',*,*,#2572,.T.);
#2572 = EDGE_CURVE('',#2542,#2573,#2575,.T.);
#2573 = VERTEX_POINT('',#2574);
#2574 = CARTESIAN_POINT('',(3.525,5.022,0.4103624));
#2575 = LINE('',#2576,#2577);
#2576 = CARTESIAN_POINT('',(3.462,4.971,0.4103624));
#2577 = VECTOR('',#2578,1.);
#2578 = DIRECTION('',(0.777244870707,0.629198228668,0.));
#2579 = ORIENTED_EDGE('',*,*,#2580,.F.);
#2580 = EDGE_CURVE('',#2581,#2573,#2583,.T.);
#2581 = VERTEX_POINT('',#2582);
#2582 = CARTESIAN_POINT('',(3.525,5.022,0.));
#2583 = LINE('',#2584,#2585);
#2584 = CARTESIAN_POINT('',(3.525,5.022,0.));
#2585 = VECTOR('',#2586,1.);
#2586 = DIRECTION('',(0.,0.,1.));
#2587 = ORIENTED_EDGE('',*,*,#2588,.F.);
#2588 = EDGE_CURVE('',#2550,#2581,#2589,.T.);
#2589 = LINE('',#2590,#2591);
#2590 = CARTESIAN_POINT('',(3.462,4.971,0.));
#2591 = VECTOR('',#2592,1.);
#2592 = DIRECTION('',(0.777244870707,0.629198228668,0.));
#2593 = PLANE('',#2594);
#2594 = AXIS2_PLACEMENT_3D('',#2595,#2596,#2597);
#2595 = CARTESIAN_POINT('',(3.462,4.971,0.));
#2596 = DIRECTION('',(-0.629198228668,0.777244870707,0.));
#2597 = DIRECTION('',(0.777244870707,0.629198228668,0.));
#2598 = ADVANCED_FACE('',(#2599),#2624,.T.);
#2599 = FACE_BOUND('',#2600,.T.);
#2600 = EDGE_LOOP('',(#2601,#2602,#2610,#2618));
#2601 = ORIENTED_EDGE('',*,*,#2580,.T.);
#2602 = ORIENTED_EDGE('',*,*,#2603,.T.);
#2603 = EDGE_CURVE('',#2573,#2604,#2606,.T.);
#2604 = VERTEX_POINT('',#2605);
#2605 = CARTESIAN_POINT('',(3.592,5.068,0.4103624));
#2606 = LINE('',#2607,#2608);
#2607 = CARTESIAN_POINT('',(3.525,5.022,0.4103624));
#2608 = VECTOR('',#2609,1.);
#2609 = DIRECTION('',(0.824400775661,0.566006502692,0.));
#2610 = ORIENTED_EDGE('',*,*,#2611,.F.);
#2611 = EDGE_CURVE('',#2612,#2604,#2614,.T.);
#2612 = VERTEX_POINT('',#2613);
#2613 = CARTESIAN_POINT('',(3.592,5.068,0.));
#2614 = LINE('',#2615,#2616);
#2615 = CARTESIAN_POINT('',(3.592,5.068,0.));
#2616 = VECTOR('',#2617,1.);
#2617 = DIRECTION('',(0.,0.,1.));
#2618 = ORIENTED_EDGE('',*,*,#2619,.F.);
#2619 = EDGE_CURVE('',#2581,#2612,#2620,.T.);
#2620 = LINE('',#2621,#2622);
#2621 = CARTESIAN_POINT('',(3.525,5.022,0.));
#2622 = VECTOR('',#2623,1.);
#2623 = DIRECTION('',(0.824400775661,0.566006502692,0.));
#2624 = PLANE('',#2625);
#2625 = AXIS2_PLACEMENT_3D('',#2626,#2627,#2628);
#2626 = CARTESIAN_POINT('',(3.525,5.022,0.));
#2627 = DIRECTION('',(-0.566006502692,0.824400775661,0.));
#2628 = DIRECTION('',(0.824400775661,0.566006502692,0.));
#2629 = ADVANCED_FACE('',(#2630),#2655,.T.);
#2630 = FACE_BOUND('',#2631,.T.);
#2631 = EDGE_LOOP('',(#2632,#2633,#2641,#2649));
#2632 = ORIENTED_EDGE('',*,*,#2611,.T.);
#2633 = ORIENTED_EDGE('',*,*,#2634,.T.);
#2634 = EDGE_CURVE('',#2604,#2635,#2637,.T.);
#2635 = VERTEX_POINT('',#2636);
#2636 = CARTESIAN_POINT('',(3.65,5.125,0.4103624));
#2637 = LINE('',#2638,#2639);
#2638 = CARTESIAN_POINT('',(3.592,5.068,0.4103624));
#2639 = VECTOR('',#2640,1.);
#2640 = DIRECTION('',(0.713228571152,0.700931526822,0.));
#2641 = ORIENTED_EDGE('',*,*,#2642,.F.);
#2642 = EDGE_CURVE('',#2643,#2635,#2645,.T.);
#2643 = VERTEX_POINT('',#2644);
#2644 = CARTESIAN_POINT('',(3.65,5.125,0.));
#2645 = LINE('',#2646,#2647);
#2646 = CARTESIAN_POINT('',(3.65,5.125,0.));
#2647 = VECTOR('',#2648,1.);
#2648 = DIRECTION('',(0.,0.,1.));
#2649 = ORIENTED_EDGE('',*,*,#2650,.F.);
#2650 = EDGE_CURVE('',#2612,#2643,#2651,.T.);
#2651 = LINE('',#2652,#2653);
#2652 = CARTESIAN_POINT('',(3.592,5.068,0.));
#2653 = VECTOR('',#2654,1.);
#2654 = DIRECTION('',(0.713228571152,0.700931526822,0.));
#2655 = PLANE('',#2656);
#2656 = AXIS2_PLACEMENT_3D('',#2657,#2658,#2659);
#2657 = CARTESIAN_POINT('',(3.592,5.068,0.));
#2658 = DIRECTION('',(-0.700931526822,0.713228571152,0.));
#2659 = DIRECTION('',(0.713228571152,0.700931526822,0.));
#2660 = ADVANCED_FACE('',(#2661),#2686,.T.);
#2661 = FACE_BOUND('',#2662,.T.);
#2662 = EDGE_LOOP('',(#2663,#2664,#2672,#2680));
#2663 = ORIENTED_EDGE('',*,*,#2642,.T.);
#2664 = ORIENTED_EDGE('',*,*,#2665,.T.);
#2665 = EDGE_CURVE('',#2635,#2666,#2668,.T.);
#2666 = VERTEX_POINT('',#2667);
#2667 = CARTESIAN_POINT('',(3.713,5.177,0.4103624));
#2668 = LINE('',#2669,#2670);
#2669 = CARTESIAN_POINT('',(3.65,5.125,0.4103624));
#2670 = VECTOR('',#2671,1.);
#2671 = DIRECTION('',(0.771223025002,0.63656503651,0.));
#2672 = ORIENTED_EDGE('',*,*,#2673,.F.);
#2673 = EDGE_CURVE('',#2674,#2666,#2676,.T.);
#2674 = VERTEX_POINT('',#2675);
#2675 = CARTESIAN_POINT('',(3.713,5.177,0.));
#2676 = LINE('',#2677,#2678);
#2677 = CARTESIAN_POINT('',(3.713,5.177,0.));
#2678 = VECTOR('',#2679,1.);
#2679 = DIRECTION('',(0.,0.,1.));
#2680 = ORIENTED_EDGE('',*,*,#2681,.F.);
#2681 = EDGE_CURVE('',#2643,#2674,#2682,.T.);
#2682 = LINE('',#2683,#2684);
#2683 = CARTESIAN_POINT('',(3.65,5.125,0.));
#2684 = VECTOR('',#2685,1.);
#2685 = DIRECTION('',(0.771223025002,0.63656503651,0.));
#2686 = PLANE('',#2687);
#2687 = AXIS2_PLACEMENT_3D('',#2688,#2689,#2690);
#2688 = CARTESIAN_POINT('',(3.65,5.125,0.));
#2689 = DIRECTION('',(-0.63656503651,0.771223025002,0.));
#2690 = DIRECTION('',(0.771223025002,0.63656503651,0.));
#2691 = ADVANCED_FACE('',(#2692),#2717,.T.);
#2692 = FACE_BOUND('',#2693,.T.);
#2693 = EDGE_LOOP('',(#2694,#2695,#2703,#2711));
#2694 = ORIENTED_EDGE('',*,*,#2673,.T.);
#2695 = ORIENTED_EDGE('',*,*,#2696,.T.);
#2696 = EDGE_CURVE('',#2666,#2697,#2699,.T.);
#2697 = VERTEX_POINT('',#2698);
#2698 = CARTESIAN_POINT('',(3.765,5.24,0.4103624));
#2699 = LINE('',#2700,#2701);
#2700 = CARTESIAN_POINT('',(3.713,5.177,0.4103624));
#2701 = VECTOR('',#2702,1.);
#2702 = DIRECTION('',(0.63656503651,0.771223025002,0.));
#2703 = ORIENTED_EDGE('',*,*,#2704,.F.);
#2704 = EDGE_CURVE('',#2705,#2697,#2707,.T.);
#2705 = VERTEX_POINT('',#2706);
#2706 = CARTESIAN_POINT('',(3.765,5.24,0.));
#2707 = LINE('',#2708,#2709);
#2708 = CARTESIAN_POINT('',(3.765,5.24,0.));
#2709 = VECTOR('',#2710,1.);
#2710 = DIRECTION('',(0.,0.,1.));
#2711 = ORIENTED_EDGE('',*,*,#2712,.F.);
#2712 = EDGE_CURVE('',#2674,#2705,#2713,.T.);
#2713 = LINE('',#2714,#2715);
#2714 = CARTESIAN_POINT('',(3.713,5.177,0.));
#2715 = VECTOR('',#2716,1.);
#2716 = DIRECTION('',(0.63656503651,0.771223025002,0.));
#2717 = PLANE('',#2718);
#2718 = AXIS2_PLACEMENT_3D('',#2719,#2720,#2721);
#2719 = CARTESIAN_POINT('',(3.713,5.177,0.));
#2720 = DIRECTION('',(-0.771223025002,0.63656503651,0.));
#2721 = DIRECTION('',(0.63656503651,0.771223025002,0.));
#2722 = ADVANCED_FACE('',(#2723),#2748,.T.);
#2723 = FACE_BOUND('',#2724,.T.);
#2724 = EDGE_LOOP('',(#2725,#2726,#2734,#2742));
#2725 = ORIENTED_EDGE('',*,*,#2704,.T.);
#2726 = ORIENTED_EDGE('',*,*,#2727,.T.);
#2727 = EDGE_CURVE('',#2697,#2728,#2730,.T.);
#2728 = VERTEX_POINT('',#2729);
#2729 = CARTESIAN_POINT('',(3.822,5.298,0.4103624));
#2730 = LINE('',#2731,#2732);
#2731 = CARTESIAN_POINT('',(3.765,5.24,0.4103624));
#2732 = VECTOR('',#2733,1.);
#2733 = DIRECTION('',(0.700931526822,0.713228571152,0.));
#2734 = ORIENTED_EDGE('',*,*,#2735,.F.);
#2735 = EDGE_CURVE('',#2736,#2728,#2738,.T.);
#2736 = VERTEX_POINT('',#2737);
#2737 = CARTESIAN_POINT('',(3.822,5.298,0.));
#2738 = LINE('',#2739,#2740);
#2739 = CARTESIAN_POINT('',(3.822,5.298,0.));
#2740 = VECTOR('',#2741,1.);
#2741 = DIRECTION('',(0.,0.,1.));
#2742 = ORIENTED_EDGE('',*,*,#2743,.F.);
#2743 = EDGE_CURVE('',#2705,#2736,#2744,.T.);
#2744 = LINE('',#2745,#2746);
#2745 = CARTESIAN_POINT('',(3.765,5.24,0.));
#2746 = VECTOR('',#2747,1.);
#2747 = DIRECTION('',(0.700931526822,0.713228571152,0.));
#2748 = PLANE('',#2749);
#2749 = AXIS2_PLACEMENT_3D('',#2750,#2751,#2752);
#2750 = CARTESIAN_POINT('',(3.765,5.24,0.));
#2751 = DIRECTION('',(-0.713228571152,0.700931526822,0.));
#2752 = DIRECTION('',(0.700931526822,0.713228571152,0.));
#2753 = ADVANCED_FACE('',(#2754),#2779,.T.);
#2754 = FACE_BOUND('',#2755,.T.);
#2755 = EDGE_LOOP('',(#2756,#2757,#2765,#2773));
#2756 = ORIENTED_EDGE('',*,*,#2735,.T.);
#2757 = ORIENTED_EDGE('',*,*,#2758,.T.);
#2758 = EDGE_CURVE('',#2728,#2759,#2761,.T.);
#2759 = VERTEX_POINT('',#2760);
#2760 = CARTESIAN_POINT('',(3.868,5.365,0.4103624));
#2761 = LINE('',#2762,#2763);
#2762 = CARTESIAN_POINT('',(3.822,5.298,0.4103624));
#2763 = VECTOR('',#2764,1.);
#2764 = DIRECTION('',(0.566006502692,0.824400775661,0.));
#2765 = ORIENTED_EDGE('',*,*,#2766,.F.);
#2766 = EDGE_CURVE('',#2767,#2759,#2769,.T.);
#2767 = VERTEX_POINT('',#2768);
#2768 = CARTESIAN_POINT('',(3.868,5.365,0.));
#2769 = LINE('',#2770,#2771);
#2770 = CARTESIAN_POINT('',(3.868,5.365,0.));
#2771 = VECTOR('',#2772,1.);
#2772 = DIRECTION('',(0.,0.,1.));
#2773 = ORIENTED_EDGE('',*,*,#2774,.F.);
#2774 = EDGE_CURVE('',#2736,#2767,#2775,.T.);
#2775 = LINE('',#2776,#2777);
#2776 = CARTESIAN_POINT('',(3.822,5.298,0.));
#2777 = VECTOR('',#2778,1.);
#2778 = DIRECTION('',(0.566006502692,0.824400775661,0.));
#2779 = PLANE('',#2780);
#2780 = AXIS2_PLACEMENT_3D('',#2781,#2782,#2783);
#2781 = CARTESIAN_POINT('',(3.822,5.298,0.));
#2782 = DIRECTION('',(-0.824400775661,0.566006502692,0.));
#2783 = DIRECTION('',(0.566006502692,0.824400775661,0.));
#2784 = ADVANCED_FACE('',(#2785),#2810,.T.);
#2785 = FACE_BOUND('',#2786,.T.);
#2786 = EDGE_LOOP('',(#2787,#2788,#2796,#2804));
#2787 = ORIENTED_EDGE('',*,*,#2766,.T.);
#2788 = ORIENTED_EDGE('',*,*,#2789,.T.);
#2789 = EDGE_CURVE('',#2759,#2790,#2792,.T.);
#2790 = VERTEX_POINT('',#2791);
#2791 = CARTESIAN_POINT('',(3.919,5.428,0.4103624));
#2792 = LINE('',#2793,#2794);
#2793 = CARTESIAN_POINT('',(3.868,5.365,0.4103624));
#2794 = VECTOR('',#2795,1.);
#2795 = DIRECTION('',(0.629198228668,0.777244870707,0.));
#2796 = ORIENTED_EDGE('',*,*,#2797,.F.);
#2797 = EDGE_CURVE('',#2798,#2790,#2800,.T.);
#2798 = VERTEX_POINT('',#2799);
#2799 = CARTESIAN_POINT('',(3.919,5.428,0.));
#2800 = LINE('',#2801,#2802);
#2801 = CARTESIAN_POINT('',(3.919,5.428,0.));
#2802 = VECTOR('',#2803,1.);
#2803 = DIRECTION('',(0.,0.,1.));
#2804 = ORIENTED_EDGE('',*,*,#2805,.F.);
#2805 = EDGE_CURVE('',#2767,#2798,#2806,.T.);
#2806 = LINE('',#2807,#2808);
#2807 = CARTESIAN_POINT('',(3.868,5.365,0.));
#2808 = VECTOR('',#2809,1.);
#2809 = DIRECTION('',(0.629198228668,0.777244870707,0.));
#2810 = PLANE('',#2811);
#2811 = AXIS2_PLACEMENT_3D('',#2812,#2813,#2814);
#2812 = CARTESIAN_POINT('',(3.868,5.365,0.));
#2813 = DIRECTION('',(-0.777244870707,0.629198228668,0.));
#2814 = DIRECTION('',(0.629198228668,0.777244870707,0.));
#2815 = ADVANCED_FACE('',(#2816),#2841,.T.);
#2816 = FACE_BOUND('',#2817,.T.);
#2817 = EDGE_LOOP('',(#2818,#2819,#2827,#2835));
#2818 = ORIENTED_EDGE('',*,*,#2797,.T.);
#2819 = ORIENTED_EDGE('',*,*,#2820,.T.);
#2820 = EDGE_CURVE('',#2790,#2821,#2823,.T.);
#2821 = VERTEX_POINT('',#2822);
#2822 = CARTESIAN_POINT('',(3.958,5.5,0.4103624));
#2823 = LINE('',#2824,#2825);
#2824 = CARTESIAN_POINT('',(3.919,5.428,0.4103624));
#2825 = VECTOR('',#2826,1.);
#2826 = DIRECTION('',(0.476283148541,0.879291966537,0.));
#2827 = ORIENTED_EDGE('',*,*,#2828,.F.);
#2828 = EDGE_CURVE('',#2829,#2821,#2831,.T.);
#2829 = VERTEX_POINT('',#2830);
#2830 = CARTESIAN_POINT('',(3.958,5.5,0.));
#2831 = LINE('',#2832,#2833);
#2832 = CARTESIAN_POINT('',(3.958,5.5,0.));
#2833 = VECTOR('',#2834,1.);
#2834 = DIRECTION('',(0.,0.,1.));
#2835 = ORIENTED_EDGE('',*,*,#2836,.F.);
#2836 = EDGE_CURVE('',#2798,#2829,#2837,.T.);
#2837 = LINE('',#2838,#2839);
#2838 = CARTESIAN_POINT('',(3.919,5.428,0.));
#2839 = VECTOR('',#2840,1.);
#2840 = DIRECTION('',(0.476283148541,0.879291966537,0.));
#2841 = PLANE('',#2842);
#2842 = AXIS2_PLACEMENT_3D('',#2843,#2844,#2845);
#2843 = CARTESIAN_POINT('',(3.919,5.428,0.));
#2844 = DIRECTION('',(-0.879291966537,0.476283148541,0.));
#2845 = DIRECTION('',(0.476283148541,0.879291966537,0.));
#2846 = ADVANCED_FACE('',(#2847),#2872,.T.);
#2847 = FACE_BOUND('',#2848,.T.);
#2848 = EDGE_LOOP('',(#2849,#2850,#2858,#2866));
#2849 = ORIENTED_EDGE('',*,*,#2828,.T.);
#2850 = ORIENTED_EDGE('',*,*,#2851,.T.);
#2851 = EDGE_CURVE('',#2821,#2852,#2854,.T.);
#2852 = VERTEX_POINT('',#2853);
#2853 = CARTESIAN_POINT('',(4.003,5.568,0.4103624));
#2854 = LINE('',#2855,#2856);
#2855 = CARTESIAN_POINT('',(3.958,5.5,0.4103624));
#2856 = VECTOR('',#2857,1.);
#2857 = DIRECTION('',(0.551866900848,0.833932205727,0.));
#2858 = ORIENTED_EDGE('',*,*,#2859,.F.);
#2859 = EDGE_CURVE('',#2860,#2852,#2862,.T.);
#2860 = VERTEX_POINT('',#2861);
#2861 = CARTESIAN_POINT('',(4.003,5.568,0.));
#2862 = LINE('',#2863,#2864);
#2863 = CARTESIAN_POINT('',(4.003,5.568,0.));
#2864 = VECTOR('',#2865,1.);
#2865 = DIRECTION('',(0.,0.,1.));
#2866 = ORIENTED_EDGE('',*,*,#2867,.F.);
#2867 = EDGE_CURVE('',#2829,#2860,#2868,.T.);
#2868 = LINE('',#2869,#2870);
#2869 = CARTESIAN_POINT('',(3.958,5.5,0.));
#2870 = VECTOR('',#2871,1.);
#2871 = DIRECTION('',(0.551866900848,0.833932205727,0.));
#2872 = PLANE('',#2873);
#2873 = AXIS2_PLACEMENT_3D('',#2874,#2875,#2876);
#2874 = CARTESIAN_POINT('',(3.958,5.5,0.));
#2875 = DIRECTION('',(-0.833932205727,0.551866900848,0.));
#2876 = DIRECTION('',(0.551866900848,0.833932205727,0.));
#2877 = ADVANCED_FACE('',(#2878),#2903,.T.);
#2878 = FACE_BOUND('',#2879,.T.);
#2879 = EDGE_LOOP('',(#2880,#2881,#2889,#2897));
#2880 = ORIENTED_EDGE('',*,*,#2859,.T.);
#2881 = ORIENTED_EDGE('',*,*,#2882,.T.);
#2882 = EDGE_CURVE('',#2852,#2883,#2885,.T.);
#2883 = VERTEX_POINT('',#2884);
#2884 = CARTESIAN_POINT('',(4.034,5.643,0.4103624));
#2885 = LINE('',#2886,#2887);
#2886 = CARTESIAN_POINT('',(4.003,5.568,0.4103624));
#2887 = VECTOR('',#2888,1.);
#2888 = DIRECTION('',(0.381988976935,0.924166879681,0.));
#2889 = ORIENTED_EDGE('',*,*,#2890,.F.);
#2890 = EDGE_CURVE('',#2891,#2883,#2893,.T.);
#2891 = VERTEX_POINT('',#2892);
#2892 = CARTESIAN_POINT('',(4.034,5.643,0.));
#2893 = LINE('',#2894,#2895);
#2894 = CARTESIAN_POINT('',(4.034,5.643,0.));
#2895 = VECTOR('',#2896,1.);
#2896 = DIRECTION('',(0.,0.,1.));
#2897 = ORIENTED_EDGE('',*,*,#2898,.F.);
#2898 = EDGE_CURVE('',#2860,#2891,#2899,.T.);
#2899 = LINE('',#2900,#2901);
#2900 = CARTESIAN_POINT('',(4.003,5.568,0.));
#2901 = VECTOR('',#2902,1.);
#2902 = DIRECTION('',(0.381988976935,0.924166879681,0.));
#2903 = PLANE('',#2904);
#2904 = AXIS2_PLACEMENT_3D('',#2905,#2906,#2907);
#2905 = CARTESIAN_POINT('',(4.003,5.568,0.));
#2906 = DIRECTION('',(-0.924166879681,0.381988976935,0.));
#2907 = DIRECTION('',(0.381988976935,0.924166879681,0.));
#2908 = ADVANCED_FACE('',(#2909),#2934,.T.);
#2909 = FACE_BOUND('',#2910,.T.);
#2910 = EDGE_LOOP('',(#2911,#2912,#2920,#2928));
#2911 = ORIENTED_EDGE('',*,*,#2890,.T.);
#2912 = ORIENTED_EDGE('',*,*,#2913,.T.);
#2913 = EDGE_CURVE('',#2883,#2914,#2916,.T.);
#2914 = VERTEX_POINT('',#2915);
#2915 = CARTESIAN_POINT('',(4.073,5.715,0.4103624));
#2916 = LINE('',#2917,#2918);
#2917 = CARTESIAN_POINT('',(4.034,5.643,0.4103624));
#2918 = VECTOR('',#2919,1.);
#2919 = DIRECTION('',(0.476283148541,0.879291966537,0.));
#2920 = ORIENTED_EDGE('',*,*,#2921,.F.);
#2921 = EDGE_CURVE('',#2922,#2914,#2924,.T.);
#2922 = VERTEX_POINT('',#2923);
#2923 = CARTESIAN_POINT('',(4.073,5.715,0.));
#2924 = LINE('',#2925,#2926);
#2925 = CARTESIAN_POINT('',(4.073,5.715,0.));
#2926 = VECTOR('',#2927,1.);
#2927 = DIRECTION('',(0.,0.,1.));
#2928 = ORIENTED_EDGE('',*,*,#2929,.F.);
#2929 = EDGE_CURVE('',#2891,#2922,#2930,.T.);
#2930 = LINE('',#2931,#2932);
#2931 = CARTESIAN_POINT('',(4.034,5.643,0.));
#2932 = VECTOR('',#2933,1.);
#2933 = DIRECTION('',(0.476283148541,0.879291966537,0.));
#2934 = PLANE('',#2935);
#2935 = AXIS2_PLACEMENT_3D('',#2936,#2937,#2938);
#2936 = CARTESIAN_POINT('',(4.034,5.643,0.));
#2937 = DIRECTION('',(-0.879291966537,0.476283148541,0.));
#2938 = DIRECTION('',(0.476283148541,0.879291966537,0.));
#2939 = ADVANCED_FACE('',(#2940),#2965,.T.);
#2940 = FACE_BOUND('',#2941,.T.);
#2941 = EDGE_LOOP('',(#2942,#2943,#2951,#2959));
#2942 = ORIENTED_EDGE('',*,*,#2921,.T.);
#2943 = ORIENTED_EDGE('',*,*,#2944,.T.);
#2944 = EDGE_CURVE('',#2914,#2945,#2947,.T.);
#2945 = VERTEX_POINT('',#2946);
#2946 = CARTESIAN_POINT('',(4.096,5.793,0.4103624));
#2947 = LINE('',#2948,#2949);
#2948 = CARTESIAN_POINT('',(4.073,5.715,0.4103624));
#2949 = VECTOR('',#2950,1.);
#2950 = DIRECTION('',(0.282832019595,0.959169457756,0.));
#2951 = ORIENTED_EDGE('',*,*,#2952,.F.);
#2952 = EDGE_CURVE('',#2953,#2945,#2955,.T.);
#2953 = VERTEX_POINT('',#2954);
#2954 = CARTESIAN_POINT('',(4.096,5.793,0.));
#2955 = LINE('',#2956,#2957);
#2956 = CARTESIAN_POINT('',(4.096,5.793,0.));
#2957 = VECTOR('',#2958,1.);
#2958 = DIRECTION('',(0.,0.,1.));
#2959 = ORIENTED_EDGE('',*,*,#2960,.F.);
#2960 = EDGE_CURVE('',#2922,#2953,#2961,.T.);
#2961 = LINE('',#2962,#2963);
#2962 = CARTESIAN_POINT('',(4.073,5.715,0.));
#2963 = VECTOR('',#2964,1.);
#2964 = DIRECTION('',(0.282832019595,0.959169457756,0.));
#2965 = PLANE('',#2966);
#2966 = AXIS2_PLACEMENT_3D('',#2967,#2968,#2969);
#2967 = CARTESIAN_POINT('',(4.073,5.715,0.));
#2968 = DIRECTION('',(-0.959169457756,0.282832019595,0.));
#2969 = DIRECTION('',(0.282832019595,0.959169457756,0.));
#2970 = ADVANCED_FACE('',(#2971),#2996,.T.);
#2971 = FACE_BOUND('',#2972,.T.);
#2972 = EDGE_LOOP('',(#2973,#2974,#2982,#2990));
#2973 = ORIENTED_EDGE('',*,*,#2952,.T.);
#2974 = ORIENTED_EDGE('',*,*,#2975,.T.);
#2975 = EDGE_CURVE('',#2945,#2976,#2978,.T.);
#2976 = VERTEX_POINT('',#2977);
#2977 = CARTESIAN_POINT('',(4.128,5.868,0.4103624));
#2978 = LINE('',#2979,#2980);
#2979 = CARTESIAN_POINT('',(4.096,5.793,0.4103624));
#2980 = VECTOR('',#2981,1.);
#2981 = DIRECTION('',(0.392438685048,0.919778168081,0.));
#2982 = ORIENTED_EDGE('',*,*,#2983,.F.);
#2983 = EDGE_CURVE('',#2984,#2976,#2986,.T.);
#2984 = VERTEX_POINT('',#2985);
#2985 = CARTESIAN_POINT('',(4.128,5.868,0.));
#2986 = LINE('',#2987,#2988);
#2987 = CARTESIAN_POINT('',(4.128,5.868,0.));
#2988 = VECTOR('',#2989,1.);
#2989 = DIRECTION('',(0.,0.,1.));
#2990 = ORIENTED_EDGE('',*,*,#2991,.F.);
#2991 = EDGE_CURVE('',#2953,#2984,#2992,.T.);
#2992 = LINE('',#2993,#2994);
#2993 = CARTESIAN_POINT('',(4.096,5.793,0.));
#2994 = VECTOR('',#2995,1.);
#2995 = DIRECTION('',(0.392438685048,0.919778168081,0.));
#2996 = PLANE('',#2997);
#2997 = AXIS2_PLACEMENT_3D('',#2998,#2999,#3000);
#2998 = CARTESIAN_POINT('',(4.096,5.793,0.));
#2999 = DIRECTION('',(-0.919778168081,0.392438685048,0.));
#3000 = DIRECTION('',(0.392438685048,0.919778168081,0.));
#3001 = ADVANCED_FACE('',(#3002),#3027,.T.);
#3002 = FACE_BOUND('',#3003,.T.);
#3003 = EDGE_LOOP('',(#3004,#3005,#3013,#3021));
#3004 = ORIENTED_EDGE('',*,*,#2983,.T.);
#3005 = ORIENTED_EDGE('',*,*,#3006,.T.);
#3006 = EDGE_CURVE('',#2976,#3007,#3009,.T.);
#3007 = VERTEX_POINT('',#3008);
#3008 = CARTESIAN_POINT('',(4.143,5.948,0.4103624));
#3009 = LINE('',#3010,#3011);
#3010 = CARTESIAN_POINT('',(4.128,5.868,0.4103624));
#3011 = VECTOR('',#3012,1.);
#3012 = DIRECTION('',(0.18428853505,0.982872186934,0.));
#3013 = ORIENTED_EDGE('',*,*,#3014,.F.);
#3014 = EDGE_CURVE('',#3015,#3007,#3017,.T.);
#3015 = VERTEX_POINT('',#3016);
#3016 = CARTESIAN_POINT('',(4.143,5.948,0.));
#3017 = LINE('',#3018,#3019);
#3018 = CARTESIAN_POINT('',(4.143,5.948,0.));
#3019 = VECTOR('',#3020,1.);
#3020 = DIRECTION('',(0.,0.,1.));
#3021 = ORIENTED_EDGE('',*,*,#3022,.F.);
#3022 = EDGE_CURVE('',#2984,#3015,#3023,.T.);
#3023 = LINE('',#3024,#3025);
#3024 = CARTESIAN_POINT('',(4.128,5.868,0.));
#3025 = VECTOR('',#3026,1.);
#3026 = DIRECTION('',(0.18428853505,0.982872186934,0.));
#3027 = PLANE('',#3028);
#3028 = AXIS2_PLACEMENT_3D('',#3029,#3030,#3031);
#3029 = CARTESIAN_POINT('',(4.128,5.868,0.));
#3030 = DIRECTION('',(-0.982872186934,0.18428853505,0.));
#3031 = DIRECTION('',(0.18428853505,0.982872186934,0.));
#3032 = ADVANCED_FACE('',(#3033),#3058,.T.);
#3033 = FACE_BOUND('',#3034,.T.);
#3034 = EDGE_LOOP('',(#3035,#3036,#3044,#3052));
#3035 = ORIENTED_EDGE('',*,*,#3014,.T.);
#3036 = ORIENTED_EDGE('',*,*,#3037,.T.);
#3037 = EDGE_CURVE('',#3007,#3038,#3040,.T.);
#3038 = VERTEX_POINT('',#3039);
#3039 = CARTESIAN_POINT('',(4.167,6.026,0.4103624));
#3040 = LINE('',#3041,#3042);
#3041 = CARTESIAN_POINT('',(4.143,5.948,0.4103624));
#3042 = VECTOR('',#3043,1.);
#3043 = DIRECTION('',(0.294085848838,0.955779008722,0.));
#3044 = ORIENTED_EDGE('',*,*,#3045,.F.);
#3045 = EDGE_CURVE('',#3046,#3038,#3048,.T.);
#3046 = VERTEX_POINT('',#3047);
#3047 = CARTESIAN_POINT('',(4.167,6.026,0.));
#3048 = LINE('',#3049,#3050);
#3049 = CARTESIAN_POINT('',(4.167,6.026,0.));
#3050 = VECTOR('',#3051,1.);
#3051 = DIRECTION('',(0.,0.,1.));
#3052 = ORIENTED_EDGE('',*,*,#3053,.F.);
#3053 = EDGE_CURVE('',#3015,#3046,#3054,.T.);
#3054 = LINE('',#3055,#3056);
#3055 = CARTESIAN_POINT('',(4.143,5.948,0.));
#3056 = VECTOR('',#3057,1.);
#3057 = DIRECTION('',(0.294085848838,0.955779008722,0.));
#3058 = PLANE('',#3059);
#3059 = AXIS2_PLACEMENT_3D('',#3060,#3061,#3062);
#3060 = CARTESIAN_POINT('',(4.143,5.948,0.));
#3061 = DIRECTION('',(-0.955779008722,0.294085848838,0.));
#3062 = DIRECTION('',(0.294085848838,0.955779008722,0.));
#3063 = ADVANCED_FACE('',(#3064),#3089,.T.);
#3064 = FACE_BOUND('',#3065,.T.);
#3065 = EDGE_LOOP('',(#3066,#3067,#3075,#3083));
#3066 = ORIENTED_EDGE('',*,*,#3045,.T.);
#3067 = ORIENTED_EDGE('',*,*,#3068,.T.);
#3068 = EDGE_CURVE('',#3038,#3069,#3071,.T.);
#3069 = VERTEX_POINT('',#3070);
#3070 = CARTESIAN_POINT('',(4.175,6.107,0.4103624));
#3071 = LINE('',#3072,#3073);
#3072 = CARTESIAN_POINT('',(4.167,6.026,0.4103624));
#3073 = VECTOR('',#3074,1.);
#3074 = DIRECTION('',(9.828721869343E-02,0.995158089271,0.));
#3075 = ORIENTED_EDGE('',*,*,#3076,.F.);
#3076 = EDGE_CURVE('',#3077,#3069,#3079,.T.);
#3077 = VERTEX_POINT('',#3078);
#3078 = CARTESIAN_POINT('',(4.175,6.107,0.));
#3079 = LINE('',#3080,#3081);
#3080 = CARTESIAN_POINT('',(4.175,6.107,0.));
#3081 = VECTOR('',#3082,1.);
#3082 = DIRECTION('',(0.,0.,1.));
#3083 = ORIENTED_EDGE('',*,*,#3084,.F.);
#3084 = EDGE_CURVE('',#3046,#3077,#3085,.T.);
#3085 = LINE('',#3086,#3087);
#3086 = CARTESIAN_POINT('',(4.167,6.026,0.));
#3087 = VECTOR('',#3088,1.);
#3088 = DIRECTION('',(9.828721869343E-02,0.995158089271,0.));
#3089 = PLANE('',#3090);
#3090 = AXIS2_PLACEMENT_3D('',#3091,#3092,#3093);
#3091 = CARTESIAN_POINT('',(4.167,6.026,0.));
#3092 = DIRECTION('',(-0.995158089271,9.828721869343E-02,0.));
#3093 = DIRECTION('',(9.828721869343E-02,0.995158089271,0.));
#3094 = ADVANCED_FACE('',(#3095),#3120,.T.);
#3095 = FACE_BOUND('',#3096,.T.);
#3096 = EDGE_LOOP('',(#3097,#3098,#3106,#3114));
#3097 = ORIENTED_EDGE('',*,*,#3076,.T.);
#3098 = ORIENTED_EDGE('',*,*,#3099,.T.);
#3099 = EDGE_CURVE('',#3069,#3100,#3102,.T.);
#3100 = VERTEX_POINT('',#3101);
#3101 = CARTESIAN_POINT('',(4.191,6.187,0.4103624));
#3102 = LINE('',#3103,#3104);
#3103 = CARTESIAN_POINT('',(4.175,6.107,0.4103624));
#3104 = VECTOR('',#3105,1.);
#3105 = DIRECTION('',(0.196116135138,0.980580675691,0.));
#3106 = ORIENTED_EDGE('',*,*,#3107,.F.);
#3107 = EDGE_CURVE('',#3108,#3100,#3110,.T.);
#3108 = VERTEX_POINT('',#3109);
#3109 = CARTESIAN_POINT('',(4.191,6.187,0.));
#3110 = LINE('',#3111,#3112);
#3111 = CARTESIAN_POINT('',(4.191,6.187,0.));
#3112 = VECTOR('',#3113,1.);
#3113 = DIRECTION('',(0.,0.,1.));
#3114 = ORIENTED_EDGE('',*,*,#3115,.F.);
#3115 = EDGE_CURVE('',#3077,#3108,#3116,.T.);
#3116 = LINE('',#3117,#3118);
#3117 = CARTESIAN_POINT('',(4.175,6.107,0.));
#3118 = VECTOR('',#3119,1.);
#3119 = DIRECTION('',(0.196116135138,0.980580675691,0.));
#3120 = PLANE('',#3121);
#3121 = AXIS2_PLACEMENT_3D('',#3122,#3123,#3124);
#3122 = CARTESIAN_POINT('',(4.175,6.107,0.));
#3123 = DIRECTION('',(-0.980580675691,0.196116135138,0.));
#3124 = DIRECTION('',(0.196116135138,0.980580675691,0.));
#3125 = ADVANCED_FACE('',(#3126),#3151,.T.);
#3126 = FACE_BOUND('',#3127,.T.);
#3127 = EDGE_LOOP('',(#3128,#3129,#3137,#3145));
#3128 = ORIENTED_EDGE('',*,*,#3107,.T.);
#3129 = ORIENTED_EDGE('',*,*,#3130,.T.);
#3130 = EDGE_CURVE('',#3100,#3131,#3133,.T.);
#3131 = VERTEX_POINT('',#3132);
#3132 = CARTESIAN_POINT('',(4.191,6.269,0.4103624));
#3133 = LINE('',#3134,#3135);
#3134 = CARTESIAN_POINT('',(4.191,6.187,0.4103624));
#3135 = VECTOR('',#3136,1.);
#3136 = DIRECTION('',(0.,1.,0.));
#3137 = ORIENTED_EDGE('',*,*,#3138,.F.);
#3138 = EDGE_CURVE('',#3139,#3131,#3141,.T.);
#3139 = VERTEX_POINT('',#3140);
#3140 = CARTESIAN_POINT('',(4.191,6.269,0.));
#3141 = LINE('',#3142,#3143);
#3142 = CARTESIAN_POINT('',(4.191,6.269,0.));
#3143 = VECTOR('',#3144,1.);
#3144 = DIRECTION('',(0.,0.,1.));
#3145 = ORIENTED_EDGE('',*,*,#3146,.F.);
#3146 = EDGE_CURVE('',#3108,#3139,#3147,.T.);
#3147 = LINE('',#3148,#3149);
#3148 = CARTESIAN_POINT('',(4.191,6.187,0.));
#3149 = VECTOR('',#3150,1.);
#3150 = DIRECTION('',(0.,1.,0.));
#3151 = PLANE('',#3152);
#3152 = AXIS2_PLACEMENT_3D('',#3153,#3154,#3155);
#3153 = CARTESIAN_POINT('',(4.191,6.187,0.));
#3154 = DIRECTION('',(-1.,0.,0.));
#3155 = DIRECTION('',(0.,1.,0.));
#3156 = ADVANCED_FACE('',(#3157),#3182,.T.);
#3157 = FACE_BOUND('',#3158,.T.);
#3158 = EDGE_LOOP('',(#3159,#3160,#3168,#3176));
#3159 = ORIENTED_EDGE('',*,*,#3138,.T.);
#3160 = ORIENTED_EDGE('',*,*,#3161,.T.);
#3161 = EDGE_CURVE('',#3131,#3162,#3164,.T.);
#3162 = VERTEX_POINT('',#3163);
#3163 = CARTESIAN_POINT('',(4.199,6.35,0.4103624));
#3164 = LINE('',#3165,#3166);
#3165 = CARTESIAN_POINT('',(4.191,6.269,0.4103624));
#3166 = VECTOR('',#3167,1.);
#3167 = DIRECTION('',(9.828721869343E-02,0.995158089271,0.));
#3168 = ORIENTED_EDGE('',*,*,#3169,.F.);
#3169 = EDGE_CURVE('',#3170,#3162,#3172,.T.);
#3170 = VERTEX_POINT('',#3171);
#3171 = CARTESIAN_POINT('',(4.199,6.35,0.));
#3172 = LINE('',#3173,#3174);
#3173 = CARTESIAN_POINT('',(4.199,6.35,0.));
#3174 = VECTOR('',#3175,1.);
#3175 = DIRECTION('',(0.,0.,1.));
#3176 = ORIENTED_EDGE('',*,*,#3177,.F.);
#3177 = EDGE_CURVE('',#3139,#3170,#3178,.T.);
#3178 = LINE('',#3179,#3180);
#3179 = CARTESIAN_POINT('',(4.191,6.269,0.));
#3180 = VECTOR('',#3181,1.);
#3181 = DIRECTION('',(9.828721869343E-02,0.995158089271,0.));
#3182 = PLANE('',#3183);
#3183 = AXIS2_PLACEMENT_3D('',#3184,#3185,#3186);
#3184 = CARTESIAN_POINT('',(4.191,6.269,0.));
#3185 = DIRECTION('',(-0.995158089271,9.828721869343E-02,0.));
#3186 = DIRECTION('',(9.828721869343E-02,0.995158089271,0.));
#3187 = ADVANCED_FACE('',(#3188),#3213,.T.);
#3188 = FACE_BOUND('',#3189,.T.);
#3189 = EDGE_LOOP('',(#3190,#3191,#3199,#3207));
#3190 = ORIENTED_EDGE('',*,*,#3169,.T.);
#3191 = ORIENTED_EDGE('',*,*,#3192,.T.);
#3192 = EDGE_CURVE('',#3162,#3193,#3195,.T.);
#3193 = VERTEX_POINT('',#3194);
#3194 = CARTESIAN_POINT('',(4.191,6.431,0.4103624));
#3195 = LINE('',#3196,#3197);
#3196 = CARTESIAN_POINT('',(4.199,6.35,0.4103624));
#3197 = VECTOR('',#3198,1.);
#3198 = DIRECTION('',(-9.828721869343E-02,0.995158089271,0.));
#3199 = ORIENTED_EDGE('',*,*,#3200,.F.);
#3200 = EDGE_CURVE('',#3201,#3193,#3203,.T.);
#3201 = VERTEX_POINT('',#3202);
#3202 = CARTESIAN_POINT('',(4.191,6.431,0.));
#3203 = LINE('',#3204,#3205);
#3204 = CARTESIAN_POINT('',(4.191,6.431,0.));
#3205 = VECTOR('',#3206,1.);
#3206 = DIRECTION('',(0.,0.,1.));
#3207 = ORIENTED_EDGE('',*,*,#3208,.F.);
#3208 = EDGE_CURVE('',#3170,#3201,#3209,.T.);
#3209 = LINE('',#3210,#3211);
#3210 = CARTESIAN_POINT('',(4.199,6.35,0.));
#3211 = VECTOR('',#3212,1.);
#3212 = DIRECTION('',(-9.828721869343E-02,0.995158089271,0.));
#3213 = PLANE('',#3214);
#3214 = AXIS2_PLACEMENT_3D('',#3215,#3216,#3217);
#3215 = CARTESIAN_POINT('',(4.199,6.35,0.));
#3216 = DIRECTION('',(-0.995158089271,-9.828721869343E-02,0.));
#3217 = DIRECTION('',(-9.828721869343E-02,0.995158089271,0.));
#3218 = ADVANCED_FACE('',(#3219),#3244,.T.);
#3219 = FACE_BOUND('',#3220,.T.);
#3220 = EDGE_LOOP('',(#3221,#3222,#3230,#3238));
#3221 = ORIENTED_EDGE('',*,*,#3200,.T.);
#3222 = ORIENTED_EDGE('',*,*,#3223,.T.);
#3223 = EDGE_CURVE('',#3193,#3224,#3226,.T.);
#3224 = VERTEX_POINT('',#3225);
#3225 = CARTESIAN_POINT('',(4.191,6.513,0.4103624));
#3226 = LINE('',#3227,#3228);
#3227 = CARTESIAN_POINT('',(4.191,6.431,0.4103624));
#3228 = VECTOR('',#3229,1.);
#3229 = DIRECTION('',(0.,1.,0.));
#3230 = ORIENTED_EDGE('',*,*,#3231,.F.);
#3231 = EDGE_CURVE('',#3232,#3224,#3234,.T.);
#3232 = VERTEX_POINT('',#3233);
#3233 = CARTESIAN_POINT('',(4.191,6.513,0.));
#3234 = LINE('',#3235,#3236);
#3235 = CARTESIAN_POINT('',(4.191,6.513,0.));
#3236 = VECTOR('',#3237,1.);
#3237 = DIRECTION('',(0.,0.,1.));
#3238 = ORIENTED_EDGE('',*,*,#3239,.F.);
#3239 = EDGE_CURVE('',#3201,#3232,#3240,.T.);
#3240 = LINE('',#3241,#3242);
#3241 = CARTESIAN_POINT('',(4.191,6.431,0.));
#3242 = VECTOR('',#3243,1.);
#3243 = DIRECTION('',(0.,1.,0.));
#3244 = PLANE('',#3245);
#3245 = AXIS2_PLACEMENT_3D('',#3246,#3247,#3248);
#3246 = CARTESIAN_POINT('',(4.191,6.431,0.));
#3247 = DIRECTION('',(-1.,0.,0.));
#3248 = DIRECTION('',(0.,1.,0.));
#3249 = ADVANCED_FACE('',(#3250),#3275,.T.);
#3250 = FACE_BOUND('',#3251,.T.);
#3251 = EDGE_LOOP('',(#3252,#3253,#3261,#3269));
#3252 = ORIENTED_EDGE('',*,*,#3231,.T.);
#3253 = ORIENTED_EDGE('',*,*,#3254,.T.);
#3254 = EDGE_CURVE('',#3224,#3255,#3257,.T.);
#3255 = VERTEX_POINT('',#3256);
#3256 = CARTESIAN_POINT('',(4.175,6.593,0.4103624));
#3257 = LINE('',#3258,#3259);
#3258 = CARTESIAN_POINT('',(4.191,6.513,0.4103624));
#3259 = VECTOR('',#3260,1.);
#3260 = DIRECTION('',(-0.196116135138,0.980580675691,0.));
#3261 = ORIENTED_EDGE('',*,*,#3262,.F.);
#3262 = EDGE_CURVE('',#3263,#3255,#3265,.T.);
#3263 = VERTEX_POINT('',#3264);
#3264 = CARTESIAN_POINT('',(4.175,6.593,0.));
#3265 = LINE('',#3266,#3267);
#3266 = CARTESIAN_POINT('',(4.175,6.593,0.));
#3267 = VECTOR('',#3268,1.);
#3268 = DIRECTION('',(0.,0.,1.));
#3269 = ORIENTED_EDGE('',*,*,#3270,.F.);
#3270 = EDGE_CURVE('',#3232,#3263,#3271,.T.);
#3271 = LINE('',#3272,#3273);
#3272 = CARTESIAN_POINT('',(4.191,6.513,0.));
#3273 = VECTOR('',#3274,1.);
#3274 = DIRECTION('',(-0.196116135138,0.980580675691,0.));
#3275 = PLANE('',#3276);
#3276 = AXIS2_PLACEMENT_3D('',#3277,#3278,#3279);
#3277 = CARTESIAN_POINT('',(4.191,6.513,0.));
#3278 = DIRECTION('',(-0.980580675691,-0.196116135138,0.));
#3279 = DIRECTION('',(-0.196116135138,0.980580675691,0.));
#3280 = ADVANCED_FACE('',(#3281),#3306,.T.);
#3281 = FACE_BOUND('',#3282,.T.);
#3282 = EDGE_LOOP('',(#3283,#3284,#3292,#3300));
#3283 = ORIENTED_EDGE('',*,*,#3262,.T.);
#3284 = ORIENTED_EDGE('',*,*,#3285,.T.);
#3285 = EDGE_CURVE('',#3255,#3286,#3288,.T.);
#3286 = VERTEX_POINT('',#3287);
#3287 = CARTESIAN_POINT('',(4.167,6.674,0.4103624));
#3288 = LINE('',#3289,#3290);
#3289 = CARTESIAN_POINT('',(4.175,6.593,0.4103624));
#3290 = VECTOR('',#3291,1.);
#3291 = DIRECTION('',(-9.828721869343E-02,0.995158089271,0.));
#3292 = ORIENTED_EDGE('',*,*,#3293,.F.);
#3293 = EDGE_CURVE('',#3294,#3286,#3296,.T.);
#3294 = VERTEX_POINT('',#3295);
#3295 = CARTESIAN_POINT('',(4.167,6.674,0.));
#3296 = LINE('',#3297,#3298);
#3297 = CARTESIAN_POINT('',(4.167,6.674,0.));
#3298 = VECTOR('',#3299,1.);
#3299 = DIRECTION('',(0.,0.,1.));
#3300 = ORIENTED_EDGE('',*,*,#3301,.F.);
#3301 = EDGE_CURVE('',#3263,#3294,#3302,.T.);
#3302 = LINE('',#3303,#3304);
#3303 = CARTESIAN_POINT('',(4.175,6.593,0.));
#3304 = VECTOR('',#3305,1.);
#3305 = DIRECTION('',(-9.828721869343E-02,0.995158089271,0.));
#3306 = PLANE('',#3307);
#3307 = AXIS2_PLACEMENT_3D('',#3308,#3309,#3310);
#3308 = CARTESIAN_POINT('',(4.175,6.593,0.));
#3309 = DIRECTION('',(-0.995158089271,-9.828721869343E-02,0.));
#3310 = DIRECTION('',(-9.828721869343E-02,0.995158089271,0.));
#3311 = ADVANCED_FACE('',(#3312),#3337,.T.);
#3312 = FACE_BOUND('',#3313,.T.);
#3313 = EDGE_LOOP('',(#3314,#3315,#3323,#3331));
#3314 = ORIENTED_EDGE('',*,*,#3293,.T.);
#3315 = ORIENTED_EDGE('',*,*,#3316,.T.);
#3316 = EDGE_CURVE('',#3286,#3317,#3319,.T.);
#3317 = VERTEX_POINT('',#3318);
#3318 = CARTESIAN_POINT('',(4.143,6.752,0.4103624));
#3319 = LINE('',#3320,#3321);
#3320 = CARTESIAN_POINT('',(4.167,6.674,0.4103624));
#3321 = VECTOR('',#3322,1.);
#3322 = DIRECTION('',(-0.294085848838,0.955779008722,0.));
#3323 = ORIENTED_EDGE('',*,*,#3324,.F.);
#3324 = EDGE_CURVE('',#3325,#3317,#3327,.T.);
#3325 = VERTEX_POINT('',#3326);
#3326 = CARTESIAN_POINT('',(4.143,6.752,0.));
#3327 = LINE('',#3328,#3329);
#3328 = CARTESIAN_POINT('',(4.143,6.752,0.));
#3329 = VECTOR('',#3330,1.);
#3330 = DIRECTION('',(0.,0.,1.));
#3331 = ORIENTED_EDGE('',*,*,#3332,.F.);
#3332 = EDGE_CURVE('',#3294,#3325,#3333,.T.);
#3333 = LINE('',#3334,#3335);
#3334 = CARTESIAN_POINT('',(4.167,6.674,0.));
#3335 = VECTOR('',#3336,1.);
#3336 = DIRECTION('',(-0.294085848838,0.955779008722,0.));
#3337 = PLANE('',#3338);
#3338 = AXIS2_PLACEMENT_3D('',#3339,#3340,#3341);
#3339 = CARTESIAN_POINT('',(4.167,6.674,0.));
#3340 = DIRECTION('',(-0.955779008722,-0.294085848838,0.));
#3341 = DIRECTION('',(-0.294085848838,0.955779008722,0.));
#3342 = ADVANCED_FACE('',(#3343),#3368,.T.);
#3343 = FACE_BOUND('',#3344,.T.);
#3344 = EDGE_LOOP('',(#3345,#3346,#3354,#3362));
#3345 = ORIENTED_EDGE('',*,*,#3324,.T.);
#3346 = ORIENTED_EDGE('',*,*,#3347,.T.);
#3347 = EDGE_CURVE('',#3317,#3348,#3350,.T.);
#3348 = VERTEX_POINT('',#3349);
#3349 = CARTESIAN_POINT('',(4.128,6.832,0.4103624));
#3350 = LINE('',#3351,#3352);
#3351 = CARTESIAN_POINT('',(4.143,6.752,0.4103624));
#3352 = VECTOR('',#3353,1.);
#3353 = DIRECTION('',(-0.18428853505,0.982872186934,0.));
#3354 = ORIENTED_EDGE('',*,*,#3355,.F.);
#3355 = EDGE_CURVE('',#3356,#3348,#3358,.T.);
#3356 = VERTEX_POINT('',#3357);
#3357 = CARTESIAN_POINT('',(4.128,6.832,0.));
#3358 = LINE('',#3359,#3360);
#3359 = CARTESIAN_POINT('',(4.128,6.832,0.));
#3360 = VECTOR('',#3361,1.);
#3361 = DIRECTION('',(0.,0.,1.));
#3362 = ORIENTED_EDGE('',*,*,#3363,.F.);
#3363 = EDGE_CURVE('',#3325,#3356,#3364,.T.);
#3364 = LINE('',#3365,#3366);
#3365 = CARTESIAN_POINT('',(4.143,6.752,0.));
#3366 = VECTOR('',#3367,1.);
#3367 = DIRECTION('',(-0.18428853505,0.982872186934,0.));
#3368 = PLANE('',#3369);
#3369 = AXIS2_PLACEMENT_3D('',#3370,#3371,#3372);
#3370 = CARTESIAN_POINT('',(4.143,6.752,0.));
#3371 = DIRECTION('',(-0.982872186934,-0.18428853505,0.));
#3372 = DIRECTION('',(-0.18428853505,0.982872186934,0.));
#3373 = ADVANCED_FACE('',(#3374),#3399,.T.);
#3374 = FACE_BOUND('',#3375,.T.);
#3375 = EDGE_LOOP('',(#3376,#3377,#3385,#3393));
#3376 = ORIENTED_EDGE('',*,*,#3355,.T.);
#3377 = ORIENTED_EDGE('',*,*,#3378,.T.);
#3378 = EDGE_CURVE('',#3348,#3379,#3381,.T.);
#3379 = VERTEX_POINT('',#3380);
#3380 = CARTESIAN_POINT('',(4.096,6.907,0.4103624));
#3381 = LINE('',#3382,#3383);
#3382 = CARTESIAN_POINT('',(4.128,6.832,0.4103624));
#3383 = VECTOR('',#3384,1.);
#3384 = DIRECTION('',(-0.392438685048,0.919778168081,0.));
#3385 = ORIENTED_EDGE('',*,*,#3386,.F.);
#3386 = EDGE_CURVE('',#3387,#3379,#3389,.T.);
#3387 = VERTEX_POINT('',#3388);
#3388 = CARTESIAN_POINT('',(4.096,6.907,0.));
#3389 = LINE('',#3390,#3391);
#3390 = CARTESIAN_POINT('',(4.096,6.907,0.));
#3391 = VECTOR('',#3392,1.);
#3392 = DIRECTION('',(0.,0.,1.));
#3393 = ORIENTED_EDGE('',*,*,#3394,.F.);
#3394 = EDGE_CURVE('',#3356,#3387,#3395,.T.);
#3395 = LINE('',#3396,#3397);
#3396 = CARTESIAN_POINT('',(4.128,6.832,0.));
#3397 = VECTOR('',#3398,1.);
#3398 = DIRECTION('',(-0.392438685048,0.919778168081,0.));
#3399 = PLANE('',#3400);
#3400 = AXIS2_PLACEMENT_3D('',#3401,#3402,#3403);
#3401 = CARTESIAN_POINT('',(4.128,6.832,0.));
#3402 = DIRECTION('',(-0.919778168081,-0.392438685048,0.));
#3403 = DIRECTION('',(-0.392438685048,0.919778168081,0.));
#3404 = ADVANCED_FACE('',(#3405),#3430,.T.);
#3405 = FACE_BOUND('',#3406,.T.);
#3406 = EDGE_LOOP('',(#3407,#3408,#3416,#3424));
#3407 = ORIENTED_EDGE('',*,*,#3386,.T.);
#3408 = ORIENTED_EDGE('',*,*,#3409,.T.);
#3409 = EDGE_CURVE('',#3379,#3410,#3412,.T.);
#3410 = VERTEX_POINT('',#3411);
#3411 = CARTESIAN_POINT('',(4.073,6.985,0.4103624));
#3412 = LINE('',#3413,#3414);
#3413 = CARTESIAN_POINT('',(4.096,6.907,0.4103624));
#3414 = VECTOR('',#3415,1.);
#3415 = DIRECTION('',(-0.282832019595,0.959169457756,0.));
#3416 = ORIENTED_EDGE('',*,*,#3417,.F.);
#3417 = EDGE_CURVE('',#3418,#3410,#3420,.T.);
#3418 = VERTEX_POINT('',#3419);
#3419 = CARTESIAN_POINT('',(4.073,6.985,0.));
#3420 = LINE('',#3421,#3422);
#3421 = CARTESIAN_POINT('',(4.073,6.985,0.));
#3422 = VECTOR('',#3423,1.);
#3423 = DIRECTION('',(0.,0.,1.));
#3424 = ORIENTED_EDGE('',*,*,#3425,.F.);
#3425 = EDGE_CURVE('',#3387,#3418,#3426,.T.);
#3426 = LINE('',#3427,#3428);
#3427 = CARTESIAN_POINT('',(4.096,6.907,0.));
#3428 = VECTOR('',#3429,1.);
#3429 = DIRECTION('',(-0.282832019595,0.959169457756,0.));
#3430 = PLANE('',#3431);
#3431 = AXIS2_PLACEMENT_3D('',#3432,#3433,#3434);
#3432 = CARTESIAN_POINT('',(4.096,6.907,0.));
#3433 = DIRECTION('',(-0.959169457756,-0.282832019595,0.));
#3434 = DIRECTION('',(-0.282832019595,0.959169457756,0.));
#3435 = ADVANCED_FACE('',(#3436),#3461,.T.);
#3436 = FACE_BOUND('',#3437,.T.);
#3437 = EDGE_LOOP('',(#3438,#3439,#3447,#3455));
#3438 = ORIENTED_EDGE('',*,*,#3417,.T.);
#3439 = ORIENTED_EDGE('',*,*,#3440,.T.);
#3440 = EDGE_CURVE('',#3410,#3441,#3443,.T.);
#3441 = VERTEX_POINT('',#3442);
#3442 = CARTESIAN_POINT('',(4.034,7.057,0.4103624));
#3443 = LINE('',#3444,#3445);
#3444 = CARTESIAN_POINT('',(4.073,6.985,0.4103624));
#3445 = VECTOR('',#3446,1.);
#3446 = DIRECTION('',(-0.476283148541,0.879291966537,0.));
#3447 = ORIENTED_EDGE('',*,*,#3448,.F.);
#3448 = EDGE_CURVE('',#3449,#3441,#3451,.T.);
#3449 = VERTEX_POINT('',#3450);
#3450 = CARTESIAN_POINT('',(4.034,7.057,0.));
#3451 = LINE('',#3452,#3453);
#3452 = CARTESIAN_POINT('',(4.034,7.057,0.));
#3453 = VECTOR('',#3454,1.);
#3454 = DIRECTION('',(0.,0.,1.));
#3455 = ORIENTED_EDGE('',*,*,#3456,.F.);
#3456 = EDGE_CURVE('',#3418,#3449,#3457,.T.);
#3457 = LINE('',#3458,#3459);
#3458 = CARTESIAN_POINT('',(4.073,6.985,0.));
#3459 = VECTOR('',#3460,1.);
#3460 = DIRECTION('',(-0.476283148541,0.879291966537,0.));
#3461 = PLANE('',#3462);
#3462 = AXIS2_PLACEMENT_3D('',#3463,#3464,#3465);
#3463 = CARTESIAN_POINT('',(4.073,6.985,0.));
#3464 = DIRECTION('',(-0.879291966537,-0.476283148541,0.));
#3465 = DIRECTION('',(-0.476283148541,0.879291966537,0.));
#3466 = ADVANCED_FACE('',(#3467),#3492,.T.);
#3467 = FACE_BOUND('',#3468,.T.);
#3468 = EDGE_LOOP('',(#3469,#3470,#3478,#3486));
#3469 = ORIENTED_EDGE('',*,*,#3448,.T.);
#3470 = ORIENTED_EDGE('',*,*,#3471,.T.);
#3471 = EDGE_CURVE('',#3441,#3472,#3474,.T.);
#3472 = VERTEX_POINT('',#3473);
#3473 = CARTESIAN_POINT('',(4.003,7.132,0.4103624));
#3474 = LINE('',#3475,#3476);
#3475 = CARTESIAN_POINT('',(4.034,7.057,0.4103624));
#3476 = VECTOR('',#3477,1.);
#3477 = DIRECTION('',(-0.381988976935,0.924166879681,0.));
#3478 = ORIENTED_EDGE('',*,*,#3479,.F.);
#3479 = EDGE_CURVE('',#3480,#3472,#3482,.T.);
#3480 = VERTEX_POINT('',#3481);
#3481 = CARTESIAN_POINT('',(4.003,7.132,0.));
#3482 = LINE('',#3483,#3484);
#3483 = CARTESIAN_POINT('',(4.003,7.132,0.));
#3484 = VECTOR('',#3485,1.);
#3485 = DIRECTION('',(0.,0.,1.));
#3486 = ORIENTED_EDGE('',*,*,#3487,.F.);
#3487 = EDGE_CURVE('',#3449,#3480,#3488,.T.);
#3488 = LINE('',#3489,#3490);
#3489 = CARTESIAN_POINT('',(4.034,7.057,0.));
#3490 = VECTOR('',#3491,1.);
#3491 = DIRECTION('',(-0.381988976935,0.924166879681,0.));
#3492 = PLANE('',#3493);
#3493 = AXIS2_PLACEMENT_3D('',#3494,#3495,#3496);
#3494 = CARTESIAN_POINT('',(4.034,7.057,0.));
#3495 = DIRECTION('',(-0.924166879681,-0.381988976935,0.));
#3496 = DIRECTION('',(-0.381988976935,0.924166879681,0.));
#3497 = ADVANCED_FACE('',(#3498),#3523,.T.);
#3498 = FACE_BOUND('',#3499,.T.);
#3499 = EDGE_LOOP('',(#3500,#3501,#3509,#3517));
#3500 = ORIENTED_EDGE('',*,*,#3479,.T.);
#3501 = ORIENTED_EDGE('',*,*,#3502,.T.);
#3502 = EDGE_CURVE('',#3472,#3503,#3505,.T.);
#3503 = VERTEX_POINT('',#3504);
#3504 = CARTESIAN_POINT('',(3.958,7.2,0.4103624));
#3505 = LINE('',#3506,#3507);
#3506 = CARTESIAN_POINT('',(4.003,7.132,0.4103624));
#3507 = VECTOR('',#3508,1.);
#3508 = DIRECTION('',(-0.551866900848,0.833932205727,0.));
#3509 = ORIENTED_EDGE('',*,*,#3510,.F.);
#3510 = EDGE_CURVE('',#3511,#3503,#3513,.T.);
#3511 = VERTEX_POINT('',#3512);
#3512 = CARTESIAN_POINT('',(3.958,7.2,0.));
#3513 = LINE('',#3514,#3515);
#3514 = CARTESIAN_POINT('',(3.958,7.2,0.));
#3515 = VECTOR('',#3516,1.);
#3516 = DIRECTION('',(0.,0.,1.));
#3517 = ORIENTED_EDGE('',*,*,#3518,.F.);
#3518 = EDGE_CURVE('',#3480,#3511,#3519,.T.);
#3519 = LINE('',#3520,#3521);
#3520 = CARTESIAN_POINT('',(4.003,7.132,0.));
#3521 = VECTOR('',#3522,1.);
#3522 = DIRECTION('',(-0.551866900848,0.833932205727,0.));
#3523 = PLANE('',#3524);
#3524 = AXIS2_PLACEMENT_3D('',#3525,#3526,#3527);
#3525 = CARTESIAN_POINT('',(4.003,7.132,0.));
#3526 = DIRECTION('',(-0.833932205727,-0.551866900848,0.));
#3527 = DIRECTION('',(-0.551866900848,0.833932205727,0.));
#3528 = ADVANCED_FACE('',(#3529),#3554,.T.);
#3529 = FACE_BOUND('',#3530,.T.);
#3530 = EDGE_LOOP('',(#3531,#3532,#3540,#3548));
#3531 = ORIENTED_EDGE('',*,*,#3510,.T.);
#3532 = ORIENTED_EDGE('',*,*,#3533,.T.);
#3533 = EDGE_CURVE('',#3503,#3534,#3536,.T.);
#3534 = VERTEX_POINT('',#3535);
#3535 = CARTESIAN_POINT('',(3.919,7.272,0.4103624));
#3536 = LINE('',#3537,#3538);
#3537 = CARTESIAN_POINT('',(3.958,7.2,0.4103624));
#3538 = VECTOR('',#3539,1.);
#3539 = DIRECTION('',(-0.476283148541,0.879291966537,0.));
#3540 = ORIENTED_EDGE('',*,*,#3541,.F.);
#3541 = EDGE_CURVE('',#3542,#3534,#3544,.T.);
#3542 = VERTEX_POINT('',#3543);
#3543 = CARTESIAN_POINT('',(3.919,7.272,0.));
#3544 = LINE('',#3545,#3546);
#3545 = CARTESIAN_POINT('',(3.919,7.272,0.));
#3546 = VECTOR('',#3547,1.);
#3547 = DIRECTION('',(0.,0.,1.));
#3548 = ORIENTED_EDGE('',*,*,#3549,.F.);
#3549 = EDGE_CURVE('',#3511,#3542,#3550,.T.);
#3550 = LINE('',#3551,#3552);
#3551 = CARTESIAN_POINT('',(3.958,7.2,0.));
#3552 = VECTOR('',#3553,1.);
#3553 = DIRECTION('',(-0.476283148541,0.879291966537,0.));
#3554 = PLANE('',#3555);
#3555 = AXIS2_PLACEMENT_3D('',#3556,#3557,#3558);
#3556 = CARTESIAN_POINT('',(3.958,7.2,0.));
#3557 = DIRECTION('',(-0.879291966537,-0.476283148541,0.));
#3558 = DIRECTION('',(-0.476283148541,0.879291966537,0.));
#3559 = ADVANCED_FACE('',(#3560),#3585,.T.);
#3560 = FACE_BOUND('',#3561,.T.);
#3561 = EDGE_LOOP('',(#3562,#3563,#3571,#3579));
#3562 = ORIENTED_EDGE('',*,*,#3541,.T.);
#3563 = ORIENTED_EDGE('',*,*,#3564,.T.);
#3564 = EDGE_CURVE('',#3534,#3565,#3567,.T.);
#3565 = VERTEX_POINT('',#3566);
#3566 = CARTESIAN_POINT('',(3.868,7.335,0.4103624));
#3567 = LINE('',#3568,#3569);
#3568 = CARTESIAN_POINT('',(3.919,7.272,0.4103624));
#3569 = VECTOR('',#3570,1.);
#3570 = DIRECTION('',(-0.629198228668,0.777244870707,0.));
#3571 = ORIENTED_EDGE('',*,*,#3572,.F.);
#3572 = EDGE_CURVE('',#3573,#3565,#3575,.T.);
#3573 = VERTEX_POINT('',#3574);
#3574 = CARTESIAN_POINT('',(3.868,7.335,0.));
#3575 = LINE('',#3576,#3577);
#3576 = CARTESIAN_POINT('',(3.868,7.335,0.));
#3577 = VECTOR('',#3578,1.);
#3578 = DIRECTION('',(0.,0.,1.));
#3579 = ORIENTED_EDGE('',*,*,#3580,.F.);
#3580 = EDGE_CURVE('',#3542,#3573,#3581,.T.);
#3581 = LINE('',#3582,#3583);
#3582 = CARTESIAN_POINT('',(3.919,7.272,0.));
#3583 = VECTOR('',#3584,1.);
#3584 = DIRECTION('',(-0.629198228668,0.777244870707,0.));
#3585 = PLANE('',#3586);
#3586 = AXIS2_PLACEMENT_3D('',#3587,#3588,#3589);
#3587 = CARTESIAN_POINT('',(3.919,7.272,0.));
#3588 = DIRECTION('',(-0.777244870707,-0.629198228668,0.));
#3589 = DIRECTION('',(-0.629198228668,0.777244870707,0.));
#3590 = ADVANCED_FACE('',(#3591),#3616,.T.);
#3591 = FACE_BOUND('',#3592,.T.);
#3592 = EDGE_LOOP('',(#3593,#3594,#3602,#3610));
#3593 = ORIENTED_EDGE('',*,*,#3572,.T.);
#3594 = ORIENTED_EDGE('',*,*,#3595,.T.);
#3595 = EDGE_CURVE('',#3565,#3596,#3598,.T.);
#3596 = VERTEX_POINT('',#3597);
#3597 = CARTESIAN_POINT('',(3.822,7.402,0.4103624));
#3598 = LINE('',#3599,#3600);
#3599 = CARTESIAN_POINT('',(3.868,7.335,0.4103624));
#3600 = VECTOR('',#3601,1.);
#3601 = DIRECTION('',(-0.566006502692,0.824400775661,0.));
#3602 = ORIENTED_EDGE('',*,*,#3603,.F.);
#3603 = EDGE_CURVE('',#3604,#3596,#3606,.T.);
#3604 = VERTEX_POINT('',#3605);
#3605 = CARTESIAN_POINT('',(3.822,7.402,0.));
#3606 = LINE('',#3607,#3608);
#3607 = CARTESIAN_POINT('',(3.822,7.402,0.));
#3608 = VECTOR('',#3609,1.);
#3609 = DIRECTION('',(0.,0.,1.));
#3610 = ORIENTED_EDGE('',*,*,#3611,.F.);
#3611 = EDGE_CURVE('',#3573,#3604,#3612,.T.);
#3612 = LINE('',#3613,#3614);
#3613 = CARTESIAN_POINT('',(3.868,7.335,0.));
#3614 = VECTOR('',#3615,1.);
#3615 = DIRECTION('',(-0.566006502692,0.824400775661,0.));
#3616 = PLANE('',#3617);
#3617 = AXIS2_PLACEMENT_3D('',#3618,#3619,#3620);
#3618 = CARTESIAN_POINT('',(3.868,7.335,0.));
#3619 = DIRECTION('',(-0.824400775661,-0.566006502692,0.));
#3620 = DIRECTION('',(-0.566006502692,0.824400775661,0.));
#3621 = ADVANCED_FACE('',(#3622),#3647,.T.);
#3622 = FACE_BOUND('',#3623,.T.);
#3623 = EDGE_LOOP('',(#3624,#3625,#3633,#3641));
#3624 = ORIENTED_EDGE('',*,*,#3603,.T.);
#3625 = ORIENTED_EDGE('',*,*,#3626,.T.);
#3626 = EDGE_CURVE('',#3596,#3627,#3629,.T.);
#3627 = VERTEX_POINT('',#3628);
#3628 = CARTESIAN_POINT('',(3.765,7.46,0.4103624));
#3629 = LINE('',#3630,#3631);
#3630 = CARTESIAN_POINT('',(3.822,7.402,0.4103624));
#3631 = VECTOR('',#3632,1.);
#3632 = DIRECTION('',(-0.700931526822,0.713228571152,0.));
#3633 = ORIENTED_EDGE('',*,*,#3634,.F.);
#3634 = EDGE_CURVE('',#3635,#3627,#3637,.T.);
#3635 = VERTEX_POINT('',#3636);
#3636 = CARTESIAN_POINT('',(3.765,7.46,0.));
#3637 = LINE('',#3638,#3639);
#3638 = CARTESIAN_POINT('',(3.765,7.46,0.));
#3639 = VECTOR('',#3640,1.);
#3640 = DIRECTION('',(0.,0.,1.));
#3641 = ORIENTED_EDGE('',*,*,#3642,.F.);
#3642 = EDGE_CURVE('',#3604,#3635,#3643,.T.);
#3643 = LINE('',#3644,#3645);
#3644 = CARTESIAN_POINT('',(3.822,7.402,0.));
#3645 = VECTOR('',#3646,1.);
#3646 = DIRECTION('',(-0.700931526822,0.713228571152,0.));
#3647 = PLANE('',#3648);
#3648 = AXIS2_PLACEMENT_3D('',#3649,#3650,#3651);
#3649 = CARTESIAN_POINT('',(3.822,7.402,0.));
#3650 = DIRECTION('',(-0.713228571152,-0.700931526822,0.));
#3651 = DIRECTION('',(-0.700931526822,0.713228571152,0.));
#3652 = ADVANCED_FACE('',(#3653),#3678,.T.);
#3653 = FACE_BOUND('',#3654,.T.);
#3654 = EDGE_LOOP('',(#3655,#3656,#3664,#3672));
#3655 = ORIENTED_EDGE('',*,*,#3634,.T.);
#3656 = ORIENTED_EDGE('',*,*,#3657,.T.);
#3657 = EDGE_CURVE('',#3627,#3658,#3660,.T.);
#3658 = VERTEX_POINT('',#3659);
#3659 = CARTESIAN_POINT('',(3.713,7.523,0.4103624));
#3660 = LINE('',#3661,#3662);
#3661 = CARTESIAN_POINT('',(3.765,7.46,0.4103624));
#3662 = VECTOR('',#3663,1.);
#3663 = DIRECTION('',(-0.63656503651,0.771223025002,0.));
#3664 = ORIENTED_EDGE('',*,*,#3665,.F.);
#3665 = EDGE_CURVE('',#3666,#3658,#3668,.T.);
#3666 = VERTEX_POINT('',#3667);
#3667 = CARTESIAN_POINT('',(3.713,7.523,0.));
#3668 = LINE('',#3669,#3670);
#3669 = CARTESIAN_POINT('',(3.713,7.523,0.));
#3670 = VECTOR('',#3671,1.);
#3671 = DIRECTION('',(0.,0.,1.));
#3672 = ORIENTED_EDGE('',*,*,#3673,.F.);
#3673 = EDGE_CURVE('',#3635,#3666,#3674,.T.);
#3674 = LINE('',#3675,#3676);
#3675 = CARTESIAN_POINT('',(3.765,7.46,0.));
#3676 = VECTOR('',#3677,1.);
#3677 = DIRECTION('',(-0.63656503651,0.771223025002,0.));
#3678 = PLANE('',#3679);
#3679 = AXIS2_PLACEMENT_3D('',#3680,#3681,#3682);
#3680 = CARTESIAN_POINT('',(3.765,7.46,0.));
#3681 = DIRECTION('',(-0.771223025002,-0.63656503651,0.));
#3682 = DIRECTION('',(-0.63656503651,0.771223025002,0.));
#3683 = ADVANCED_FACE('',(#3684),#3709,.T.);
#3684 = FACE_BOUND('',#3685,.T.);
#3685 = EDGE_LOOP('',(#3686,#3687,#3695,#3703));
#3686 = ORIENTED_EDGE('',*,*,#3665,.T.);
#3687 = ORIENTED_EDGE('',*,*,#3688,.T.);
#3688 = EDGE_CURVE('',#3658,#3689,#3691,.T.);
#3689 = VERTEX_POINT('',#3690);
#3690 = CARTESIAN_POINT('',(3.65,7.575,0.4103624));
#3691 = LINE('',#3692,#3693);
#3692 = CARTESIAN_POINT('',(3.713,7.523,0.4103624));
#3693 = VECTOR('',#3694,1.);
#3694 = DIRECTION('',(-0.771223025002,0.63656503651,0.));
#3695 = ORIENTED_EDGE('',*,*,#3696,.F.);
#3696 = EDGE_CURVE('',#3697,#3689,#3699,.T.);
#3697 = VERTEX_POINT('',#3698);
#3698 = CARTESIAN_POINT('',(3.65,7.575,0.));
#3699 = LINE('',#3700,#3701);
#3700 = CARTESIAN_POINT('',(3.65,7.575,0.));
#3701 = VECTOR('',#3702,1.);
#3702 = DIRECTION('',(0.,0.,1.));
#3703 = ORIENTED_EDGE('',*,*,#3704,.F.);
#3704 = EDGE_CURVE('',#3666,#3697,#3705,.T.);
#3705 = LINE('',#3706,#3707);
#3706 = CARTESIAN_POINT('',(3.713,7.523,0.));
#3707 = VECTOR('',#3708,1.);
#3708 = DIRECTION('',(-0.771223025002,0.63656503651,0.));
#3709 = PLANE('',#3710);
#3710 = AXIS2_PLACEMENT_3D('',#3711,#3712,#3713);
#3711 = CARTESIAN_POINT('',(3.713,7.523,0.));
#3712 = DIRECTION('',(-0.63656503651,-0.771223025002,0.));
#3713 = DIRECTION('',(-0.771223025002,0.63656503651,0.));
#3714 = ADVANCED_FACE('',(#3715),#3740,.T.);
#3715 = FACE_BOUND('',#3716,.T.);
#3716 = EDGE_LOOP('',(#3717,#3718,#3726,#3734));
#3717 = ORIENTED_EDGE('',*,*,#3696,.T.);
#3718 = ORIENTED_EDGE('',*,*,#3719,.T.);
#3719 = EDGE_CURVE('',#3689,#3720,#3722,.T.);
#3720 = VERTEX_POINT('',#3721);
#3721 = CARTESIAN_POINT('',(3.592,7.632,0.4103624));
#3722 = LINE('',#3723,#3724);
#3723 = CARTESIAN_POINT('',(3.65,7.575,0.4103624));
#3724 = VECTOR('',#3725,1.);
#3725 = DIRECTION('',(-0.713228571152,0.700931526822,0.));
#3726 = ORIENTED_EDGE('',*,*,#3727,.F.);
#3727 = EDGE_CURVE('',#3728,#3720,#3730,.T.);
#3728 = VERTEX_POINT('',#3729);
#3729 = CARTESIAN_POINT('',(3.592,7.632,0.));
#3730 = LINE('',#3731,#3732);
#3731 = CARTESIAN_POINT('',(3.592,7.632,0.));
#3732 = VECTOR('',#3733,1.);
#3733 = DIRECTION('',(0.,0.,1.));
#3734 = ORIENTED_EDGE('',*,*,#3735,.F.);
#3735 = EDGE_CURVE('',#3697,#3728,#3736,.T.);
#3736 = LINE('',#3737,#3738);
#3737 = CARTESIAN_POINT('',(3.65,7.575,0.));
#3738 = VECTOR('',#3739,1.);
#3739 = DIRECTION('',(-0.713228571152,0.700931526822,0.));
#3740 = PLANE('',#3741);
#3741 = AXIS2_PLACEMENT_3D('',#3742,#3743,#3744);
#3742 = CARTESIAN_POINT('',(3.65,7.575,0.));
#3743 = DIRECTION('',(-0.700931526822,-0.713228571152,0.));
#3744 = DIRECTION('',(-0.713228571152,0.700931526822,0.));
#3745 = ADVANCED_FACE('',(#3746),#3771,.T.);
#3746 = FACE_BOUND('',#3747,.T.);
#3747 = EDGE_LOOP('',(#3748,#3749,#3757,#3765));
#3748 = ORIENTED_EDGE('',*,*,#3727,.T.);
#3749 = ORIENTED_EDGE('',*,*,#3750,.T.);
#3750 = EDGE_CURVE('',#3720,#3751,#3753,.T.);
#3751 = VERTEX_POINT('',#3752);
#3752 = CARTESIAN_POINT('',(3.525,7.678,0.4103624));
#3753 = LINE('',#3754,#3755);
#3754 = CARTESIAN_POINT('',(3.592,7.632,0.4103624));
#3755 = VECTOR('',#3756,1.);
#3756 = DIRECTION('',(-0.824400775661,0.566006502692,0.));
#3757 = ORIENTED_EDGE('',*,*,#3758,.F.);
#3758 = EDGE_CURVE('',#3759,#3751,#3761,.T.);
#3759 = VERTEX_POINT('',#3760);
#3760 = CARTESIAN_POINT('',(3.525,7.678,0.));
#3761 = LINE('',#3762,#3763);
#3762 = CARTESIAN_POINT('',(3.525,7.678,0.));
#3763 = VECTOR('',#3764,1.);
#3764 = DIRECTION('',(0.,0.,1.));
#3765 = ORIENTED_EDGE('',*,*,#3766,.F.);
#3766 = EDGE_CURVE('',#3728,#3759,#3767,.T.);
#3767 = LINE('',#3768,#3769);
#3768 = CARTESIAN_POINT('',(3.592,7.632,0.));
#3769 = VECTOR('',#3770,1.);
#3770 = DIRECTION('',(-0.824400775661,0.566006502692,0.));
#3771 = PLANE('',#3772);
#3772 = AXIS2_PLACEMENT_3D('',#3773,#3774,#3775);
#3773 = CARTESIAN_POINT('',(3.592,7.632,0.));
#3774 = DIRECTION('',(-0.566006502692,-0.824400775661,0.));
#3775 = DIRECTION('',(-0.824400775661,0.566006502692,0.));
#3776 = ADVANCED_FACE('',(#3777),#3802,.T.);
#3777 = FACE_BOUND('',#3778,.T.);
#3778 = EDGE_LOOP('',(#3779,#3780,#3788,#3796));
#3779 = ORIENTED_EDGE('',*,*,#3758,.T.);
#3780 = ORIENTED_EDGE('',*,*,#3781,.T.);
#3781 = EDGE_CURVE('',#3751,#3782,#3784,.T.);
#3782 = VERTEX_POINT('',#3783);
#3783 = CARTESIAN_POINT('',(3.462,7.729,0.4103624));
#3784 = LINE('',#3785,#3786);
#3785 = CARTESIAN_POINT('',(3.525,7.678,0.4103624));
#3786 = VECTOR('',#3787,1.);
#3787 = DIRECTION('',(-0.777244870707,0.629198228668,0.));
#3788 = ORIENTED_EDGE('',*,*,#3789,.F.);
#3789 = EDGE_CURVE('',#3790,#3782,#3792,.T.);
#3790 = VERTEX_POINT('',#3791);
#3791 = CARTESIAN_POINT('',(3.462,7.729,0.));
#3792 = LINE('',#3793,#3794);
#3793 = CARTESIAN_POINT('',(3.462,7.729,0.));
#3794 = VECTOR('',#3795,1.);
#3795 = DIRECTION('',(0.,0.,1.));
#3796 = ORIENTED_EDGE('',*,*,#3797,.F.);
#3797 = EDGE_CURVE('',#3759,#3790,#3798,.T.);
#3798 = LINE('',#3799,#3800);
#3799 = CARTESIAN_POINT('',(3.525,7.678,0.));
#3800 = VECTOR('',#3801,1.);
#3801 = DIRECTION('',(-0.777244870707,0.629198228668,0.));
#3802 = PLANE('',#3803);
#3803 = AXIS2_PLACEMENT_3D('',#3804,#3805,#3806);
#3804 = CARTESIAN_POINT('',(3.525,7.678,0.));
#3805 = DIRECTION('',(-0.629198228668,-0.777244870707,0.));
#3806 = DIRECTION('',(-0.777244870707,0.629198228668,0.));
#3807 = ADVANCED_FACE('',(#3808),#3833,.T.);
#3808 = FACE_BOUND('',#3809,.T.);
#3809 = EDGE_LOOP('',(#3810,#3811,#3819,#3827));
#3810 = ORIENTED_EDGE('',*,*,#3789,.T.);
#3811 = ORIENTED_EDGE('',*,*,#3812,.T.);
#3812 = EDGE_CURVE('',#3782,#3813,#3815,.T.);
#3813 = VERTEX_POINT('',#3814);
#3814 = CARTESIAN_POINT('',(3.39,7.768,0.4103624));
#3815 = LINE('',#3816,#3817);
#3816 = CARTESIAN_POINT('',(3.462,7.729,0.4103624));
#3817 = VECTOR('',#3818,1.);
#3818 = DIRECTION('',(-0.879291966537,0.476283148541,0.));
#3819 = ORIENTED_EDGE('',*,*,#3820,.F.);
#3820 = EDGE_CURVE('',#3821,#3813,#3823,.T.);
#3821 = VERTEX_POINT('',#3822);
#3822 = CARTESIAN_POINT('',(3.39,7.768,0.));
#3823 = LINE('',#3824,#3825);
#3824 = CARTESIAN_POINT('',(3.39,7.768,0.));
#3825 = VECTOR('',#3826,1.);
#3826 = DIRECTION('',(0.,0.,1.));
#3827 = ORIENTED_EDGE('',*,*,#3828,.F.);
#3828 = EDGE_CURVE('',#3790,#3821,#3829,.T.);
#3829 = LINE('',#3830,#3831);
#3830 = CARTESIAN_POINT('',(3.462,7.729,0.));
#3831 = VECTOR('',#3832,1.);
#3832 = DIRECTION('',(-0.879291966537,0.476283148541,0.));
#3833 = PLANE('',#3834);
#3834 = AXIS2_PLACEMENT_3D('',#3835,#3836,#3837);
#3835 = CARTESIAN_POINT('',(3.462,7.729,0.));
#3836 = DIRECTION('',(-0.476283148541,-0.879291966537,0.));
#3837 = DIRECTION('',(-0.879291966537,0.476283148541,0.));
#3838 = ADVANCED_FACE('',(#3839),#3864,.T.);
#3839 = FACE_BOUND('',#3840,.T.);
#3840 = EDGE_LOOP('',(#3841,#3842,#3850,#3858));
#3841 = ORIENTED_EDGE('',*,*,#3820,.T.);
#3842 = ORIENTED_EDGE('',*,*,#3843,.T.);
#3843 = EDGE_CURVE('',#3813,#3844,#3846,.T.);
#3844 = VERTEX_POINT('',#3845);
#3845 = CARTESIAN_POINT('',(3.322,7.813,0.4103624));
#3846 = LINE('',#3847,#3848);
#3847 = CARTESIAN_POINT('',(3.39,7.768,0.4103624));
#3848 = VECTOR('',#3849,1.);
#3849 = DIRECTION('',(-0.833932205727,0.551866900848,0.));
#3850 = ORIENTED_EDGE('',*,*,#3851,.F.);
#3851 = EDGE_CURVE('',#3852,#3844,#3854,.T.);
#3852 = VERTEX_POINT('',#3853);
#3853 = CARTESIAN_POINT('',(3.322,7.813,0.));
#3854 = LINE('',#3855,#3856);
#3855 = CARTESIAN_POINT('',(3.322,7.813,0.));
#3856 = VECTOR('',#3857,1.);
#3857 = DIRECTION('',(0.,0.,1.));
#3858 = ORIENTED_EDGE('',*,*,#3859,.F.);
#3859 = EDGE_CURVE('',#3821,#3852,#3860,.T.);
#3860 = LINE('',#3861,#3862);
#3861 = CARTESIAN_POINT('',(3.39,7.768,0.));
#3862 = VECTOR('',#3863,1.);
#3863 = DIRECTION('',(-0.833932205727,0.551866900848,0.));
#3864 = PLANE('',#3865);
#3865 = AXIS2_PLACEMENT_3D('',#3866,#3867,#3868);
#3866 = CARTESIAN_POINT('',(3.39,7.768,0.));
#3867 = DIRECTION('',(-0.551866900848,-0.833932205727,0.));
#3868 = DIRECTION('',(-0.833932205727,0.551866900848,0.));
#3869 = ADVANCED_FACE('',(#3870),#3895,.T.);
#3870 = FACE_BOUND('',#3871,.T.);
#3871 = EDGE_LOOP('',(#3872,#3873,#3881,#3889));
#3872 = ORIENTED_EDGE('',*,*,#3851,.T.);
#3873 = ORIENTED_EDGE('',*,*,#3874,.T.);
#3874 = EDGE_CURVE('',#3844,#3875,#3877,.T.);
#3875 = VERTEX_POINT('',#3876);
#3876 = CARTESIAN_POINT('',(3.247,7.844,0.4103624));
#3877 = LINE('',#3878,#3879);
#3878 = CARTESIAN_POINT('',(3.322,7.813,0.4103624));
#3879 = VECTOR('',#3880,1.);
#3880 = DIRECTION('',(-0.924166879681,0.381988976935,0.));
#3881 = ORIENTED_EDGE('',*,*,#3882,.F.);
#3882 = EDGE_CURVE('',#3883,#3875,#3885,.T.);
#3883 = VERTEX_POINT('',#3884);
#3884 = CARTESIAN_POINT('',(3.247,7.844,0.));
#3885 = LINE('',#3886,#3887);
#3886 = CARTESIAN_POINT('',(3.247,7.844,0.));
#3887 = VECTOR('',#3888,1.);
#3888 = DIRECTION('',(0.,0.,1.));
#3889 = ORIENTED_EDGE('',*,*,#3890,.F.);
#3890 = EDGE_CURVE('',#3852,#3883,#3891,.T.);
#3891 = LINE('',#3892,#3893);
#3892 = CARTESIAN_POINT('',(3.322,7.813,0.));
#3893 = VECTOR('',#3894,1.);
#3894 = DIRECTION('',(-0.924166879681,0.381988976935,0.));
#3895 = PLANE('',#3896);
#3896 = AXIS2_PLACEMENT_3D('',#3897,#3898,#3899);
#3897 = CARTESIAN_POINT('',(3.322,7.813,0.));
#3898 = DIRECTION('',(-0.381988976935,-0.924166879681,0.));
#3899 = DIRECTION('',(-0.924166879681,0.381988976935,0.));
#3900 = ADVANCED_FACE('',(#3901),#3926,.T.);
#3901 = FACE_BOUND('',#3902,.T.);
#3902 = EDGE_LOOP('',(#3903,#3904,#3912,#3920));
#3903 = ORIENTED_EDGE('',*,*,#3882,.T.);
#3904 = ORIENTED_EDGE('',*,*,#3905,.T.);
#3905 = EDGE_CURVE('',#3875,#3906,#3908,.T.);
#3906 = VERTEX_POINT('',#3907);
#3907 = CARTESIAN_POINT('',(3.175,7.883,0.4103624));
#3908 = LINE('',#3909,#3910);
#3909 = CARTESIAN_POINT('',(3.247,7.844,0.4103624));
#3910 = VECTOR('',#3911,1.);
#3911 = DIRECTION('',(-0.879291966537,0.476283148541,0.));
#3912 = ORIENTED_EDGE('',*,*,#3913,.F.);
#3913 = EDGE_CURVE('',#3914,#3906,#3916,.T.);
#3914 = VERTEX_POINT('',#3915);
#3915 = CARTESIAN_POINT('',(3.175,7.883,0.));
#3916 = LINE('',#3917,#3918);
#3917 = CARTESIAN_POINT('',(3.175,7.883,0.));
#3918 = VECTOR('',#3919,1.);
#3919 = DIRECTION('',(0.,0.,1.));
#3920 = ORIENTED_EDGE('',*,*,#3921,.F.);
#3921 = EDGE_CURVE('',#3883,#3914,#3922,.T.);
#3922 = LINE('',#3923,#3924);
#3923 = CARTESIAN_POINT('',(3.247,7.844,0.));
#3924 = VECTOR('',#3925,1.);
#3925 = DIRECTION('',(-0.879291966537,0.476283148541,0.));
#3926 = PLANE('',#3927);
#3927 = AXIS2_PLACEMENT_3D('',#3928,#3929,#3930);
#3928 = CARTESIAN_POINT('',(3.247,7.844,0.));
#3929 = DIRECTION('',(-0.476283148541,-0.879291966537,0.));
#3930 = DIRECTION('',(-0.879291966537,0.476283148541,0.));
#3931 = ADVANCED_FACE('',(#3932),#3957,.T.);
#3932 = FACE_BOUND('',#3933,.T.);
#3933 = EDGE_LOOP('',(#3934,#3935,#3943,#3951));
#3934 = ORIENTED_EDGE('',*,*,#3913,.T.);
#3935 = ORIENTED_EDGE('',*,*,#3936,.T.);
#3936 = EDGE_CURVE('',#3906,#3937,#3939,.T.);
#3937 = VERTEX_POINT('',#3938);
#3938 = CARTESIAN_POINT('',(3.097,7.906,0.4103624));
#3939 = LINE('',#3940,#3941);
#3940 = CARTESIAN_POINT('',(3.175,7.883,0.4103624));
#3941 = VECTOR('',#3942,1.);
#3942 = DIRECTION('',(-0.959169457756,0.282832019595,0.));
#3943 = ORIENTED_EDGE('',*,*,#3944,.F.);
#3944 = EDGE_CURVE('',#3945,#3937,#3947,.T.);
#3945 = VERTEX_POINT('',#3946);
#3946 = CARTESIAN_POINT('',(3.097,7.906,0.));
#3947 = LINE('',#3948,#3949);
#3948 = CARTESIAN_POINT('',(3.097,7.906,0.));
#3949 = VECTOR('',#3950,1.);
#3950 = DIRECTION('',(0.,0.,1.));
#3951 = ORIENTED_EDGE('',*,*,#3952,.F.);
#3952 = EDGE_CURVE('',#3914,#3945,#3953,.T.);
#3953 = LINE('',#3954,#3955);
#3954 = CARTESIAN_POINT('',(3.175,7.883,0.));
#3955 = VECTOR('',#3956,1.);
#3956 = DIRECTION('',(-0.959169457756,0.282832019595,0.));
#3957 = PLANE('',#3958);
#3958 = AXIS2_PLACEMENT_3D('',#3959,#3960,#3961);
#3959 = CARTESIAN_POINT('',(3.175,7.883,0.));
#3960 = DIRECTION('',(-0.282832019595,-0.959169457756,0.));
#3961 = DIRECTION('',(-0.959169457756,0.282832019595,0.));
#3962 = ADVANCED_FACE('',(#3963),#3988,.T.);
#3963 = FACE_BOUND('',#3964,.T.);
#3964 = EDGE_LOOP('',(#3965,#3966,#3974,#3982));
#3965 = ORIENTED_EDGE('',*,*,#3944,.T.);
#3966 = ORIENTED_EDGE('',*,*,#3967,.T.);
#3967 = EDGE_CURVE('',#3937,#3968,#3970,.T.);
#3968 = VERTEX_POINT('',#3969);
#3969 = CARTESIAN_POINT('',(3.022,7.938,0.4103624));
#3970 = LINE('',#3971,#3972);
#3971 = CARTESIAN_POINT('',(3.097,7.906,0.4103624));
#3972 = VECTOR('',#3973,1.);
#3973 = DIRECTION('',(-0.919778168081,0.392438685048,0.));
#3974 = ORIENTED_EDGE('',*,*,#3975,.F.);
#3975 = EDGE_CURVE('',#3976,#3968,#3978,.T.);
#3976 = VERTEX_POINT('',#3977);
#3977 = CARTESIAN_POINT('',(3.022,7.938,0.));
#3978 = LINE('',#3979,#3980);
#3979 = CARTESIAN_POINT('',(3.022,7.938,0.));
#3980 = VECTOR('',#3981,1.);
#3981 = DIRECTION('',(0.,0.,1.));
#3982 = ORIENTED_EDGE('',*,*,#3983,.F.);
#3983 = EDGE_CURVE('',#3945,#3976,#3984,.T.);
#3984 = LINE('',#3985,#3986);
#3985 = CARTESIAN_POINT('',(3.097,7.906,0.));
#3986 = VECTOR('',#3987,1.);
#3987 = DIRECTION('',(-0.919778168081,0.392438685048,0.));
#3988 = PLANE('',#3989);
#3989 = AXIS2_PLACEMENT_3D('',#3990,#3991,#3992);
#3990 = CARTESIAN_POINT('',(3.097,7.906,0.));
#3991 = DIRECTION('',(-0.392438685048,-0.919778168081,0.));
#3992 = DIRECTION('',(-0.919778168081,0.392438685048,0.));
#3993 = ADVANCED_FACE('',(#3994),#4019,.T.);
#3994 = FACE_BOUND('',#3995,.T.);
#3995 = EDGE_LOOP('',(#3996,#3997,#4005,#4013));
#3996 = ORIENTED_EDGE('',*,*,#3975,.T.);
#3997 = ORIENTED_EDGE('',*,*,#3998,.T.);
#3998 = EDGE_CURVE('',#3968,#3999,#4001,.T.);
#3999 = VERTEX_POINT('',#4000);
#4000 = CARTESIAN_POINT('',(2.942,7.953,0.4103624));
#4001 = LINE('',#4002,#4003);
#4002 = CARTESIAN_POINT('',(3.022,7.938,0.4103624));
#4003 = VECTOR('',#4004,1.);
#4004 = DIRECTION('',(-0.982872186934,0.18428853505,0.));
#4005 = ORIENTED_EDGE('',*,*,#4006,.F.);
#4006 = EDGE_CURVE('',#4007,#3999,#4009,.T.);
#4007 = VERTEX_POINT('',#4008);
#4008 = CARTESIAN_POINT('',(2.942,7.953,0.));
#4009 = LINE('',#4010,#4011);
#4010 = CARTESIAN_POINT('',(2.942,7.953,0.));
#4011 = VECTOR('',#4012,1.);
#4012 = DIRECTION('',(0.,0.,1.));
#4013 = ORIENTED_EDGE('',*,*,#4014,.F.);
#4014 = EDGE_CURVE('',#3976,#4007,#4015,.T.);
#4015 = LINE('',#4016,#4017);
#4016 = CARTESIAN_POINT('',(3.022,7.938,0.));
#4017 = VECTOR('',#4018,1.);
#4018 = DIRECTION('',(-0.982872186934,0.18428853505,0.));
#4019 = PLANE('',#4020);
#4020 = AXIS2_PLACEMENT_3D('',#4021,#4022,#4023);
#4021 = CARTESIAN_POINT('',(3.022,7.938,0.));
#4022 = DIRECTION('',(-0.18428853505,-0.982872186934,0.));
#4023 = DIRECTION('',(-0.982872186934,0.18428853505,0.));
#4024 = ADVANCED_FACE('',(#4025),#4050,.T.);
#4025 = FACE_BOUND('',#4026,.T.);
#4026 = EDGE_LOOP('',(#4027,#4028,#4036,#4044));
#4027 = ORIENTED_EDGE('',*,*,#4006,.T.);
#4028 = ORIENTED_EDGE('',*,*,#4029,.T.);
#4029 = EDGE_CURVE('',#3999,#4030,#4032,.T.);
#4030 = VERTEX_POINT('',#4031);
#4031 = CARTESIAN_POINT('',(2.864,7.977,0.4103624));
#4032 = LINE('',#4033,#4034);
#4033 = CARTESIAN_POINT('',(2.942,7.953,0.4103624));
#4034 = VECTOR('',#4035,1.);
#4035 = DIRECTION('',(-0.955779008722,0.294085848838,0.));
#4036 = ORIENTED_EDGE('',*,*,#4037,.F.);
#4037 = EDGE_CURVE('',#4038,#4030,#4040,.T.);
#4038 = VERTEX_POINT('',#4039);
#4039 = CARTESIAN_POINT('',(2.864,7.977,0.));
#4040 = LINE('',#4041,#4042);
#4041 = CARTESIAN_POINT('',(2.864,7.977,0.));
#4042 = VECTOR('',#4043,1.);
#4043 = DIRECTION('',(0.,0.,1.));
#4044 = ORIENTED_EDGE('',*,*,#4045,.F.);
#4045 = EDGE_CURVE('',#4007,#4038,#4046,.T.);
#4046 = LINE('',#4047,#4048);
#4047 = CARTESIAN_POINT('',(2.942,7.953,0.));
#4048 = VECTOR('',#4049,1.);
#4049 = DIRECTION('',(-0.955779008722,0.294085848838,0.));
#4050 = PLANE('',#4051);
#4051 = AXIS2_PLACEMENT_3D('',#4052,#4053,#4054);
#4052 = CARTESIAN_POINT('',(2.942,7.953,0.));
#4053 = DIRECTION('',(-0.294085848838,-0.955779008722,0.));
#4054 = DIRECTION('',(-0.955779008722,0.294085848838,0.));
#4055 = ADVANCED_FACE('',(#4056),#4081,.T.);
#4056 = FACE_BOUND('',#4057,.T.);
#4057 = EDGE_LOOP('',(#4058,#4059,#4067,#4075));
#4058 = ORIENTED_EDGE('',*,*,#4037,.T.);
#4059 = ORIENTED_EDGE('',*,*,#4060,.T.);
#4060 = EDGE_CURVE('',#4030,#4061,#4063,.T.);
#4061 = VERTEX_POINT('',#4062);
#4062 = CARTESIAN_POINT('',(2.783,7.985,0.4103624));
#4063 = LINE('',#4064,#4065);
#4064 = CARTESIAN_POINT('',(2.864,7.977,0.4103624));
#4065 = VECTOR('',#4066,1.);
#4066 = DIRECTION('',(-0.995158089271,9.828721869343E-02,0.));
#4067 = ORIENTED_EDGE('',*,*,#4068,.F.);
#4068 = EDGE_CURVE('',#4069,#4061,#4071,.T.);
#4069 = VERTEX_POINT('',#4070);
#4070 = CARTESIAN_POINT('',(2.783,7.985,0.));
#4071 = LINE('',#4072,#4073);
#4072 = CARTESIAN_POINT('',(2.783,7.985,0.));
#4073 = VECTOR('',#4074,1.);
#4074 = DIRECTION('',(0.,0.,1.));
#4075 = ORIENTED_EDGE('',*,*,#4076,.F.);
#4076 = EDGE_CURVE('',#4038,#4069,#4077,.T.);
#4077 = LINE('',#4078,#4079);
#4078 = CARTESIAN_POINT('',(2.864,7.977,0.));
#4079 = VECTOR('',#4080,1.);
#4080 = DIRECTION('',(-0.995158089271,9.828721869343E-02,0.));
#4081 = PLANE('',#4082);
#4082 = AXIS2_PLACEMENT_3D('',#4083,#4084,#4085);
#4083 = CARTESIAN_POINT('',(2.864,7.977,0.));
#4084 = DIRECTION('',(-9.828721869343E-02,-0.995158089271,0.));
#4085 = DIRECTION('',(-0.995158089271,9.828721869343E-02,0.));
#4086 = ADVANCED_FACE('',(#4087),#4112,.T.);
#4087 = FACE_BOUND('',#4088,.T.);
#4088 = EDGE_LOOP('',(#4089,#4090,#4098,#4106));
#4089 = ORIENTED_EDGE('',*,*,#4068,.T.);
#4090 = ORIENTED_EDGE('',*,*,#4091,.T.);
#4091 = EDGE_CURVE('',#4061,#4092,#4094,.T.);
#4092 = VERTEX_POINT('',#4093);
#4093 = CARTESIAN_POINT('',(2.703,8.001,0.4103624));
#4094 = LINE('',#4095,#4096);
#4095 = CARTESIAN_POINT('',(2.783,7.985,0.4103624));
#4096 = VECTOR('',#4097,1.);
#4097 = DIRECTION('',(-0.980580675691,0.196116135138,0.));
#4098 = ORIENTED_EDGE('',*,*,#4099,.F.);
#4099 = EDGE_CURVE('',#4100,#4092,#4102,.T.);
#4100 = VERTEX_POINT('',#4101);
#4101 = CARTESIAN_POINT('',(2.703,8.001,0.));
#4102 = LINE('',#4103,#4104);
#4103 = CARTESIAN_POINT('',(2.703,8.001,0.));
#4104 = VECTOR('',#4105,1.);
#4105 = DIRECTION('',(0.,0.,1.));
#4106 = ORIENTED_EDGE('',*,*,#4107,.F.);
#4107 = EDGE_CURVE('',#4069,#4100,#4108,.T.);
#4108 = LINE('',#4109,#4110);
#4109 = CARTESIAN_POINT('',(2.783,7.985,0.));
#4110 = VECTOR('',#4111,1.);
#4111 = DIRECTION('',(-0.980580675691,0.196116135138,0.));
#4112 = PLANE('',#4113);
#4113 = AXIS2_PLACEMENT_3D('',#4114,#4115,#4116);
#4114 = CARTESIAN_POINT('',(2.783,7.985,0.));
#4115 = DIRECTION('',(-0.196116135138,-0.980580675691,0.));
#4116 = DIRECTION('',(-0.980580675691,0.196116135138,0.));
#4117 = ADVANCED_FACE('',(#4118),#4143,.T.);
#4118 = FACE_BOUND('',#4119,.T.);
#4119 = EDGE_LOOP('',(#4120,#4121,#4129,#4137));
#4120 = ORIENTED_EDGE('',*,*,#4099,.T.);
#4121 = ORIENTED_EDGE('',*,*,#4122,.T.);
#4122 = EDGE_CURVE('',#4092,#4123,#4125,.T.);
#4123 = VERTEX_POINT('',#4124);
#4124 = CARTESIAN_POINT('',(2.621,8.001,0.4103624));
#4125 = LINE('',#4126,#4127);
#4126 = CARTESIAN_POINT('',(2.703,8.001,0.4103624));
#4127 = VECTOR('',#4128,1.);
#4128 = DIRECTION('',(-1.,0.,0.));
#4129 = ORIENTED_EDGE('',*,*,#4130,.F.);
#4130 = EDGE_CURVE('',#4131,#4123,#4133,.T.);
#4131 = VERTEX_POINT('',#4132);
#4132 = CARTESIAN_POINT('',(2.621,8.001,0.));
#4133 = LINE('',#4134,#4135);
#4134 = CARTESIAN_POINT('',(2.621,8.001,0.));
#4135 = VECTOR('',#4136,1.);
#4136 = DIRECTION('',(0.,0.,1.));
#4137 = ORIENTED_EDGE('',*,*,#4138,.F.);
#4138 = EDGE_CURVE('',#4100,#4131,#4139,.T.);
#4139 = LINE('',#4140,#4141);
#4140 = CARTESIAN_POINT('',(2.703,8.001,0.));
#4141 = VECTOR('',#4142,1.);
#4142 = DIRECTION('',(-1.,0.,0.));
#4143 = PLANE('',#4144);
#4144 = AXIS2_PLACEMENT_3D('',#4145,#4146,#4147);
#4145 = CARTESIAN_POINT('',(2.703,8.001,0.));
#4146 = DIRECTION('',(0.,-1.,0.));
#4147 = DIRECTION('',(-1.,0.,0.));
#4148 = ADVANCED_FACE('',(#4149),#4165,.T.);
#4149 = FACE_BOUND('',#4150,.T.);
#4150 = EDGE_LOOP('',(#4151,#4152,#4158,#4159));
#4151 = ORIENTED_EDGE('',*,*,#4130,.T.);
#4152 = ORIENTED_EDGE('',*,*,#4153,.T.);
#4153 = EDGE_CURVE('',#4123,#209,#4154,.T.);
#4154 = LINE('',#4155,#4156);
#4155 = CARTESIAN_POINT('',(2.621,8.001,0.4103624));
#4156 = VECTOR('',#4157,1.);
#4157 = DIRECTION('',(-0.995158089271,9.828721869344E-02,0.));
#4158 = ORIENTED_EDGE('',*,*,#206,.F.);
#4159 = ORIENTED_EDGE('',*,*,#4160,.F.);
#4160 = EDGE_CURVE('',#4131,#207,#4161,.T.);
#4161 = LINE('',#4162,#4163);
#4162 = CARTESIAN_POINT('',(2.621,8.001,0.));
#4163 = VECTOR('',#4164,1.);
#4164 = DIRECTION('',(-0.995158089271,9.828721869344E-02,0.));
#4165 = PLANE('',#4166);
#4166 = AXIS2_PLACEMENT_3D('',#4167,#4168,#4169);
#4167 = CARTESIAN_POINT('',(2.621,8.001,0.));
#4168 = DIRECTION('',(-9.828721869344E-02,-0.995158089271,0.));
#4169 = DIRECTION('',(-0.995158089271,9.828721869344E-02,0.));
#4170 = ADVANCED_FACE('',(#4171),#4198,.F.);
#4171 = FACE_BOUND('',#4172,.T.);
#4172 = EDGE_LOOP('',(#4173,#4183,#4190,#4191));
#4173 = ORIENTED_EDGE('',*,*,#4174,.T.);
#4174 = EDGE_CURVE('',#4175,#4177,#4179,.T.);
#4175 = VERTEX_POINT('',#4176);
#4176 = CARTESIAN_POINT('',(11.938,1.27,0.));
#4177 = VERTEX_POINT('',#4178);
#4178 = CARTESIAN_POINT('',(11.938,1.27,0.4103624));
#4179 = LINE('',#4180,#4181);
#4180 = CARTESIAN_POINT('',(11.938,1.27,0.));
#4181 = VECTOR('',#4182,1.);
#4182 = DIRECTION('',(0.,0.,1.));
#4183 = ORIENTED_EDGE('',*,*,#4184,.T.);
#4184 = EDGE_CURVE('',#4177,#4177,#4185,.T.);
#4185 = CIRCLE('',#4186,0.508);
#4186 = AXIS2_PLACEMENT_3D('',#4187,#4188,#4189);
#4187 = CARTESIAN_POINT('',(11.43,1.27,0.4103624));
#4188 = DIRECTION('',(0.,0.,1.));
#4189 = DIRECTION('',(1.,0.,-0.));
#4190 = ORIENTED_EDGE('',*,*,#4174,.F.);
#4191 = ORIENTED_EDGE('',*,*,#4192,.F.);
#4192 = EDGE_CURVE('',#4175,#4175,#4193,.T.);
#4193 = CIRCLE('',#4194,0.508);
#4194 = AXIS2_PLACEMENT_3D('',#4195,#4196,#4197);
#4195 = CARTESIAN_POINT('',(11.43,1.27,0.));
#4196 = DIRECTION('',(0.,0.,1.));
#4197 = DIRECTION('',(1.,0.,-0.));
#4198 = CYLINDRICAL_SURFACE('',#4199,0.508);
#4199 = AXIS2_PLACEMENT_3D('',#4200,#4201,#4202);
#4200 = CARTESIAN_POINT('',(11.43,1.27,0.));
#4201 = DIRECTION('',(-0.,-0.,-1.));
#4202 = DIRECTION('',(1.,0.,-0.));
#4203 = ADVANCED_FACE('',(#4204),#4231,.F.);
#4204 = FACE_BOUND('',#4205,.T.);
#4205 = EDGE_LOOP('',(#4206,#4216,#4223,#4224));
#4206 = ORIENTED_EDGE('',*,*,#4207,.T.);
#4207 = EDGE_CURVE('',#4208,#4210,#4212,.T.);
#4208 = VERTEX_POINT('',#4209);
#4209 = CARTESIAN_POINT('',(9.398,1.27,0.));
#4210 = VERTEX_POINT('',#4211);
#4211 = CARTESIAN_POINT('',(9.398,1.27,0.4103624));
#4212 = LINE('',#4213,#4214);
#4213 = CARTESIAN_POINT('',(9.398,1.27,0.));
#4214 = VECTOR('',#4215,1.);
#4215 = DIRECTION('',(0.,0.,1.));
#4216 = ORIENTED_EDGE('',*,*,#4217,.T.);
#4217 = EDGE_CURVE('',#4210,#4210,#4218,.T.);
#4218 = CIRCLE('',#4219,0.508);
#4219 = AXIS2_PLACEMENT_3D('',#4220,#4221,#4222);
#4220 = CARTESIAN_POINT('',(8.89,1.27,0.4103624));
#4221 = DIRECTION('',(0.,0.,1.));
#4222 = DIRECTION('',(1.,0.,-0.));
#4223 = ORIENTED_EDGE('',*,*,#4207,.F.);
#4224 = ORIENTED_EDGE('',*,*,#4225,.F.);
#4225 = EDGE_CURVE('',#4208,#4208,#4226,.T.);
#4226 = CIRCLE('',#4227,0.508);
#4227 = AXIS2_PLACEMENT_3D('',#4228,#4229,#4230);
#4228 = CARTESIAN_POINT('',(8.89,1.27,0.));
#4229 = DIRECTION('',(0.,0.,1.));
#4230 = DIRECTION('',(1.,0.,-0.));
#4231 = CYLINDRICAL_SURFACE('',#4232,0.508);
#4232 = AXIS2_PLACEMENT_3D('',#4233,#4234,#4235);
#4233 = CARTESIAN_POINT('',(8.89,1.27,0.));
#4234 = DIRECTION('',(-0.,-0.,-1.));
#4235 = DIRECTION('',(1.,0.,-0.));
#4236 = ADVANCED_FACE('',(#4237),#4264,.F.);
#4237 = FACE_BOUND('',#4238,.T.);
#4238 = EDGE_LOOP('',(#4239,#4249,#4256,#4257));
#4239 = ORIENTED_EDGE('',*,*,#4240,.T.);
#4240 = EDGE_CURVE('',#4241,#4243,#4245,.T.);
#4241 = VERTEX_POINT('',#4242);
#4242 = CARTESIAN_POINT('',(6.858,11.43,0.));
#4243 = VERTEX_POINT('',#4244);
#4244 = CARTESIAN_POINT('',(6.858,11.43,0.4103624));
#4245 = LINE('',#4246,#4247);
#4246 = CARTESIAN_POINT('',(6.858,11.43,0.));
#4247 = VECTOR('',#4248,1.);
#4248 = DIRECTION('',(0.,0.,1.));
#4249 = ORIENTED_EDGE('',*,*,#4250,.T.);
#4250 = EDGE_CURVE('',#4243,#4243,#4251,.T.);
#4251 = CIRCLE('',#4252,0.508);
#4252 = AXIS2_PLACEMENT_3D('',#4253,#4254,#4255);
#4253 = CARTESIAN_POINT('',(6.35,11.43,0.4103624));
#4254 = DIRECTION('',(0.,0.,1.));
#4255 = DIRECTION('',(1.,0.,-0.));
#4256 = ORIENTED_EDGE('',*,*,#4240,.F.);
#4257 = ORIENTED_EDGE('',*,*,#4258,.F.);
#4258 = EDGE_CURVE('',#4241,#4241,#4259,.T.);
#4259 = CIRCLE('',#4260,0.508);
#4260 = AXIS2_PLACEMENT_3D('',#4261,#4262,#4263);
#4261 = CARTESIAN_POINT('',(6.35,11.43,0.));
#4262 = DIRECTION('',(0.,0.,1.));
#4263 = DIRECTION('',(1.,0.,-0.));
#4264 = CYLINDRICAL_SURFACE('',#4265,0.508);
#4265 = AXIS2_PLACEMENT_3D('',#4266,#4267,#4268);
#4266 = CARTESIAN_POINT('',(6.35,11.43,0.));
#4267 = DIRECTION('',(-0.,-0.,-1.));
#4268 = DIRECTION('',(1.,0.,-0.));
#4269 = ADVANCED_FACE('',(#4270),#4297,.F.);
#4270 = FACE_BOUND('',#4271,.T.);
#4271 = EDGE_LOOP('',(#4272,#4282,#4289,#4290));
#4272 = ORIENTED_EDGE('',*,*,#4273,.T.);
#4273 = EDGE_CURVE('',#4274,#4276,#4278,.T.);
#4274 = VERTEX_POINT('',#4275);
#4275 = CARTESIAN_POINT('',(11.938,11.43,0.));
#4276 = VERTEX_POINT('',#4277);
#4277 = CARTESIAN_POINT('',(11.938,11.43,0.4103624));
#4278 = LINE('',#4279,#4280);
#4279 = CARTESIAN_POINT('',(11.938,11.43,0.));
#4280 = VECTOR('',#4281,1.);
#4281 = DIRECTION('',(0.,0.,1.));
#4282 = ORIENTED_EDGE('',*,*,#4283,.T.);
#4283 = EDGE_CURVE('',#4276,#4276,#4284,.T.);
#4284 = CIRCLE('',#4285,0.508);
#4285 = AXIS2_PLACEMENT_3D('',#4286,#4287,#4288);
#4286 = CARTESIAN_POINT('',(11.43,11.43,0.4103624));
#4287 = DIRECTION('',(0.,0.,1.));
#4288 = DIRECTION('',(1.,0.,-0.));
#4289 = ORIENTED_EDGE('',*,*,#4273,.F.);
#4290 = ORIENTED_EDGE('',*,*,#4291,.F.);
#4291 = EDGE_CURVE('',#4274,#4274,#4292,.T.);
#4292 = CIRCLE('',#4293,0.508);
#4293 = AXIS2_PLACEMENT_3D('',#4294,#4295,#4296);
#4294 = CARTESIAN_POINT('',(11.43,11.43,0.));
#4295 = DIRECTION('',(0.,0.,1.));
#4296 = DIRECTION('',(1.,0.,-0.));
#4297 = CYLINDRICAL_SURFACE('',#4298,0.508);
#4298 = AXIS2_PLACEMENT_3D('',#4299,#4300,#4301);
#4299 = CARTESIAN_POINT('',(11.43,11.43,0.));
#4300 = DIRECTION('',(-0.,-0.,-1.));
#4301 = DIRECTION('',(1.,0.,-0.));
#4302 = ADVANCED_FACE('',(#4303),#4330,.F.);
#4303 = FACE_BOUND('',#4304,.T.);
#4304 = EDGE_LOOP('',(#4305,#4315,#4322,#4323));
#4305 = ORIENTED_EDGE('',*,*,#4306,.T.);
#4306 = EDGE_CURVE('',#4307,#4309,#4311,.T.);
#4307 = VERTEX_POINT('',#4308);
#4308 = CARTESIAN_POINT('',(9.398,11.43,0.));
#4309 = VERTEX_POINT('',#4310);
#4310 = CARTESIAN_POINT('',(9.398,11.43,0.4103624));
#4311 = LINE('',#4312,#4313);
#4312 = CARTESIAN_POINT('',(9.398,11.43,0.));
#4313 = VECTOR('',#4314,1.);
#4314 = DIRECTION('',(0.,0.,1.));
#4315 = ORIENTED_EDGE('',*,*,#4316,.T.);
#4316 = EDGE_CURVE('',#4309,#4309,#4317,.T.);
#4317 = CIRCLE('',#4318,0.508);
#4318 = AXIS2_PLACEMENT_3D('',#4319,#4320,#4321);
#4319 = CARTESIAN_POINT('',(8.89,11.43,0.4103624));
#4320 = DIRECTION('',(0.,0.,1.));
#4321 = DIRECTION('',(1.,0.,-0.));
#4322 = ORIENTED_EDGE('',*,*,#4306,.F.);
#4323 = ORIENTED_EDGE('',*,*,#4324,.F.);
#4324 = EDGE_CURVE('',#4307,#4307,#4325,.T.);
#4325 = CIRCLE('',#4326,0.508);
#4326 = AXIS2_PLACEMENT_3D('',#4327,#4328,#4329);
#4327 = CARTESIAN_POINT('',(8.89,11.43,0.));
#4328 = DIRECTION('',(0.,0.,1.));
#4329 = DIRECTION('',(1.,0.,-0.));
#4330 = CYLINDRICAL_SURFACE('',#4331,0.508);
#4331 = AXIS2_PLACEMENT_3D('',#4332,#4333,#4334);
#4332 = CARTESIAN_POINT('',(8.89,11.43,0.));
#4333 = DIRECTION('',(-0.,-0.,-1.));
#4334 = DIRECTION('',(1.,0.,-0.));
#4335 = ADVANCED_FACE('',(#4336),#4363,.F.);
#4336 = FACE_BOUND('',#4337,.T.);
#4337 = EDGE_LOOP('',(#4338,#4348,#4355,#4356));
#4338 = ORIENTED_EDGE('',*,*,#4339,.T.);
#4339 = EDGE_CURVE('',#4340,#4342,#4344,.T.);
#4340 = VERTEX_POINT('',#4341);
#4341 = CARTESIAN_POINT('',(17.018,1.27,0.));
#4342 = VERTEX_POINT('',#4343);
#4343 = CARTESIAN_POINT('',(17.018,1.27,0.4103624));
#4344 = LINE('',#4345,#4346);
#4345 = CARTESIAN_POINT('',(17.018,1.27,0.));
#4346 = VECTOR('',#4347,1.);
#4347 = DIRECTION('',(0.,0.,1.));
#4348 = ORIENTED_EDGE('',*,*,#4349,.T.);
#4349 = EDGE_CURVE('',#4342,#4342,#4350,.T.);
#4350 = CIRCLE('',#4351,0.508);
#4351 = AXIS2_PLACEMENT_3D('',#4352,#4353,#4354);
#4352 = CARTESIAN_POINT('',(16.51,1.27,0.4103624));
#4353 = DIRECTION('',(0.,0.,1.));
#4354 = DIRECTION('',(1.,0.,-0.));
#4355 = ORIENTED_EDGE('',*,*,#4339,.F.);
#4356 = ORIENTED_EDGE('',*,*,#4357,.F.);
#4357 = EDGE_CURVE('',#4340,#4340,#4358,.T.);
#4358 = CIRCLE('',#4359,0.508);
#4359 = AXIS2_PLACEMENT_3D('',#4360,#4361,#4362);
#4360 = CARTESIAN_POINT('',(16.51,1.27,0.));
#4361 = DIRECTION('',(0.,0.,1.));
#4362 = DIRECTION('',(1.,0.,-0.));
#4363 = CYLINDRICAL_SURFACE('',#4364,0.508);
#4364 = AXIS2_PLACEMENT_3D('',#4365,#4366,#4367);
#4365 = CARTESIAN_POINT('',(16.51,1.27,0.));
#4366 = DIRECTION('',(-0.,-0.,-1.));
#4367 = DIRECTION('',(1.,0.,-0.));
#4368 = ADVANCED_FACE('',(#4369),#4396,.F.);
#4369 = FACE_BOUND('',#4370,.T.);
#4370 = EDGE_LOOP('',(#4371,#4381,#4388,#4389));
#4371 = ORIENTED_EDGE('',*,*,#4372,.T.);
#4372 = EDGE_CURVE('',#4373,#4375,#4377,.T.);
#4373 = VERTEX_POINT('',#4374);
#4374 = CARTESIAN_POINT('',(14.478,1.27,0.));
#4375 = VERTEX_POINT('',#4376);
#4376 = CARTESIAN_POINT('',(14.478,1.27,0.4103624));
#4377 = LINE('',#4378,#4379);
#4378 = CARTESIAN_POINT('',(14.478,1.27,0.));
#4379 = VECTOR('',#4380,1.);
#4380 = DIRECTION('',(0.,0.,1.));
#4381 = ORIENTED_EDGE('',*,*,#4382,.T.);
#4382 = EDGE_CURVE('',#4375,#4375,#4383,.T.);
#4383 = CIRCLE('',#4384,0.508);
#4384 = AXIS2_PLACEMENT_3D('',#4385,#4386,#4387);
#4385 = CARTESIAN_POINT('',(13.97,1.27,0.4103624));
#4386 = DIRECTION('',(0.,0.,1.));
#4387 = DIRECTION('',(1.,0.,-0.));
#4388 = ORIENTED_EDGE('',*,*,#4372,.F.);
#4389 = ORIENTED_EDGE('',*,*,#4390,.F.);
#4390 = EDGE_CURVE('',#4373,#4373,#4391,.T.);
#4391 = CIRCLE('',#4392,0.508);
#4392 = AXIS2_PLACEMENT_3D('',#4393,#4394,#4395);
#4393 = CARTESIAN_POINT('',(13.97,1.27,0.));
#4394 = DIRECTION('',(0.,0.,1.));
#4395 = DIRECTION('',(1.,0.,-0.));
#4396 = CYLINDRICAL_SURFACE('',#4397,0.508);
#4397 = AXIS2_PLACEMENT_3D('',#4398,#4399,#4400);
#4398 = CARTESIAN_POINT('',(13.97,1.27,0.));
#4399 = DIRECTION('',(-0.,-0.,-1.));
#4400 = DIRECTION('',(1.,0.,-0.));
#4401 = ADVANCED_FACE('',(#4402),#4429,.F.);
#4402 = FACE_BOUND('',#4403,.T.);
#4403 = EDGE_LOOP('',(#4404,#4414,#4421,#4422));
#4404 = ORIENTED_EDGE('',*,*,#4405,.T.);
#4405 = EDGE_CURVE('',#4406,#4408,#4410,.T.);
#4406 = VERTEX_POINT('',#4407);
#4407 = CARTESIAN_POINT('',(19.558,1.27,0.));
#4408 = VERTEX_POINT('',#4409);
#4409 = CARTESIAN_POINT('',(19.558,1.27,0.4103624));
#4410 = LINE('',#4411,#4412);
#4411 = CARTESIAN_POINT('',(19.558,1.27,0.));
#4412 = VECTOR('',#4413,1.);
#4413 = DIRECTION('',(0.,0.,1.));
#4414 = ORIENTED_EDGE('',*,*,#4415,.T.);
#4415 = EDGE_CURVE('',#4408,#4408,#4416,.T.);
#4416 = CIRCLE('',#4417,0.508);
#4417 = AXIS2_PLACEMENT_3D('',#4418,#4419,#4420);
#4418 = CARTESIAN_POINT('',(19.05,1.27,0.4103624));
#4419 = DIRECTION('',(0.,0.,1.));
#4420 = DIRECTION('',(1.,0.,-0.));
#4421 = ORIENTED_EDGE('',*,*,#4405,.F.);
#4422 = ORIENTED_EDGE('',*,*,#4423,.F.);
#4423 = EDGE_CURVE('',#4406,#4406,#4424,.T.);
#4424 = CIRCLE('',#4425,0.508);
#4425 = AXIS2_PLACEMENT_3D('',#4426,#4427,#4428);
#4426 = CARTESIAN_POINT('',(19.05,1.27,0.));
#4427 = DIRECTION('',(0.,0.,1.));
#4428 = DIRECTION('',(1.,0.,-0.));
#4429 = CYLINDRICAL_SURFACE('',#4430,0.508);
#4430 = AXIS2_PLACEMENT_3D('',#4431,#4432,#4433);
#4431 = CARTESIAN_POINT('',(19.05,1.27,0.));
#4432 = DIRECTION('',(-0.,-0.,-1.));
#4433 = DIRECTION('',(1.,0.,-0.));
#4434 = ADVANCED_FACE('',(#4435),#4469,.T.);
#4435 = FACE_BOUND('',#4436,.T.);
#4436 = EDGE_LOOP('',(#4437,#4447,#4455,#4463));
#4437 = ORIENTED_EDGE('',*,*,#4438,.T.);
#4438 = EDGE_CURVE('',#4439,#4441,#4443,.T.);
#4439 = VERTEX_POINT('',#4440);
#4440 = CARTESIAN_POINT('',(20.32,8.009,0.));
#4441 = VERTEX_POINT('',#4442);
#4442 = CARTESIAN_POINT('',(20.32,8.009,0.4103624));
#4443 = LINE('',#4444,#4445);
#4444 = CARTESIAN_POINT('',(20.32,8.009,0.));
#4445 = VECTOR('',#4446,1.);
#4446 = DIRECTION('',(0.,0.,1.));
#4447 = ORIENTED_EDGE('',*,*,#4448,.T.);
#4448 = EDGE_CURVE('',#4441,#4449,#4451,.T.);
#4449 = VERTEX_POINT('',#4450);
#4450 = CARTESIAN_POINT('',(20.239,8.001,0.4103624));
#4451 = LINE('',#4452,#4453);
#4452 = CARTESIAN_POINT('',(20.32,8.009,0.4103624));
#4453 = VECTOR('',#4454,1.);
#4454 = DIRECTION('',(-0.995158089271,-9.828721869344E-02,0.));
#4455 = ORIENTED_EDGE('',*,*,#4456,.F.);
#4456 = EDGE_CURVE('',#4457,#4449,#4459,.T.);
#4457 = VERTEX_POINT('',#4458);
#4458 = CARTESIAN_POINT('',(20.239,8.001,0.));
#4459 = LINE('',#4460,#4461);
#4460 = CARTESIAN_POINT('',(20.239,8.001,0.));
#4461 = VECTOR('',#4462,1.);
#4462 = DIRECTION('',(0.,0.,1.));
#4463 = ORIENTED_EDGE('',*,*,#4464,.F.);
#4464 = EDGE_CURVE('',#4439,#4457,#4465,.T.);
#4465 = LINE('',#4466,#4467);
#4466 = CARTESIAN_POINT('',(20.32,8.009,0.));
#4467 = VECTOR('',#4468,1.);
#4468 = DIRECTION('',(-0.995158089271,-9.828721869344E-02,0.));
#4469 = PLANE('',#4470);
#4470 = AXIS2_PLACEMENT_3D('',#4471,#4472,#4473);
#4471 = CARTESIAN_POINT('',(20.32,8.009,0.));
#4472 = DIRECTION('',(9.828721869344E-02,-0.995158089271,0.));
#4473 = DIRECTION('',(-0.995158089271,-9.828721869344E-02,0.));
#4474 = ADVANCED_FACE('',(#4475),#4500,.T.);
#4475 = FACE_BOUND('',#4476,.T.);
#4476 = EDGE_LOOP('',(#4477,#4478,#4486,#4494));
#4477 = ORIENTED_EDGE('',*,*,#4456,.T.);
#4478 = ORIENTED_EDGE('',*,*,#4479,.T.);
#4479 = EDGE_CURVE('',#4449,#4480,#4482,.T.);
#4480 = VERTEX_POINT('',#4481);
#4481 = CARTESIAN_POINT('',(20.157,8.001,0.4103624));
#4482 = LINE('',#4483,#4484);
#4483 = CARTESIAN_POINT('',(20.239,8.001,0.4103624));
#4484 = VECTOR('',#4485,1.);
#4485 = DIRECTION('',(-1.,0.,0.));
#4486 = ORIENTED_EDGE('',*,*,#4487,.F.);
#4487 = EDGE_CURVE('',#4488,#4480,#4490,.T.);
#4488 = VERTEX_POINT('',#4489);
#4489 = CARTESIAN_POINT('',(20.157,8.001,0.));
#4490 = LINE('',#4491,#4492);
#4491 = CARTESIAN_POINT('',(20.157,8.001,0.));
#4492 = VECTOR('',#4493,1.);
#4493 = DIRECTION('',(0.,0.,1.));
#4494 = ORIENTED_EDGE('',*,*,#4495,.F.);
#4495 = EDGE_CURVE('',#4457,#4488,#4496,.T.);
#4496 = LINE('',#4497,#4498);
#4497 = CARTESIAN_POINT('',(20.239,8.001,0.));
#4498 = VECTOR('',#4499,1.);
#4499 = DIRECTION('',(-1.,0.,0.));
#4500 = PLANE('',#4501);
#4501 = AXIS2_PLACEMENT_3D('',#4502,#4503,#4504);
#4502 = CARTESIAN_POINT('',(20.239,8.001,0.));
#4503 = DIRECTION('',(0.,-1.,0.));
#4504 = DIRECTION('',(-1.,0.,0.));
#4505 = ADVANCED_FACE('',(#4506),#4531,.T.);
#4506 = FACE_BOUND('',#4507,.T.);
#4507 = EDGE_LOOP('',(#4508,#4509,#4517,#4525));
#4508 = ORIENTED_EDGE('',*,*,#4487,.T.);
#4509 = ORIENTED_EDGE('',*,*,#4510,.T.);
#4510 = EDGE_CURVE('',#4480,#4511,#4513,.T.);
#4511 = VERTEX_POINT('',#4512);
#4512 = CARTESIAN_POINT('',(20.077,7.985,0.4103624));
#4513 = LINE('',#4514,#4515);
#4514 = CARTESIAN_POINT('',(20.157,8.001,0.4103624));
#4515 = VECTOR('',#4516,1.);
#4516 = DIRECTION('',(-0.980580675691,-0.196116135138,0.));
#4517 = ORIENTED_EDGE('',*,*,#4518,.F.);
#4518 = EDGE_CURVE('',#4519,#4511,#4521,.T.);
#4519 = VERTEX_POINT('',#4520);
#4520 = CARTESIAN_POINT('',(20.077,7.985,0.));
#4521 = LINE('',#4522,#4523);
#4522 = CARTESIAN_POINT('',(20.077,7.985,0.));
#4523 = VECTOR('',#4524,1.);
#4524 = DIRECTION('',(0.,0.,1.));
#4525 = ORIENTED_EDGE('',*,*,#4526,.F.);
#4526 = EDGE_CURVE('',#4488,#4519,#4527,.T.);
#4527 = LINE('',#4528,#4529);
#4528 = CARTESIAN_POINT('',(20.157,8.001,0.));
#4529 = VECTOR('',#4530,1.);
#4530 = DIRECTION('',(-0.980580675691,-0.196116135138,0.));
#4531 = PLANE('',#4532);
#4532 = AXIS2_PLACEMENT_3D('',#4533,#4534,#4535);
#4533 = CARTESIAN_POINT('',(20.157,8.001,0.));
#4534 = DIRECTION('',(0.196116135138,-0.980580675691,0.));
#4535 = DIRECTION('',(-0.980580675691,-0.196116135138,0.));
#4536 = ADVANCED_FACE('',(#4537),#4562,.T.);
#4537 = FACE_BOUND('',#4538,.T.);
#4538 = EDGE_LOOP('',(#4539,#4540,#4548,#4556));
#4539 = ORIENTED_EDGE('',*,*,#4518,.T.);
#4540 = ORIENTED_EDGE('',*,*,#4541,.T.);
#4541 = EDGE_CURVE('',#4511,#4542,#4544,.T.);
#4542 = VERTEX_POINT('',#4543);
#4543 = CARTESIAN_POINT('',(19.996,7.977,0.4103624));
#4544 = LINE('',#4545,#4546);
#4545 = CARTESIAN_POINT('',(20.077,7.985,0.4103624));
#4546 = VECTOR('',#4547,1.);
#4547 = DIRECTION('',(-0.995158089271,-9.828721869343E-02,0.));
#4548 = ORIENTED_EDGE('',*,*,#4549,.F.);
#4549 = EDGE_CURVE('',#4550,#4542,#4552,.T.);
#4550 = VERTEX_POINT('',#4551);
#4551 = CARTESIAN_POINT('',(19.996,7.977,0.));
#4552 = LINE('',#4553,#4554);
#4553 = CARTESIAN_POINT('',(19.996,7.977,0.));
#4554 = VECTOR('',#4555,1.);
#4555 = DIRECTION('',(0.,0.,1.));
#4556 = ORIENTED_EDGE('',*,*,#4557,.F.);
#4557 = EDGE_CURVE('',#4519,#4550,#4558,.T.);
#4558 = LINE('',#4559,#4560);
#4559 = CARTESIAN_POINT('',(20.077,7.985,0.));
#4560 = VECTOR('',#4561,1.);
#4561 = DIRECTION('',(-0.995158089271,-9.828721869343E-02,0.));
#4562 = PLANE('',#4563);
#4563 = AXIS2_PLACEMENT_3D('',#4564,#4565,#4566);
#4564 = CARTESIAN_POINT('',(20.077,7.985,0.));
#4565 = DIRECTION('',(9.828721869343E-02,-0.995158089271,0.));
#4566 = DIRECTION('',(-0.995158089271,-9.828721869343E-02,0.));
#4567 = ADVANCED_FACE('',(#4568),#4593,.T.);
#4568 = FACE_BOUND('',#4569,.T.);
#4569 = EDGE_LOOP('',(#4570,#4571,#4579,#4587));
#4570 = ORIENTED_EDGE('',*,*,#4549,.T.);
#4571 = ORIENTED_EDGE('',*,*,#4572,.T.);
#4572 = EDGE_CURVE('',#4542,#4573,#4575,.T.);
#4573 = VERTEX_POINT('',#4574);
#4574 = CARTESIAN_POINT('',(19.918,7.953,0.4103624));
#4575 = LINE('',#4576,#4577);
#4576 = CARTESIAN_POINT('',(19.996,7.977,0.4103624));
#4577 = VECTOR('',#4578,1.);
#4578 = DIRECTION('',(-0.955779008722,-0.294085848838,0.));
#4579 = ORIENTED_EDGE('',*,*,#4580,.F.);
#4580 = EDGE_CURVE('',#4581,#4573,#4583,.T.);
#4581 = VERTEX_POINT('',#4582);
#4582 = CARTESIAN_POINT('',(19.918,7.953,0.));
#4583 = LINE('',#4584,#4585);
#4584 = CARTESIAN_POINT('',(19.918,7.953,0.));
#4585 = VECTOR('',#4586,1.);
#4586 = DIRECTION('',(0.,0.,1.));
#4587 = ORIENTED_EDGE('',*,*,#4588,.F.);
#4588 = EDGE_CURVE('',#4550,#4581,#4589,.T.);
#4589 = LINE('',#4590,#4591);
#4590 = CARTESIAN_POINT('',(19.996,7.977,0.));
#4591 = VECTOR('',#4592,1.);
#4592 = DIRECTION('',(-0.955779008722,-0.294085848838,0.));
#4593 = PLANE('',#4594);
#4594 = AXIS2_PLACEMENT_3D('',#4595,#4596,#4597);
#4595 = CARTESIAN_POINT('',(19.996,7.977,0.));
#4596 = DIRECTION('',(0.294085848838,-0.955779008722,0.));
#4597 = DIRECTION('',(-0.955779008722,-0.294085848838,0.));
#4598 = ADVANCED_FACE('',(#4599),#4624,.T.);
#4599 = FACE_BOUND('',#4600,.T.);
#4600 = EDGE_LOOP('',(#4601,#4602,#4610,#4618));
#4601 = ORIENTED_EDGE('',*,*,#4580,.T.);
#4602 = ORIENTED_EDGE('',*,*,#4603,.T.);
#4603 = EDGE_CURVE('',#4573,#4604,#4606,.T.);
#4604 = VERTEX_POINT('',#4605);
#4605 = CARTESIAN_POINT('',(19.838,7.938,0.4103624));
#4606 = LINE('',#4607,#4608);
#4607 = CARTESIAN_POINT('',(19.918,7.953,0.4103624));
#4608 = VECTOR('',#4609,1.);
#4609 = DIRECTION('',(-0.982872186934,-0.18428853505,0.));
#4610 = ORIENTED_EDGE('',*,*,#4611,.F.);
#4611 = EDGE_CURVE('',#4612,#4604,#4614,.T.);
#4612 = VERTEX_POINT('',#4613);
#4613 = CARTESIAN_POINT('',(19.838,7.938,0.));
#4614 = LINE('',#4615,#4616);
#4615 = CARTESIAN_POINT('',(19.838,7.938,0.));
#4616 = VECTOR('',#4617,1.);
#4617 = DIRECTION('',(0.,0.,1.));
#4618 = ORIENTED_EDGE('',*,*,#4619,.F.);
#4619 = EDGE_CURVE('',#4581,#4612,#4620,.T.);
#4620 = LINE('',#4621,#4622);
#4621 = CARTESIAN_POINT('',(19.918,7.953,0.));
#4622 = VECTOR('',#4623,1.);
#4623 = DIRECTION('',(-0.982872186934,-0.18428853505,0.));
#4624 = PLANE('',#4625);
#4625 = AXIS2_PLACEMENT_3D('',#4626,#4627,#4628);
#4626 = CARTESIAN_POINT('',(19.918,7.953,0.));
#4627 = DIRECTION('',(0.18428853505,-0.982872186934,0.));
#4628 = DIRECTION('',(-0.982872186934,-0.18428853505,0.));
#4629 = ADVANCED_FACE('',(#4630),#4655,.T.);
#4630 = FACE_BOUND('',#4631,.T.);
#4631 = EDGE_LOOP('',(#4632,#4633,#4641,#4649));
#4632 = ORIENTED_EDGE('',*,*,#4611,.T.);
#4633 = ORIENTED_EDGE('',*,*,#4634,.T.);
#4634 = EDGE_CURVE('',#4604,#4635,#4637,.T.);
#4635 = VERTEX_POINT('',#4636);
#4636 = CARTESIAN_POINT('',(19.763,7.906,0.4103624));
#4637 = LINE('',#4638,#4639);
#4638 = CARTESIAN_POINT('',(19.838,7.938,0.4103624));
#4639 = VECTOR('',#4640,1.);
#4640 = DIRECTION('',(-0.919778168081,-0.392438685048,0.));
#4641 = ORIENTED_EDGE('',*,*,#4642,.F.);
#4642 = EDGE_CURVE('',#4643,#4635,#4645,.T.);
#4643 = VERTEX_POINT('',#4644);
#4644 = CARTESIAN_POINT('',(19.763,7.906,0.));
#4645 = LINE('',#4646,#4647);
#4646 = CARTESIAN_POINT('',(19.763,7.906,0.));
#4647 = VECTOR('',#4648,1.);
#4648 = DIRECTION('',(0.,0.,1.));
#4649 = ORIENTED_EDGE('',*,*,#4650,.F.);
#4650 = EDGE_CURVE('',#4612,#4643,#4651,.T.);
#4651 = LINE('',#4652,#4653);
#4652 = CARTESIAN_POINT('',(19.838,7.938,0.));
#4653 = VECTOR('',#4654,1.);
#4654 = DIRECTION('',(-0.919778168081,-0.392438685048,0.));
#4655 = PLANE('',#4656);
#4656 = AXIS2_PLACEMENT_3D('',#4657,#4658,#4659);
#4657 = CARTESIAN_POINT('',(19.838,7.938,0.));
#4658 = DIRECTION('',(0.392438685048,-0.919778168081,0.));
#4659 = DIRECTION('',(-0.919778168081,-0.392438685048,0.));
#4660 = ADVANCED_FACE('',(#4661),#4686,.T.);
#4661 = FACE_BOUND('',#4662,.T.);
#4662 = EDGE_LOOP('',(#4663,#4664,#4672,#4680));
#4663 = ORIENTED_EDGE('',*,*,#4642,.T.);
#4664 = ORIENTED_EDGE('',*,*,#4665,.T.);
#4665 = EDGE_CURVE('',#4635,#4666,#4668,.T.);
#4666 = VERTEX_POINT('',#4667);
#4667 = CARTESIAN_POINT('',(19.685,7.883,0.4103624));
#4668 = LINE('',#4669,#4670);
#4669 = CARTESIAN_POINT('',(19.763,7.906,0.4103624));
#4670 = VECTOR('',#4671,1.);
#4671 = DIRECTION('',(-0.959169457756,-0.282832019595,0.));
#4672 = ORIENTED_EDGE('',*,*,#4673,.F.);
#4673 = EDGE_CURVE('',#4674,#4666,#4676,.T.);
#4674 = VERTEX_POINT('',#4675);
#4675 = CARTESIAN_POINT('',(19.685,7.883,0.));
#4676 = LINE('',#4677,#4678);
#4677 = CARTESIAN_POINT('',(19.685,7.883,0.));
#4678 = VECTOR('',#4679,1.);
#4679 = DIRECTION('',(0.,0.,1.));
#4680 = ORIENTED_EDGE('',*,*,#4681,.F.);
#4681 = EDGE_CURVE('',#4643,#4674,#4682,.T.);
#4682 = LINE('',#4683,#4684);
#4683 = CARTESIAN_POINT('',(19.763,7.906,0.));
#4684 = VECTOR('',#4685,1.);
#4685 = DIRECTION('',(-0.959169457756,-0.282832019595,0.));
#4686 = PLANE('',#4687);
#4687 = AXIS2_PLACEMENT_3D('',#4688,#4689,#4690);
#4688 = CARTESIAN_POINT('',(19.763,7.906,0.));
#4689 = DIRECTION('',(0.282832019595,-0.959169457756,0.));
#4690 = DIRECTION('',(-0.959169457756,-0.282832019595,0.));
#4691 = ADVANCED_FACE('',(#4692),#4717,.T.);
#4692 = FACE_BOUND('',#4693,.T.);
#4693 = EDGE_LOOP('',(#4694,#4695,#4703,#4711));
#4694 = ORIENTED_EDGE('',*,*,#4673,.T.);
#4695 = ORIENTED_EDGE('',*,*,#4696,.T.);
#4696 = EDGE_CURVE('',#4666,#4697,#4699,.T.);
#4697 = VERTEX_POINT('',#4698);
#4698 = CARTESIAN_POINT('',(19.613,7.844,0.4103624));
#4699 = LINE('',#4700,#4701);
#4700 = CARTESIAN_POINT('',(19.685,7.883,0.4103624));
#4701 = VECTOR('',#4702,1.);
#4702 = DIRECTION('',(-0.879291966537,-0.476283148541,0.));
#4703 = ORIENTED_EDGE('',*,*,#4704,.F.);
#4704 = EDGE_CURVE('',#4705,#4697,#4707,.T.);
#4705 = VERTEX_POINT('',#4706);
#4706 = CARTESIAN_POINT('',(19.613,7.844,0.));
#4707 = LINE('',#4708,#4709);
#4708 = CARTESIAN_POINT('',(19.613,7.844,0.));
#4709 = VECTOR('',#4710,1.);
#4710 = DIRECTION('',(0.,0.,1.));
#4711 = ORIENTED_EDGE('',*,*,#4712,.F.);
#4712 = EDGE_CURVE('',#4674,#4705,#4713,.T.);
#4713 = LINE('',#4714,#4715);
#4714 = CARTESIAN_POINT('',(19.685,7.883,0.));
#4715 = VECTOR('',#4716,1.);
#4716 = DIRECTION('',(-0.879291966537,-0.476283148541,0.));
#4717 = PLANE('',#4718);
#4718 = AXIS2_PLACEMENT_3D('',#4719,#4720,#4721);
#4719 = CARTESIAN_POINT('',(19.685,7.883,0.));
#4720 = DIRECTION('',(0.476283148541,-0.879291966537,0.));
#4721 = DIRECTION('',(-0.879291966537,-0.476283148541,0.));
#4722 = ADVANCED_FACE('',(#4723),#4748,.T.);
#4723 = FACE_BOUND('',#4724,.T.);
#4724 = EDGE_LOOP('',(#4725,#4726,#4734,#4742));
#4725 = ORIENTED_EDGE('',*,*,#4704,.T.);
#4726 = ORIENTED_EDGE('',*,*,#4727,.T.);
#4727 = EDGE_CURVE('',#4697,#4728,#4730,.T.);
#4728 = VERTEX_POINT('',#4729);
#4729 = CARTESIAN_POINT('',(19.538,7.813,0.4103624));
#4730 = LINE('',#4731,#4732);
#4731 = CARTESIAN_POINT('',(19.613,7.844,0.4103624));
#4732 = VECTOR('',#4733,1.);
#4733 = DIRECTION('',(-0.924166879681,-0.381988976935,0.));
#4734 = ORIENTED_EDGE('',*,*,#4735,.F.);
#4735 = EDGE_CURVE('',#4736,#4728,#4738,.T.);
#4736 = VERTEX_POINT('',#4737);
#4737 = CARTESIAN_POINT('',(19.538,7.813,0.));
#4738 = LINE('',#4739,#4740);
#4739 = CARTESIAN_POINT('',(19.538,7.813,0.));
#4740 = VECTOR('',#4741,1.);
#4741 = DIRECTION('',(0.,0.,1.));
#4742 = ORIENTED_EDGE('',*,*,#4743,.F.);
#4743 = EDGE_CURVE('',#4705,#4736,#4744,.T.);
#4744 = LINE('',#4745,#4746);
#4745 = CARTESIAN_POINT('',(19.613,7.844,0.));
#4746 = VECTOR('',#4747,1.);
#4747 = DIRECTION('',(-0.924166879681,-0.381988976935,0.));
#4748 = PLANE('',#4749);
#4749 = AXIS2_PLACEMENT_3D('',#4750,#4751,#4752);
#4750 = CARTESIAN_POINT('',(19.613,7.844,0.));
#4751 = DIRECTION('',(0.381988976935,-0.924166879681,0.));
#4752 = DIRECTION('',(-0.924166879681,-0.381988976935,0.));
#4753 = ADVANCED_FACE('',(#4754),#4779,.T.);
#4754 = FACE_BOUND('',#4755,.T.);
#4755 = EDGE_LOOP('',(#4756,#4757,#4765,#4773));
#4756 = ORIENTED_EDGE('',*,*,#4735,.T.);
#4757 = ORIENTED_EDGE('',*,*,#4758,.T.);
#4758 = EDGE_CURVE('',#4728,#4759,#4761,.T.);
#4759 = VERTEX_POINT('',#4760);
#4760 = CARTESIAN_POINT('',(19.47,7.768,0.4103624));
#4761 = LINE('',#4762,#4763);
#4762 = CARTESIAN_POINT('',(19.538,7.813,0.4103624));
#4763 = VECTOR('',#4764,1.);
#4764 = DIRECTION('',(-0.833932205727,-0.551866900848,0.));
#4765 = ORIENTED_EDGE('',*,*,#4766,.F.);
#4766 = EDGE_CURVE('',#4767,#4759,#4769,.T.);
#4767 = VERTEX_POINT('',#4768);
#4768 = CARTESIAN_POINT('',(19.47,7.768,0.));
#4769 = LINE('',#4770,#4771);
#4770 = CARTESIAN_POINT('',(19.47,7.768,0.));
#4771 = VECTOR('',#4772,1.);
#4772 = DIRECTION('',(0.,0.,1.));
#4773 = ORIENTED_EDGE('',*,*,#4774,.F.);
#4774 = EDGE_CURVE('',#4736,#4767,#4775,.T.);
#4775 = LINE('',#4776,#4777);
#4776 = CARTESIAN_POINT('',(19.538,7.813,0.));
#4777 = VECTOR('',#4778,1.);
#4778 = DIRECTION('',(-0.833932205727,-0.551866900848,0.));
#4779 = PLANE('',#4780);
#4780 = AXIS2_PLACEMENT_3D('',#4781,#4782,#4783);
#4781 = CARTESIAN_POINT('',(19.538,7.813,0.));
#4782 = DIRECTION('',(0.551866900848,-0.833932205727,0.));
#4783 = DIRECTION('',(-0.833932205727,-0.551866900848,0.));
#4784 = ADVANCED_FACE('',(#4785),#4810,.T.);
#4785 = FACE_BOUND('',#4786,.T.);
#4786 = EDGE_LOOP('',(#4787,#4788,#4796,#4804));
#4787 = ORIENTED_EDGE('',*,*,#4766,.T.);
#4788 = ORIENTED_EDGE('',*,*,#4789,.T.);
#4789 = EDGE_CURVE('',#4759,#4790,#4792,.T.);
#4790 = VERTEX_POINT('',#4791);
#4791 = CARTESIAN_POINT('',(19.398,7.729,0.4103624));
#4792 = LINE('',#4793,#4794);
#4793 = CARTESIAN_POINT('',(19.47,7.768,0.4103624));
#4794 = VECTOR('',#4795,1.);
#4795 = DIRECTION('',(-0.879291966537,-0.476283148541,0.));
#4796 = ORIENTED_EDGE('',*,*,#4797,.F.);
#4797 = EDGE_CURVE('',#4798,#4790,#4800,.T.);
#4798 = VERTEX_POINT('',#4799);
#4799 = CARTESIAN_POINT('',(19.398,7.729,0.));
#4800 = LINE('',#4801,#4802);
#4801 = CARTESIAN_POINT('',(19.398,7.729,0.));
#4802 = VECTOR('',#4803,1.);
#4803 = DIRECTION('',(0.,0.,1.));
#4804 = ORIENTED_EDGE('',*,*,#4805,.F.);
#4805 = EDGE_CURVE('',#4767,#4798,#4806,.T.);
#4806 = LINE('',#4807,#4808);
#4807 = CARTESIAN_POINT('',(19.47,7.768,0.));
#4808 = VECTOR('',#4809,1.);
#4809 = DIRECTION('',(-0.879291966537,-0.476283148541,0.));
#4810 = PLANE('',#4811);
#4811 = AXIS2_PLACEMENT_3D('',#4812,#4813,#4814);
#4812 = CARTESIAN_POINT('',(19.47,7.768,0.));
#4813 = DIRECTION('',(0.476283148541,-0.879291966537,0.));
#4814 = DIRECTION('',(-0.879291966537,-0.476283148541,0.));
#4815 = ADVANCED_FACE('',(#4816),#4841,.T.);
#4816 = FACE_BOUND('',#4817,.T.);
#4817 = EDGE_LOOP('',(#4818,#4819,#4827,#4835));
#4818 = ORIENTED_EDGE('',*,*,#4797,.T.);
#4819 = ORIENTED_EDGE('',*,*,#4820,.T.);
#4820 = EDGE_CURVE('',#4790,#4821,#4823,.T.);
#4821 = VERTEX_POINT('',#4822);
#4822 = CARTESIAN_POINT('',(19.335,7.678,0.4103624));
#4823 = LINE('',#4824,#4825);
#4824 = CARTESIAN_POINT('',(19.398,7.729,0.4103624));
#4825 = VECTOR('',#4826,1.);
#4826 = DIRECTION('',(-0.777244870707,-0.629198228668,0.));
#4827 = ORIENTED_EDGE('',*,*,#4828,.F.);
#4828 = EDGE_CURVE('',#4829,#4821,#4831,.T.);
#4829 = VERTEX_POINT('',#4830);
#4830 = CARTESIAN_POINT('',(19.335,7.678,0.));
#4831 = LINE('',#4832,#4833);
#4832 = CARTESIAN_POINT('',(19.335,7.678,0.));
#4833 = VECTOR('',#4834,1.);
#4834 = DIRECTION('',(0.,0.,1.));
#4835 = ORIENTED_EDGE('',*,*,#4836,.F.);
#4836 = EDGE_CURVE('',#4798,#4829,#4837,.T.);
#4837 = LINE('',#4838,#4839);
#4838 = CARTESIAN_POINT('',(19.398,7.729,0.));
#4839 = VECTOR('',#4840,1.);
#4840 = DIRECTION('',(-0.777244870707,-0.629198228668,0.));
#4841 = PLANE('',#4842);
#4842 = AXIS2_PLACEMENT_3D('',#4843,#4844,#4845);
#4843 = CARTESIAN_POINT('',(19.398,7.729,0.));
#4844 = DIRECTION('',(0.629198228668,-0.777244870707,0.));
#4845 = DIRECTION('',(-0.777244870707,-0.629198228668,0.));
#4846 = ADVANCED_FACE('',(#4847),#4872,.T.);
#4847 = FACE_BOUND('',#4848,.T.);
#4848 = EDGE_LOOP('',(#4849,#4850,#4858,#4866));
#4849 = ORIENTED_EDGE('',*,*,#4828,.T.);
#4850 = ORIENTED_EDGE('',*,*,#4851,.T.);
#4851 = EDGE_CURVE('',#4821,#4852,#4854,.T.);
#4852 = VERTEX_POINT('',#4853);
#4853 = CARTESIAN_POINT('',(19.268,7.632,0.4103624));
#4854 = LINE('',#4855,#4856);
#4855 = CARTESIAN_POINT('',(19.335,7.678,0.4103624));
#4856 = VECTOR('',#4857,1.);
#4857 = DIRECTION('',(-0.824400775661,-0.566006502692,0.));
#4858 = ORIENTED_EDGE('',*,*,#4859,.F.);
#4859 = EDGE_CURVE('',#4860,#4852,#4862,.T.);
#4860 = VERTEX_POINT('',#4861);
#4861 = CARTESIAN_POINT('',(19.268,7.632,0.));
#4862 = LINE('',#4863,#4864);
#4863 = CARTESIAN_POINT('',(19.268,7.632,0.));
#4864 = VECTOR('',#4865,1.);
#4865 = DIRECTION('',(0.,0.,1.));
#4866 = ORIENTED_EDGE('',*,*,#4867,.F.);
#4867 = EDGE_CURVE('',#4829,#4860,#4868,.T.);
#4868 = LINE('',#4869,#4870);
#4869 = CARTESIAN_POINT('',(19.335,7.678,0.));
#4870 = VECTOR('',#4871,1.);
#4871 = DIRECTION('',(-0.824400775661,-0.566006502692,0.));
#4872 = PLANE('',#4873);
#4873 = AXIS2_PLACEMENT_3D('',#4874,#4875,#4876);
#4874 = CARTESIAN_POINT('',(19.335,7.678,0.));
#4875 = DIRECTION('',(0.566006502692,-0.824400775661,0.));
#4876 = DIRECTION('',(-0.824400775661,-0.566006502692,0.));
#4877 = ADVANCED_FACE('',(#4878),#4903,.T.);
#4878 = FACE_BOUND('',#4879,.T.);
#4879 = EDGE_LOOP('',(#4880,#4881,#4889,#4897));
#4880 = ORIENTED_EDGE('',*,*,#4859,.T.);
#4881 = ORIENTED_EDGE('',*,*,#4882,.T.);
#4882 = EDGE_CURVE('',#4852,#4883,#4885,.T.);
#4883 = VERTEX_POINT('',#4884);
#4884 = CARTESIAN_POINT('',(19.21,7.575,0.4103624));
#4885 = LINE('',#4886,#4887);
#4886 = CARTESIAN_POINT('',(19.268,7.632,0.4103624));
#4887 = VECTOR('',#4888,1.);
#4888 = DIRECTION('',(-0.713228571152,-0.700931526822,0.));
#4889 = ORIENTED_EDGE('',*,*,#4890,.F.);
#4890 = EDGE_CURVE('',#4891,#4883,#4893,.T.);
#4891 = VERTEX_POINT('',#4892);
#4892 = CARTESIAN_POINT('',(19.21,7.575,0.));
#4893 = LINE('',#4894,#4895);
#4894 = CARTESIAN_POINT('',(19.21,7.575,0.));
#4895 = VECTOR('',#4896,1.);
#4896 = DIRECTION('',(0.,0.,1.));
#4897 = ORIENTED_EDGE('',*,*,#4898,.F.);
#4898 = EDGE_CURVE('',#4860,#4891,#4899,.T.);
#4899 = LINE('',#4900,#4901);
#4900 = CARTESIAN_POINT('',(19.268,7.632,0.));
#4901 = VECTOR('',#4902,1.);
#4902 = DIRECTION('',(-0.713228571152,-0.700931526822,0.));
#4903 = PLANE('',#4904);
#4904 = AXIS2_PLACEMENT_3D('',#4905,#4906,#4907);
#4905 = CARTESIAN_POINT('',(19.268,7.632,0.));
#4906 = DIRECTION('',(0.700931526822,-0.713228571152,0.));
#4907 = DIRECTION('',(-0.713228571152,-0.700931526822,0.));
#4908 = ADVANCED_FACE('',(#4909),#4934,.T.);
#4909 = FACE_BOUND('',#4910,.T.);
#4910 = EDGE_LOOP('',(#4911,#4912,#4920,#4928));
#4911 = ORIENTED_EDGE('',*,*,#4890,.T.);
#4912 = ORIENTED_EDGE('',*,*,#4913,.T.);
#4913 = EDGE_CURVE('',#4883,#4914,#4916,.T.);
#4914 = VERTEX_POINT('',#4915);
#4915 = CARTESIAN_POINT('',(19.147,7.523,0.4103624));
#4916 = LINE('',#4917,#4918);
#4917 = CARTESIAN_POINT('',(19.21,7.575,0.4103624));
#4918 = VECTOR('',#4919,1.);
#4919 = DIRECTION('',(-0.771223025002,-0.63656503651,0.));
#4920 = ORIENTED_EDGE('',*,*,#4921,.F.);
#4921 = EDGE_CURVE('',#4922,#4914,#4924,.T.);
#4922 = VERTEX_POINT('',#4923);
#4923 = CARTESIAN_POINT('',(19.147,7.523,0.));
#4924 = LINE('',#4925,#4926);
#4925 = CARTESIAN_POINT('',(19.147,7.523,0.));
#4926 = VECTOR('',#4927,1.);
#4927 = DIRECTION('',(0.,0.,1.));
#4928 = ORIENTED_EDGE('',*,*,#4929,.F.);
#4929 = EDGE_CURVE('',#4891,#4922,#4930,.T.);
#4930 = LINE('',#4931,#4932);
#4931 = CARTESIAN_POINT('',(19.21,7.575,0.));
#4932 = VECTOR('',#4933,1.);
#4933 = DIRECTION('',(-0.771223025002,-0.63656503651,0.));
#4934 = PLANE('',#4935);
#4935 = AXIS2_PLACEMENT_3D('',#4936,#4937,#4938);
#4936 = CARTESIAN_POINT('',(19.21,7.575,0.));
#4937 = DIRECTION('',(0.63656503651,-0.771223025002,0.));
#4938 = DIRECTION('',(-0.771223025002,-0.63656503651,0.));
#4939 = ADVANCED_FACE('',(#4940),#4965,.T.);
#4940 = FACE_BOUND('',#4941,.T.);
#4941 = EDGE_LOOP('',(#4942,#4943,#4951,#4959));
#4942 = ORIENTED_EDGE('',*,*,#4921,.T.);
#4943 = ORIENTED_EDGE('',*,*,#4944,.T.);
#4944 = EDGE_CURVE('',#4914,#4945,#4947,.T.);
#4945 = VERTEX_POINT('',#4946);
#4946 = CARTESIAN_POINT('',(19.095,7.46,0.4103624));
#4947 = LINE('',#4948,#4949);
#4948 = CARTESIAN_POINT('',(19.147,7.523,0.4103624));
#4949 = VECTOR('',#4950,1.);
#4950 = DIRECTION('',(-0.63656503651,-0.771223025002,0.));
#4951 = ORIENTED_EDGE('',*,*,#4952,.F.);
#4952 = EDGE_CURVE('',#4953,#4945,#4955,.T.);
#4953 = VERTEX_POINT('',#4954);
#4954 = CARTESIAN_POINT('',(19.095,7.46,0.));
#4955 = LINE('',#4956,#4957);
#4956 = CARTESIAN_POINT('',(19.095,7.46,0.));
#4957 = VECTOR('',#4958,1.);
#4958 = DIRECTION('',(0.,0.,1.));
#4959 = ORIENTED_EDGE('',*,*,#4960,.F.);
#4960 = EDGE_CURVE('',#4922,#4953,#4961,.T.);
#4961 = LINE('',#4962,#4963);
#4962 = CARTESIAN_POINT('',(19.147,7.523,0.));
#4963 = VECTOR('',#4964,1.);
#4964 = DIRECTION('',(-0.63656503651,-0.771223025002,0.));
#4965 = PLANE('',#4966);
#4966 = AXIS2_PLACEMENT_3D('',#4967,#4968,#4969);
#4967 = CARTESIAN_POINT('',(19.147,7.523,0.));
#4968 = DIRECTION('',(0.771223025002,-0.63656503651,0.));
#4969 = DIRECTION('',(-0.63656503651,-0.771223025002,0.));
#4970 = ADVANCED_FACE('',(#4971),#4996,.T.);
#4971 = FACE_BOUND('',#4972,.T.);
#4972 = EDGE_LOOP('',(#4973,#4974,#4982,#4990));
#4973 = ORIENTED_EDGE('',*,*,#4952,.T.);
#4974 = ORIENTED_EDGE('',*,*,#4975,.T.);
#4975 = EDGE_CURVE('',#4945,#4976,#4978,.T.);
#4976 = VERTEX_POINT('',#4977);
#4977 = CARTESIAN_POINT('',(19.038,7.402,0.4103624));
#4978 = LINE('',#4979,#4980);
#4979 = CARTESIAN_POINT('',(19.095,7.46,0.4103624));
#4980 = VECTOR('',#4981,1.);
#4981 = DIRECTION('',(-0.700931526822,-0.713228571152,0.));
#4982 = ORIENTED_EDGE('',*,*,#4983,.F.);
#4983 = EDGE_CURVE('',#4984,#4976,#4986,.T.);
#4984 = VERTEX_POINT('',#4985);
#4985 = CARTESIAN_POINT('',(19.038,7.402,0.));
#4986 = LINE('',#4987,#4988);
#4987 = CARTESIAN_POINT('',(19.038,7.402,0.));
#4988 = VECTOR('',#4989,1.);
#4989 = DIRECTION('',(0.,0.,1.));
#4990 = ORIENTED_EDGE('',*,*,#4991,.F.);
#4991 = EDGE_CURVE('',#4953,#4984,#4992,.T.);
#4992 = LINE('',#4993,#4994);
#4993 = CARTESIAN_POINT('',(19.095,7.46,0.));
#4994 = VECTOR('',#4995,1.);
#4995 = DIRECTION('',(-0.700931526822,-0.713228571152,0.));
#4996 = PLANE('',#4997);
#4997 = AXIS2_PLACEMENT_3D('',#4998,#4999,#5000);
#4998 = CARTESIAN_POINT('',(19.095,7.46,0.));
#4999 = DIRECTION('',(0.713228571152,-0.700931526822,0.));
#5000 = DIRECTION('',(-0.700931526822,-0.713228571152,0.));
#5001 = ADVANCED_FACE('',(#5002),#5027,.T.);
#5002 = FACE_BOUND('',#5003,.T.);
#5003 = EDGE_LOOP('',(#5004,#5005,#5013,#5021));
#5004 = ORIENTED_EDGE('',*,*,#4983,.T.);
#5005 = ORIENTED_EDGE('',*,*,#5006,.T.);
#5006 = EDGE_CURVE('',#4976,#5007,#5009,.T.);
#5007 = VERTEX_POINT('',#5008);
#5008 = CARTESIAN_POINT('',(18.992,7.335,0.4103624));
#5009 = LINE('',#5010,#5011);
#5010 = CARTESIAN_POINT('',(19.038,7.402,0.4103624));
#5011 = VECTOR('',#5012,1.);
#5012 = DIRECTION('',(-0.566006502692,-0.824400775661,0.));
#5013 = ORIENTED_EDGE('',*,*,#5014,.F.);
#5014 = EDGE_CURVE('',#5015,#5007,#5017,.T.);
#5015 = VERTEX_POINT('',#5016);
#5016 = CARTESIAN_POINT('',(18.992,7.335,0.));
#5017 = LINE('',#5018,#5019);
#5018 = CARTESIAN_POINT('',(18.992,7.335,0.));
#5019 = VECTOR('',#5020,1.);
#5020 = DIRECTION('',(0.,0.,1.));
#5021 = ORIENTED_EDGE('',*,*,#5022,.F.);
#5022 = EDGE_CURVE('',#4984,#5015,#5023,.T.);
#5023 = LINE('',#5024,#5025);
#5024 = CARTESIAN_POINT('',(19.038,7.402,0.));
#5025 = VECTOR('',#5026,1.);
#5026 = DIRECTION('',(-0.566006502692,-0.824400775661,0.));
#5027 = PLANE('',#5028);
#5028 = AXIS2_PLACEMENT_3D('',#5029,#5030,#5031);
#5029 = CARTESIAN_POINT('',(19.038,7.402,0.));
#5030 = DIRECTION('',(0.824400775661,-0.566006502692,0.));
#5031 = DIRECTION('',(-0.566006502692,-0.824400775661,0.));
#5032 = ADVANCED_FACE('',(#5033),#5058,.T.);
#5033 = FACE_BOUND('',#5034,.T.);
#5034 = EDGE_LOOP('',(#5035,#5036,#5044,#5052));
#5035 = ORIENTED_EDGE('',*,*,#5014,.T.);
#5036 = ORIENTED_EDGE('',*,*,#5037,.T.);
#5037 = EDGE_CURVE('',#5007,#5038,#5040,.T.);
#5038 = VERTEX_POINT('',#5039);
#5039 = CARTESIAN_POINT('',(18.941,7.272,0.4103624));
#5040 = LINE('',#5041,#5042);
#5041 = CARTESIAN_POINT('',(18.992,7.335,0.4103624));
#5042 = VECTOR('',#5043,1.);
#5043 = DIRECTION('',(-0.629198228668,-0.777244870707,0.));
#5044 = ORIENTED_EDGE('',*,*,#5045,.F.);
#5045 = EDGE_CURVE('',#5046,#5038,#5048,.T.);
#5046 = VERTEX_POINT('',#5047);
#5047 = CARTESIAN_POINT('',(18.941,7.272,0.));
#5048 = LINE('',#5049,#5050);
#5049 = CARTESIAN_POINT('',(18.941,7.272,0.));
#5050 = VECTOR('',#5051,1.);
#5051 = DIRECTION('',(0.,0.,1.));
#5052 = ORIENTED_EDGE('',*,*,#5053,.F.);
#5053 = EDGE_CURVE('',#5015,#5046,#5054,.T.);
#5054 = LINE('',#5055,#5056);
#5055 = CARTESIAN_POINT('',(18.992,7.335,0.));
#5056 = VECTOR('',#5057,1.);
#5057 = DIRECTION('',(-0.629198228668,-0.777244870707,0.));
#5058 = PLANE('',#5059);
#5059 = AXIS2_PLACEMENT_3D('',#5060,#5061,#5062);
#5060 = CARTESIAN_POINT('',(18.992,7.335,0.));
#5061 = DIRECTION('',(0.777244870707,-0.629198228668,0.));
#5062 = DIRECTION('',(-0.629198228668,-0.777244870707,0.));
#5063 = ADVANCED_FACE('',(#5064),#5089,.T.);
#5064 = FACE_BOUND('',#5065,.T.);
#5065 = EDGE_LOOP('',(#5066,#5067,#5075,#5083));
#5066 = ORIENTED_EDGE('',*,*,#5045,.T.);
#5067 = ORIENTED_EDGE('',*,*,#5068,.T.);
#5068 = EDGE_CURVE('',#5038,#5069,#5071,.T.);
#5069 = VERTEX_POINT('',#5070);
#5070 = CARTESIAN_POINT('',(18.902,7.2,0.4103624));
#5071 = LINE('',#5072,#5073);
#5072 = CARTESIAN_POINT('',(18.941,7.272,0.4103624));
#5073 = VECTOR('',#5074,1.);
#5074 = DIRECTION('',(-0.476283148541,-0.879291966537,0.));
#5075 = ORIENTED_EDGE('',*,*,#5076,.F.);
#5076 = EDGE_CURVE('',#5077,#5069,#5079,.T.);
#5077 = VERTEX_POINT('',#5078);
#5078 = CARTESIAN_POINT('',(18.902,7.2,0.));
#5079 = LINE('',#5080,#5081);
#5080 = CARTESIAN_POINT('',(18.902,7.2,0.));
#5081 = VECTOR('',#5082,1.);
#5082 = DIRECTION('',(0.,0.,1.));
#5083 = ORIENTED_EDGE('',*,*,#5084,.F.);
#5084 = EDGE_CURVE('',#5046,#5077,#5085,.T.);
#5085 = LINE('',#5086,#5087);
#5086 = CARTESIAN_POINT('',(18.941,7.272,0.));
#5087 = VECTOR('',#5088,1.);
#5088 = DIRECTION('',(-0.476283148541,-0.879291966537,0.));
#5089 = PLANE('',#5090);
#5090 = AXIS2_PLACEMENT_3D('',#5091,#5092,#5093);
#5091 = CARTESIAN_POINT('',(18.941,7.272,0.));
#5092 = DIRECTION('',(0.879291966537,-0.476283148541,0.));
#5093 = DIRECTION('',(-0.476283148541,-0.879291966537,0.));
#5094 = ADVANCED_FACE('',(#5095),#5120,.T.);
#5095 = FACE_BOUND('',#5096,.T.);
#5096 = EDGE_LOOP('',(#5097,#5098,#5106,#5114));
#5097 = ORIENTED_EDGE('',*,*,#5076,.T.);
#5098 = ORIENTED_EDGE('',*,*,#5099,.T.);
#5099 = EDGE_CURVE('',#5069,#5100,#5102,.T.);
#5100 = VERTEX_POINT('',#5101);
#5101 = CARTESIAN_POINT('',(18.857,7.132,0.4103624));
#5102 = LINE('',#5103,#5104);
#5103 = CARTESIAN_POINT('',(18.902,7.2,0.4103624));
#5104 = VECTOR('',#5105,1.);
#5105 = DIRECTION('',(-0.551866900848,-0.833932205727,0.));
#5106 = ORIENTED_EDGE('',*,*,#5107,.F.);
#5107 = EDGE_CURVE('',#5108,#5100,#5110,.T.);
#5108 = VERTEX_POINT('',#5109);
#5109 = CARTESIAN_POINT('',(18.857,7.132,0.));
#5110 = LINE('',#5111,#5112);
#5111 = CARTESIAN_POINT('',(18.857,7.132,0.));
#5112 = VECTOR('',#5113,1.);
#5113 = DIRECTION('',(0.,0.,1.));
#5114 = ORIENTED_EDGE('',*,*,#5115,.F.);
#5115 = EDGE_CURVE('',#5077,#5108,#5116,.T.);
#5116 = LINE('',#5117,#5118);
#5117 = CARTESIAN_POINT('',(18.902,7.2,0.));
#5118 = VECTOR('',#5119,1.);
#5119 = DIRECTION('',(-0.551866900848,-0.833932205727,0.));
#5120 = PLANE('',#5121);
#5121 = AXIS2_PLACEMENT_3D('',#5122,#5123,#5124);
#5122 = CARTESIAN_POINT('',(18.902,7.2,0.));
#5123 = DIRECTION('',(0.833932205727,-0.551866900848,0.));
#5124 = DIRECTION('',(-0.551866900848,-0.833932205727,0.));
#5125 = ADVANCED_FACE('',(#5126),#5151,.T.);
#5126 = FACE_BOUND('',#5127,.T.);
#5127 = EDGE_LOOP('',(#5128,#5129,#5137,#5145));
#5128 = ORIENTED_EDGE('',*,*,#5107,.T.);
#5129 = ORIENTED_EDGE('',*,*,#5130,.T.);
#5130 = EDGE_CURVE('',#5100,#5131,#5133,.T.);
#5131 = VERTEX_POINT('',#5132);
#5132 = CARTESIAN_POINT('',(18.826,7.057,0.4103624));
#5133 = LINE('',#5134,#5135);
#5134 = CARTESIAN_POINT('',(18.857,7.132,0.4103624));
#5135 = VECTOR('',#5136,1.);
#5136 = DIRECTION('',(-0.381988976935,-0.924166879681,0.));
#5137 = ORIENTED_EDGE('',*,*,#5138,.F.);
#5138 = EDGE_CURVE('',#5139,#5131,#5141,.T.);
#5139 = VERTEX_POINT('',#5140);
#5140 = CARTESIAN_POINT('',(18.826,7.057,0.));
#5141 = LINE('',#5142,#5143);
#5142 = CARTESIAN_POINT('',(18.826,7.057,0.));
#5143 = VECTOR('',#5144,1.);
#5144 = DIRECTION('',(0.,0.,1.));
#5145 = ORIENTED_EDGE('',*,*,#5146,.F.);
#5146 = EDGE_CURVE('',#5108,#5139,#5147,.T.);
#5147 = LINE('',#5148,#5149);
#5148 = CARTESIAN_POINT('',(18.857,7.132,0.));
#5149 = VECTOR('',#5150,1.);
#5150 = DIRECTION('',(-0.381988976935,-0.924166879681,0.));
#5151 = PLANE('',#5152);
#5152 = AXIS2_PLACEMENT_3D('',#5153,#5154,#5155);
#5153 = CARTESIAN_POINT('',(18.857,7.132,0.));
#5154 = DIRECTION('',(0.924166879681,-0.381988976935,0.));
#5155 = DIRECTION('',(-0.381988976935,-0.924166879681,0.));
#5156 = ADVANCED_FACE('',(#5157),#5182,.T.);
#5157 = FACE_BOUND('',#5158,.T.);
#5158 = EDGE_LOOP('',(#5159,#5160,#5168,#5176));
#5159 = ORIENTED_EDGE('',*,*,#5138,.T.);
#5160 = ORIENTED_EDGE('',*,*,#5161,.T.);
#5161 = EDGE_CURVE('',#5131,#5162,#5164,.T.);
#5162 = VERTEX_POINT('',#5163);
#5163 = CARTESIAN_POINT('',(18.787,6.985,0.4103624));
#5164 = LINE('',#5165,#5166);
#5165 = CARTESIAN_POINT('',(18.826,7.057,0.4103624));
#5166 = VECTOR('',#5167,1.);
#5167 = DIRECTION('',(-0.476283148541,-0.879291966537,0.));
#5168 = ORIENTED_EDGE('',*,*,#5169,.F.);
#5169 = EDGE_CURVE('',#5170,#5162,#5172,.T.);
#5170 = VERTEX_POINT('',#5171);
#5171 = CARTESIAN_POINT('',(18.787,6.985,0.));
#5172 = LINE('',#5173,#5174);
#5173 = CARTESIAN_POINT('',(18.787,6.985,0.));
#5174 = VECTOR('',#5175,1.);
#5175 = DIRECTION('',(0.,0.,1.));
#5176 = ORIENTED_EDGE('',*,*,#5177,.F.);
#5177 = EDGE_CURVE('',#5139,#5170,#5178,.T.);
#5178 = LINE('',#5179,#5180);
#5179 = CARTESIAN_POINT('',(18.826,7.057,0.));
#5180 = VECTOR('',#5181,1.);
#5181 = DIRECTION('',(-0.476283148541,-0.879291966537,0.));
#5182 = PLANE('',#5183);
#5183 = AXIS2_PLACEMENT_3D('',#5184,#5185,#5186);
#5184 = CARTESIAN_POINT('',(18.826,7.057,0.));
#5185 = DIRECTION('',(0.879291966537,-0.476283148541,0.));
#5186 = DIRECTION('',(-0.476283148541,-0.879291966537,0.));
#5187 = ADVANCED_FACE('',(#5188),#5213,.T.);
#5188 = FACE_BOUND('',#5189,.T.);
#5189 = EDGE_LOOP('',(#5190,#5191,#5199,#5207));
#5190 = ORIENTED_EDGE('',*,*,#5169,.T.);
#5191 = ORIENTED_EDGE('',*,*,#5192,.T.);
#5192 = EDGE_CURVE('',#5162,#5193,#5195,.T.);
#5193 = VERTEX_POINT('',#5194);
#5194 = CARTESIAN_POINT('',(18.764,6.907,0.4103624));
#5195 = LINE('',#5196,#5197);
#5196 = CARTESIAN_POINT('',(18.787,6.985,0.4103624));
#5197 = VECTOR('',#5198,1.);
#5198 = DIRECTION('',(-0.282832019595,-0.959169457756,0.));
#5199 = ORIENTED_EDGE('',*,*,#5200,.F.);
#5200 = EDGE_CURVE('',#5201,#5193,#5203,.T.);
#5201 = VERTEX_POINT('',#5202);
#5202 = CARTESIAN_POINT('',(18.764,6.907,0.));
#5203 = LINE('',#5204,#5205);
#5204 = CARTESIAN_POINT('',(18.764,6.907,0.));
#5205 = VECTOR('',#5206,1.);
#5206 = DIRECTION('',(0.,0.,1.));
#5207 = ORIENTED_EDGE('',*,*,#5208,.F.);
#5208 = EDGE_CURVE('',#5170,#5201,#5209,.T.);
#5209 = LINE('',#5210,#5211);
#5210 = CARTESIAN_POINT('',(18.787,6.985,0.));
#5211 = VECTOR('',#5212,1.);
#5212 = DIRECTION('',(-0.282832019595,-0.959169457756,0.));
#5213 = PLANE('',#5214);
#5214 = AXIS2_PLACEMENT_3D('',#5215,#5216,#5217);
#5215 = CARTESIAN_POINT('',(18.787,6.985,0.));
#5216 = DIRECTION('',(0.959169457756,-0.282832019595,0.));
#5217 = DIRECTION('',(-0.282832019595,-0.959169457756,0.));
#5218 = ADVANCED_FACE('',(#5219),#5244,.T.);
#5219 = FACE_BOUND('',#5220,.T.);
#5220 = EDGE_LOOP('',(#5221,#5222,#5230,#5238));
#5221 = ORIENTED_EDGE('',*,*,#5200,.T.);
#5222 = ORIENTED_EDGE('',*,*,#5223,.T.);
#5223 = EDGE_CURVE('',#5193,#5224,#5226,.T.);
#5224 = VERTEX_POINT('',#5225);
#5225 = CARTESIAN_POINT('',(18.732,6.832,0.4103624));
#5226 = LINE('',#5227,#5228);
#5227 = CARTESIAN_POINT('',(18.764,6.907,0.4103624));
#5228 = VECTOR('',#5229,1.);
#5229 = DIRECTION('',(-0.392438685048,-0.919778168081,0.));
#5230 = ORIENTED_EDGE('',*,*,#5231,.F.);
#5231 = EDGE_CURVE('',#5232,#5224,#5234,.T.);
#5232 = VERTEX_POINT('',#5233);
#5233 = CARTESIAN_POINT('',(18.732,6.832,0.));
#5234 = LINE('',#5235,#5236);
#5235 = CARTESIAN_POINT('',(18.732,6.832,0.));
#5236 = VECTOR('',#5237,1.);
#5237 = DIRECTION('',(0.,0.,1.));
#5238 = ORIENTED_EDGE('',*,*,#5239,.F.);
#5239 = EDGE_CURVE('',#5201,#5232,#5240,.T.);
#5240 = LINE('',#5241,#5242);
#5241 = CARTESIAN_POINT('',(18.764,6.907,0.));
#5242 = VECTOR('',#5243,1.);
#5243 = DIRECTION('',(-0.392438685048,-0.919778168081,0.));
#5244 = PLANE('',#5245);
#5245 = AXIS2_PLACEMENT_3D('',#5246,#5247,#5248);
#5246 = CARTESIAN_POINT('',(18.764,6.907,0.));
#5247 = DIRECTION('',(0.919778168081,-0.392438685048,0.));
#5248 = DIRECTION('',(-0.392438685048,-0.919778168081,0.));
#5249 = ADVANCED_FACE('',(#5250),#5275,.T.);
#5250 = FACE_BOUND('',#5251,.T.);
#5251 = EDGE_LOOP('',(#5252,#5253,#5261,#5269));
#5252 = ORIENTED_EDGE('',*,*,#5231,.T.);
#5253 = ORIENTED_EDGE('',*,*,#5254,.T.);
#5254 = EDGE_CURVE('',#5224,#5255,#5257,.T.);
#5255 = VERTEX_POINT('',#5256);
#5256 = CARTESIAN_POINT('',(18.717,6.752,0.4103624));
#5257 = LINE('',#5258,#5259);
#5258 = CARTESIAN_POINT('',(18.732,6.832,0.4103624));
#5259 = VECTOR('',#5260,1.);
#5260 = DIRECTION('',(-0.18428853505,-0.982872186934,0.));
#5261 = ORIENTED_EDGE('',*,*,#5262,.F.);
#5262 = EDGE_CURVE('',#5263,#5255,#5265,.T.);
#5263 = VERTEX_POINT('',#5264);
#5264 = CARTESIAN_POINT('',(18.717,6.752,0.));
#5265 = LINE('',#5266,#5267);
#5266 = CARTESIAN_POINT('',(18.717,6.752,0.));
#5267 = VECTOR('',#5268,1.);
#5268 = DIRECTION('',(0.,0.,1.));
#5269 = ORIENTED_EDGE('',*,*,#5270,.F.);
#5270 = EDGE_CURVE('',#5232,#5263,#5271,.T.);
#5271 = LINE('',#5272,#5273);
#5272 = CARTESIAN_POINT('',(18.732,6.832,0.));
#5273 = VECTOR('',#5274,1.);
#5274 = DIRECTION('',(-0.18428853505,-0.982872186934,0.));
#5275 = PLANE('',#5276);
#5276 = AXIS2_PLACEMENT_3D('',#5277,#5278,#5279);
#5277 = CARTESIAN_POINT('',(18.732,6.832,0.));
#5278 = DIRECTION('',(0.982872186934,-0.18428853505,0.));
#5279 = DIRECTION('',(-0.18428853505,-0.982872186934,0.));
#5280 = ADVANCED_FACE('',(#5281),#5306,.T.);
#5281 = FACE_BOUND('',#5282,.T.);
#5282 = EDGE_LOOP('',(#5283,#5284,#5292,#5300));
#5283 = ORIENTED_EDGE('',*,*,#5262,.T.);
#5284 = ORIENTED_EDGE('',*,*,#5285,.T.);
#5285 = EDGE_CURVE('',#5255,#5286,#5288,.T.);
#5286 = VERTEX_POINT('',#5287);
#5287 = CARTESIAN_POINT('',(18.693,6.674,0.4103624));
#5288 = LINE('',#5289,#5290);
#5289 = CARTESIAN_POINT('',(18.717,6.752,0.4103624));
#5290 = VECTOR('',#5291,1.);
#5291 = DIRECTION('',(-0.294085848837,-0.955779008722,0.));
#5292 = ORIENTED_EDGE('',*,*,#5293,.F.);
#5293 = EDGE_CURVE('',#5294,#5286,#5296,.T.);
#5294 = VERTEX_POINT('',#5295);
#5295 = CARTESIAN_POINT('',(18.693,6.674,0.));
#5296 = LINE('',#5297,#5298);
#5297 = CARTESIAN_POINT('',(18.693,6.674,0.));
#5298 = VECTOR('',#5299,1.);
#5299 = DIRECTION('',(0.,0.,1.));
#5300 = ORIENTED_EDGE('',*,*,#5301,.F.);
#5301 = EDGE_CURVE('',#5263,#5294,#5302,.T.);
#5302 = LINE('',#5303,#5304);
#5303 = CARTESIAN_POINT('',(18.717,6.752,0.));
#5304 = VECTOR('',#5305,1.);
#5305 = DIRECTION('',(-0.294085848837,-0.955779008722,0.));
#5306 = PLANE('',#5307);
#5307 = AXIS2_PLACEMENT_3D('',#5308,#5309,#5310);
#5308 = CARTESIAN_POINT('',(18.717,6.752,0.));
#5309 = DIRECTION('',(0.955779008722,-0.294085848837,0.));
#5310 = DIRECTION('',(-0.294085848837,-0.955779008722,0.));
#5311 = ADVANCED_FACE('',(#5312),#5337,.T.);
#5312 = FACE_BOUND('',#5313,.T.);
#5313 = EDGE_LOOP('',(#5314,#5315,#5323,#5331));
#5314 = ORIENTED_EDGE('',*,*,#5293,.T.);
#5315 = ORIENTED_EDGE('',*,*,#5316,.T.);
#5316 = EDGE_CURVE('',#5286,#5317,#5319,.T.);
#5317 = VERTEX_POINT('',#5318);
#5318 = CARTESIAN_POINT('',(18.685,6.593,0.4103624));
#5319 = LINE('',#5320,#5321);
#5320 = CARTESIAN_POINT('',(18.693,6.674,0.4103624));
#5321 = VECTOR('',#5322,1.);
#5322 = DIRECTION('',(-9.828721869346E-02,-0.995158089271,0.));
#5323 = ORIENTED_EDGE('',*,*,#5324,.F.);
#5324 = EDGE_CURVE('',#5325,#5317,#5327,.T.);
#5325 = VERTEX_POINT('',#5326);
#5326 = CARTESIAN_POINT('',(18.685,6.593,0.));
#5327 = LINE('',#5328,#5329);
#5328 = CARTESIAN_POINT('',(18.685,6.593,0.));
#5329 = VECTOR('',#5330,1.);
#5330 = DIRECTION('',(0.,0.,1.));
#5331 = ORIENTED_EDGE('',*,*,#5332,.F.);
#5332 = EDGE_CURVE('',#5294,#5325,#5333,.T.);
#5333 = LINE('',#5334,#5335);
#5334 = CARTESIAN_POINT('',(18.693,6.674,0.));
#5335 = VECTOR('',#5336,1.);
#5336 = DIRECTION('',(-9.828721869346E-02,-0.995158089271,0.));
#5337 = PLANE('',#5338);
#5338 = AXIS2_PLACEMENT_3D('',#5339,#5340,#5341);
#5339 = CARTESIAN_POINT('',(18.693,6.674,0.));
#5340 = DIRECTION('',(0.995158089271,-9.828721869346E-02,0.));
#5341 = DIRECTION('',(-9.828721869346E-02,-0.995158089271,0.));
#5342 = ADVANCED_FACE('',(#5343),#5368,.T.);
#5343 = FACE_BOUND('',#5344,.T.);
#5344 = EDGE_LOOP('',(#5345,#5346,#5354,#5362));
#5345 = ORIENTED_EDGE('',*,*,#5324,.T.);
#5346 = ORIENTED_EDGE('',*,*,#5347,.T.);
#5347 = EDGE_CURVE('',#5317,#5348,#5350,.T.);
#5348 = VERTEX_POINT('',#5349);
#5349 = CARTESIAN_POINT('',(18.669,6.513,0.4103624));
#5350 = LINE('',#5351,#5352);
#5351 = CARTESIAN_POINT('',(18.685,6.593,0.4103624));
#5352 = VECTOR('',#5353,1.);
#5353 = DIRECTION('',(-0.196116135138,-0.980580675691,0.));
#5354 = ORIENTED_EDGE('',*,*,#5355,.F.);
#5355 = EDGE_CURVE('',#5356,#5348,#5358,.T.);
#5356 = VERTEX_POINT('',#5357);
#5357 = CARTESIAN_POINT('',(18.669,6.513,0.));
#5358 = LINE('',#5359,#5360);
#5359 = CARTESIAN_POINT('',(18.669,6.513,0.));
#5360 = VECTOR('',#5361,1.);
#5361 = DIRECTION('',(0.,0.,1.));
#5362 = ORIENTED_EDGE('',*,*,#5363,.F.);
#5363 = EDGE_CURVE('',#5325,#5356,#5364,.T.);
#5364 = LINE('',#5365,#5366);
#5365 = CARTESIAN_POINT('',(18.685,6.593,0.));
#5366 = VECTOR('',#5367,1.);
#5367 = DIRECTION('',(-0.196116135138,-0.980580675691,0.));
#5368 = PLANE('',#5369);
#5369 = AXIS2_PLACEMENT_3D('',#5370,#5371,#5372);
#5370 = CARTESIAN_POINT('',(18.685,6.593,0.));
#5371 = DIRECTION('',(0.980580675691,-0.196116135138,0.));
#5372 = DIRECTION('',(-0.196116135138,-0.980580675691,0.));
#5373 = ADVANCED_FACE('',(#5374),#5399,.T.);
#5374 = FACE_BOUND('',#5375,.T.);
#5375 = EDGE_LOOP('',(#5376,#5377,#5385,#5393));
#5376 = ORIENTED_EDGE('',*,*,#5355,.T.);
#5377 = ORIENTED_EDGE('',*,*,#5378,.T.);
#5378 = EDGE_CURVE('',#5348,#5379,#5381,.T.);
#5379 = VERTEX_POINT('',#5380);
#5380 = CARTESIAN_POINT('',(18.669,6.431,0.4103624));
#5381 = LINE('',#5382,#5383);
#5382 = CARTESIAN_POINT('',(18.669,6.513,0.4103624));
#5383 = VECTOR('',#5384,1.);
#5384 = DIRECTION('',(0.,-1.,0.));
#5385 = ORIENTED_EDGE('',*,*,#5386,.F.);
#5386 = EDGE_CURVE('',#5387,#5379,#5389,.T.);
#5387 = VERTEX_POINT('',#5388);
#5388 = CARTESIAN_POINT('',(18.669,6.431,0.));
#5389 = LINE('',#5390,#5391);
#5390 = CARTESIAN_POINT('',(18.669,6.431,0.));
#5391 = VECTOR('',#5392,1.);
#5392 = DIRECTION('',(0.,0.,1.));
#5393 = ORIENTED_EDGE('',*,*,#5394,.F.);
#5394 = EDGE_CURVE('',#5356,#5387,#5395,.T.);
#5395 = LINE('',#5396,#5397);
#5396 = CARTESIAN_POINT('',(18.669,6.513,0.));
#5397 = VECTOR('',#5398,1.);
#5398 = DIRECTION('',(0.,-1.,0.));
#5399 = PLANE('',#5400);
#5400 = AXIS2_PLACEMENT_3D('',#5401,#5402,#5403);
#5401 = CARTESIAN_POINT('',(18.669,6.513,0.));
#5402 = DIRECTION('',(1.,0.,-0.));
#5403 = DIRECTION('',(0.,-1.,0.));
#5404 = ADVANCED_FACE('',(#5405),#5430,.T.);
#5405 = FACE_BOUND('',#5406,.T.);
#5406 = EDGE_LOOP('',(#5407,#5408,#5416,#5424));
#5407 = ORIENTED_EDGE('',*,*,#5386,.T.);
#5408 = ORIENTED_EDGE('',*,*,#5409,.T.);
#5409 = EDGE_CURVE('',#5379,#5410,#5412,.T.);
#5410 = VERTEX_POINT('',#5411);
#5411 = CARTESIAN_POINT('',(18.661,6.35,0.4103624));
#5412 = LINE('',#5413,#5414);
#5413 = CARTESIAN_POINT('',(18.669,6.431,0.4103624));
#5414 = VECTOR('',#5415,1.);
#5415 = DIRECTION('',(-9.828721869342E-02,-0.995158089271,0.));
#5416 = ORIENTED_EDGE('',*,*,#5417,.F.);
#5417 = EDGE_CURVE('',#5418,#5410,#5420,.T.);
#5418 = VERTEX_POINT('',#5419);
#5419 = CARTESIAN_POINT('',(18.661,6.35,0.));
#5420 = LINE('',#5421,#5422);
#5421 = CARTESIAN_POINT('',(18.661,6.35,0.));
#5422 = VECTOR('',#5423,1.);
#5423 = DIRECTION('',(0.,0.,1.));
#5424 = ORIENTED_EDGE('',*,*,#5425,.F.);
#5425 = EDGE_CURVE('',#5387,#5418,#5426,.T.);
#5426 = LINE('',#5427,#5428);
#5427 = CARTESIAN_POINT('',(18.669,6.431,0.));
#5428 = VECTOR('',#5429,1.);
#5429 = DIRECTION('',(-9.828721869342E-02,-0.995158089271,0.));
#5430 = PLANE('',#5431);
#5431 = AXIS2_PLACEMENT_3D('',#5432,#5433,#5434);
#5432 = CARTESIAN_POINT('',(18.669,6.431,0.));
#5433 = DIRECTION('',(0.995158089271,-9.828721869342E-02,0.));
#5434 = DIRECTION('',(-9.828721869342E-02,-0.995158089271,0.));
#5435 = ADVANCED_FACE('',(#5436),#5461,.T.);
#5436 = FACE_BOUND('',#5437,.T.);
#5437 = EDGE_LOOP('',(#5438,#5439,#5447,#5455));
#5438 = ORIENTED_EDGE('',*,*,#5417,.T.);
#5439 = ORIENTED_EDGE('',*,*,#5440,.T.);
#5440 = EDGE_CURVE('',#5410,#5441,#5443,.T.);
#5441 = VERTEX_POINT('',#5442);
#5442 = CARTESIAN_POINT('',(18.669,6.269,0.4103624));
#5443 = LINE('',#5444,#5445);
#5444 = CARTESIAN_POINT('',(18.661,6.35,0.4103624));
#5445 = VECTOR('',#5446,1.);
#5446 = DIRECTION('',(9.828721869342E-02,-0.995158089271,0.));
#5447 = ORIENTED_EDGE('',*,*,#5448,.F.);
#5448 = EDGE_CURVE('',#5449,#5441,#5451,.T.);
#5449 = VERTEX_POINT('',#5450);
#5450 = CARTESIAN_POINT('',(18.669,6.269,0.));
#5451 = LINE('',#5452,#5453);
#5452 = CARTESIAN_POINT('',(18.669,6.269,0.));
#5453 = VECTOR('',#5454,1.);
#5454 = DIRECTION('',(0.,0.,1.));
#5455 = ORIENTED_EDGE('',*,*,#5456,.F.);
#5456 = EDGE_CURVE('',#5418,#5449,#5457,.T.);
#5457 = LINE('',#5458,#5459);
#5458 = CARTESIAN_POINT('',(18.661,6.35,0.));
#5459 = VECTOR('',#5460,1.);
#5460 = DIRECTION('',(9.828721869342E-02,-0.995158089271,0.));
#5461 = PLANE('',#5462);
#5462 = AXIS2_PLACEMENT_3D('',#5463,#5464,#5465);
#5463 = CARTESIAN_POINT('',(18.661,6.35,0.));
#5464 = DIRECTION('',(0.995158089271,9.828721869342E-02,-0.));
#5465 = DIRECTION('',(9.828721869342E-02,-0.995158089271,0.));
#5466 = ADVANCED_FACE('',(#5467),#5492,.T.);
#5467 = FACE_BOUND('',#5468,.T.);
#5468 = EDGE_LOOP('',(#5469,#5470,#5478,#5486));
#5469 = ORIENTED_EDGE('',*,*,#5448,.T.);
#5470 = ORIENTED_EDGE('',*,*,#5471,.T.);
#5471 = EDGE_CURVE('',#5441,#5472,#5474,.T.);
#5472 = VERTEX_POINT('',#5473);
#5473 = CARTESIAN_POINT('',(18.669,6.187,0.4103624));
#5474 = LINE('',#5475,#5476);
#5475 = CARTESIAN_POINT('',(18.669,6.269,0.4103624));
#5476 = VECTOR('',#5477,1.);
#5477 = DIRECTION('',(0.,-1.,0.));
#5478 = ORIENTED_EDGE('',*,*,#5479,.F.);
#5479 = EDGE_CURVE('',#5480,#5472,#5482,.T.);
#5480 = VERTEX_POINT('',#5481);
#5481 = CARTESIAN_POINT('',(18.669,6.187,0.));
#5482 = LINE('',#5483,#5484);
#5483 = CARTESIAN_POINT('',(18.669,6.187,0.));
#5484 = VECTOR('',#5485,1.);
#5485 = DIRECTION('',(0.,0.,1.));
#5486 = ORIENTED_EDGE('',*,*,#5487,.F.);
#5487 = EDGE_CURVE('',#5449,#5480,#5488,.T.);
#5488 = LINE('',#5489,#5490);
#5489 = CARTESIAN_POINT('',(18.669,6.269,0.));
#5490 = VECTOR('',#5491,1.);
#5491 = DIRECTION('',(0.,-1.,0.));
#5492 = PLANE('',#5493);
#5493 = AXIS2_PLACEMENT_3D('',#5494,#5495,#5496);
#5494 = CARTESIAN_POINT('',(18.669,6.269,0.));
#5495 = DIRECTION('',(1.,0.,-0.));
#5496 = DIRECTION('',(0.,-1.,0.));
#5497 = ADVANCED_FACE('',(#5498),#5523,.T.);
#5498 = FACE_BOUND('',#5499,.T.);
#5499 = EDGE_LOOP('',(#5500,#5501,#5509,#5517));
#5500 = ORIENTED_EDGE('',*,*,#5479,.T.);
#5501 = ORIENTED_EDGE('',*,*,#5502,.T.);
#5502 = EDGE_CURVE('',#5472,#5503,#5505,.T.);
#5503 = VERTEX_POINT('',#5504);
#5504 = CARTESIAN_POINT('',(18.685,6.107,0.4103624));
#5505 = LINE('',#5506,#5507);
#5506 = CARTESIAN_POINT('',(18.669,6.187,0.4103624));
#5507 = VECTOR('',#5508,1.);
#5508 = DIRECTION('',(0.196116135138,-0.980580675691,0.));
#5509 = ORIENTED_EDGE('',*,*,#5510,.F.);
#5510 = EDGE_CURVE('',#5511,#5503,#5513,.T.);
#5511 = VERTEX_POINT('',#5512);
#5512 = CARTESIAN_POINT('',(18.685,6.107,0.));
#5513 = LINE('',#5514,#5515);
#5514 = CARTESIAN_POINT('',(18.685,6.107,0.));
#5515 = VECTOR('',#5516,1.);
#5516 = DIRECTION('',(0.,0.,1.));
#5517 = ORIENTED_EDGE('',*,*,#5518,.F.);
#5518 = EDGE_CURVE('',#5480,#5511,#5519,.T.);
#5519 = LINE('',#5520,#5521);
#5520 = CARTESIAN_POINT('',(18.669,6.187,0.));
#5521 = VECTOR('',#5522,1.);
#5522 = DIRECTION('',(0.196116135138,-0.980580675691,0.));
#5523 = PLANE('',#5524);
#5524 = AXIS2_PLACEMENT_3D('',#5525,#5526,#5527);
#5525 = CARTESIAN_POINT('',(18.669,6.187,0.));
#5526 = DIRECTION('',(0.980580675691,0.196116135138,-0.));
#5527 = DIRECTION('',(0.196116135138,-0.980580675691,0.));
#5528 = ADVANCED_FACE('',(#5529),#5554,.T.);
#5529 = FACE_BOUND('',#5530,.T.);
#5530 = EDGE_LOOP('',(#5531,#5532,#5540,#5548));
#5531 = ORIENTED_EDGE('',*,*,#5510,.T.);
#5532 = ORIENTED_EDGE('',*,*,#5533,.T.);
#5533 = EDGE_CURVE('',#5503,#5534,#5536,.T.);
#5534 = VERTEX_POINT('',#5535);
#5535 = CARTESIAN_POINT('',(18.693,6.026,0.4103624));
#5536 = LINE('',#5537,#5538);
#5537 = CARTESIAN_POINT('',(18.685,6.107,0.4103624));
#5538 = VECTOR('',#5539,1.);
#5539 = DIRECTION('',(9.828721869346E-02,-0.995158089271,0.));
#5540 = ORIENTED_EDGE('',*,*,#5541,.F.);
#5541 = EDGE_CURVE('',#5542,#5534,#5544,.T.);
#5542 = VERTEX_POINT('',#5543);
#5543 = CARTESIAN_POINT('',(18.693,6.026,0.));
#5544 = LINE('',#5545,#5546);
#5545 = CARTESIAN_POINT('',(18.693,6.026,0.));
#5546 = VECTOR('',#5547,1.);
#5547 = DIRECTION('',(0.,0.,1.));
#5548 = ORIENTED_EDGE('',*,*,#5549,.F.);
#5549 = EDGE_CURVE('',#5511,#5542,#5550,.T.);
#5550 = LINE('',#5551,#5552);
#5551 = CARTESIAN_POINT('',(18.685,6.107,0.));
#5552 = VECTOR('',#5553,1.);
#5553 = DIRECTION('',(9.828721869346E-02,-0.995158089271,0.));
#5554 = PLANE('',#5555);
#5555 = AXIS2_PLACEMENT_3D('',#5556,#5557,#5558);
#5556 = CARTESIAN_POINT('',(18.685,6.107,0.));
#5557 = DIRECTION('',(0.995158089271,9.828721869346E-02,-0.));
#5558 = DIRECTION('',(9.828721869346E-02,-0.995158089271,0.));
#5559 = ADVANCED_FACE('',(#5560),#5585,.T.);
#5560 = FACE_BOUND('',#5561,.T.);
#5561 = EDGE_LOOP('',(#5562,#5563,#5571,#5579));
#5562 = ORIENTED_EDGE('',*,*,#5541,.T.);
#5563 = ORIENTED_EDGE('',*,*,#5564,.T.);
#5564 = EDGE_CURVE('',#5534,#5565,#5567,.T.);
#5565 = VERTEX_POINT('',#5566);
#5566 = CARTESIAN_POINT('',(18.717,5.948,0.4103624));
#5567 = LINE('',#5568,#5569);
#5568 = CARTESIAN_POINT('',(18.693,6.026,0.4103624));
#5569 = VECTOR('',#5570,1.);
#5570 = DIRECTION('',(0.294085848837,-0.955779008722,0.));
#5571 = ORIENTED_EDGE('',*,*,#5572,.F.);
#5572 = EDGE_CURVE('',#5573,#5565,#5575,.T.);
#5573 = VERTEX_POINT('',#5574);
#5574 = CARTESIAN_POINT('',(18.717,5.948,0.));
#5575 = LINE('',#5576,#5577);
#5576 = CARTESIAN_POINT('',(18.717,5.948,0.));
#5577 = VECTOR('',#5578,1.);
#5578 = DIRECTION('',(0.,0.,1.));
#5579 = ORIENTED_EDGE('',*,*,#5580,.F.);
#5580 = EDGE_CURVE('',#5542,#5573,#5581,.T.);
#5581 = LINE('',#5582,#5583);
#5582 = CARTESIAN_POINT('',(18.693,6.026,0.));
#5583 = VECTOR('',#5584,1.);
#5584 = DIRECTION('',(0.294085848837,-0.955779008722,0.));
#5585 = PLANE('',#5586);
#5586 = AXIS2_PLACEMENT_3D('',#5587,#5588,#5589);
#5587 = CARTESIAN_POINT('',(18.693,6.026,0.));
#5588 = DIRECTION('',(0.955779008722,0.294085848837,-0.));
#5589 = DIRECTION('',(0.294085848837,-0.955779008722,0.));
#5590 = ADVANCED_FACE('',(#5591),#5616,.T.);
#5591 = FACE_BOUND('',#5592,.T.);
#5592 = EDGE_LOOP('',(#5593,#5594,#5602,#5610));
#5593 = ORIENTED_EDGE('',*,*,#5572,.T.);
#5594 = ORIENTED_EDGE('',*,*,#5595,.T.);
#5595 = EDGE_CURVE('',#5565,#5596,#5598,.T.);
#5596 = VERTEX_POINT('',#5597);
#5597 = CARTESIAN_POINT('',(18.732,5.868,0.4103624));
#5598 = LINE('',#5599,#5600);
#5599 = CARTESIAN_POINT('',(18.717,5.948,0.4103624));
#5600 = VECTOR('',#5601,1.);
#5601 = DIRECTION('',(0.18428853505,-0.982872186934,0.));
#5602 = ORIENTED_EDGE('',*,*,#5603,.F.);
#5603 = EDGE_CURVE('',#5604,#5596,#5606,.T.);
#5604 = VERTEX_POINT('',#5605);
#5605 = CARTESIAN_POINT('',(18.732,5.868,0.));
#5606 = LINE('',#5607,#5608);
#5607 = CARTESIAN_POINT('',(18.732,5.868,0.));
#5608 = VECTOR('',#5609,1.);
#5609 = DIRECTION('',(0.,0.,1.));
#5610 = ORIENTED_EDGE('',*,*,#5611,.F.);
#5611 = EDGE_CURVE('',#5573,#5604,#5612,.T.);
#5612 = LINE('',#5613,#5614);
#5613 = CARTESIAN_POINT('',(18.717,5.948,0.));
#5614 = VECTOR('',#5615,1.);
#5615 = DIRECTION('',(0.18428853505,-0.982872186934,0.));
#5616 = PLANE('',#5617);
#5617 = AXIS2_PLACEMENT_3D('',#5618,#5619,#5620);
#5618 = CARTESIAN_POINT('',(18.717,5.948,0.));
#5619 = DIRECTION('',(0.982872186934,0.18428853505,-0.));
#5620 = DIRECTION('',(0.18428853505,-0.982872186934,0.));
#5621 = ADVANCED_FACE('',(#5622),#5647,.T.);
#5622 = FACE_BOUND('',#5623,.T.);
#5623 = EDGE_LOOP('',(#5624,#5625,#5633,#5641));
#5624 = ORIENTED_EDGE('',*,*,#5603,.T.);
#5625 = ORIENTED_EDGE('',*,*,#5626,.T.);
#5626 = EDGE_CURVE('',#5596,#5627,#5629,.T.);
#5627 = VERTEX_POINT('',#5628);
#5628 = CARTESIAN_POINT('',(18.764,5.793,0.4103624));
#5629 = LINE('',#5630,#5631);
#5630 = CARTESIAN_POINT('',(18.732,5.868,0.4103624));
#5631 = VECTOR('',#5632,1.);
#5632 = DIRECTION('',(0.392438685048,-0.919778168081,0.));
#5633 = ORIENTED_EDGE('',*,*,#5634,.F.);
#5634 = EDGE_CURVE('',#5635,#5627,#5637,.T.);
#5635 = VERTEX_POINT('',#5636);
#5636 = CARTESIAN_POINT('',(18.764,5.793,0.));
#5637 = LINE('',#5638,#5639);
#5638 = CARTESIAN_POINT('',(18.764,5.793,0.));
#5639 = VECTOR('',#5640,1.);
#5640 = DIRECTION('',(0.,0.,1.));
#5641 = ORIENTED_EDGE('',*,*,#5642,.F.);
#5642 = EDGE_CURVE('',#5604,#5635,#5643,.T.);
#5643 = LINE('',#5644,#5645);
#5644 = CARTESIAN_POINT('',(18.732,5.868,0.));
#5645 = VECTOR('',#5646,1.);
#5646 = DIRECTION('',(0.392438685048,-0.919778168081,0.));
#5647 = PLANE('',#5648);
#5648 = AXIS2_PLACEMENT_3D('',#5649,#5650,#5651);
#5649 = CARTESIAN_POINT('',(18.732,5.868,0.));
#5650 = DIRECTION('',(0.919778168081,0.392438685048,-0.));
#5651 = DIRECTION('',(0.392438685048,-0.919778168081,0.));
#5652 = ADVANCED_FACE('',(#5653),#5678,.T.);
#5653 = FACE_BOUND('',#5654,.T.);
#5654 = EDGE_LOOP('',(#5655,#5656,#5664,#5672));
#5655 = ORIENTED_EDGE('',*,*,#5634,.T.);
#5656 = ORIENTED_EDGE('',*,*,#5657,.T.);
#5657 = EDGE_CURVE('',#5627,#5658,#5660,.T.);
#5658 = VERTEX_POINT('',#5659);
#5659 = CARTESIAN_POINT('',(18.787,5.715,0.4103624));
#5660 = LINE('',#5661,#5662);
#5661 = CARTESIAN_POINT('',(18.764,5.793,0.4103624));
#5662 = VECTOR('',#5663,1.);
#5663 = DIRECTION('',(0.282832019595,-0.959169457756,0.));
#5664 = ORIENTED_EDGE('',*,*,#5665,.F.);
#5665 = EDGE_CURVE('',#5666,#5658,#5668,.T.);
#5666 = VERTEX_POINT('',#5667);
#5667 = CARTESIAN_POINT('',(18.787,5.715,0.));
#5668 = LINE('',#5669,#5670);
#5669 = CARTESIAN_POINT('',(18.787,5.715,0.));
#5670 = VECTOR('',#5671,1.);
#5671 = DIRECTION('',(0.,0.,1.));
#5672 = ORIENTED_EDGE('',*,*,#5673,.F.);
#5673 = EDGE_CURVE('',#5635,#5666,#5674,.T.);
#5674 = LINE('',#5675,#5676);
#5675 = CARTESIAN_POINT('',(18.764,5.793,0.));
#5676 = VECTOR('',#5677,1.);
#5677 = DIRECTION('',(0.282832019595,-0.959169457756,0.));
#5678 = PLANE('',#5679);
#5679 = AXIS2_PLACEMENT_3D('',#5680,#5681,#5682);
#5680 = CARTESIAN_POINT('',(18.764,5.793,0.));
#5681 = DIRECTION('',(0.959169457756,0.282832019595,-0.));
#5682 = DIRECTION('',(0.282832019595,-0.959169457756,0.));
#5683 = ADVANCED_FACE('',(#5684),#5709,.T.);
#5684 = FACE_BOUND('',#5685,.T.);
#5685 = EDGE_LOOP('',(#5686,#5687,#5695,#5703));
#5686 = ORIENTED_EDGE('',*,*,#5665,.T.);
#5687 = ORIENTED_EDGE('',*,*,#5688,.T.);
#5688 = EDGE_CURVE('',#5658,#5689,#5691,.T.);
#5689 = VERTEX_POINT('',#5690);
#5690 = CARTESIAN_POINT('',(18.826,5.643,0.4103624));
#5691 = LINE('',#5692,#5693);
#5692 = CARTESIAN_POINT('',(18.787,5.715,0.4103624));
#5693 = VECTOR('',#5694,1.);
#5694 = DIRECTION('',(0.476283148541,-0.879291966537,0.));
#5695 = ORIENTED_EDGE('',*,*,#5696,.F.);
#5696 = EDGE_CURVE('',#5697,#5689,#5699,.T.);
#5697 = VERTEX_POINT('',#5698);
#5698 = CARTESIAN_POINT('',(18.826,5.643,0.));
#5699 = LINE('',#5700,#5701);
#5700 = CARTESIAN_POINT('',(18.826,5.643,0.));
#5701 = VECTOR('',#5702,1.);
#5702 = DIRECTION('',(0.,0.,1.));
#5703 = ORIENTED_EDGE('',*,*,#5704,.F.);
#5704 = EDGE_CURVE('',#5666,#5697,#5705,.T.);
#5705 = LINE('',#5706,#5707);
#5706 = CARTESIAN_POINT('',(18.787,5.715,0.));
#5707 = VECTOR('',#5708,1.);
#5708 = DIRECTION('',(0.476283148541,-0.879291966537,0.));
#5709 = PLANE('',#5710);
#5710 = AXIS2_PLACEMENT_3D('',#5711,#5712,#5713);
#5711 = CARTESIAN_POINT('',(18.787,5.715,0.));
#5712 = DIRECTION('',(0.879291966537,0.476283148541,-0.));
#5713 = DIRECTION('',(0.476283148541,-0.879291966537,0.));
#5714 = ADVANCED_FACE('',(#5715),#5740,.T.);
#5715 = FACE_BOUND('',#5716,.T.);
#5716 = EDGE_LOOP('',(#5717,#5718,#5726,#5734));
#5717 = ORIENTED_EDGE('',*,*,#5696,.T.);
#5718 = ORIENTED_EDGE('',*,*,#5719,.T.);
#5719 = EDGE_CURVE('',#5689,#5720,#5722,.T.);
#5720 = VERTEX_POINT('',#5721);
#5721 = CARTESIAN_POINT('',(18.857,5.568,0.4103624));
#5722 = LINE('',#5723,#5724);
#5723 = CARTESIAN_POINT('',(18.826,5.643,0.4103624));
#5724 = VECTOR('',#5725,1.);
#5725 = DIRECTION('',(0.381988976935,-0.924166879681,0.));
#5726 = ORIENTED_EDGE('',*,*,#5727,.F.);
#5727 = EDGE_CURVE('',#5728,#5720,#5730,.T.);
#5728 = VERTEX_POINT('',#5729);
#5729 = CARTESIAN_POINT('',(18.857,5.568,0.));
#5730 = LINE('',#5731,#5732);
#5731 = CARTESIAN_POINT('',(18.857,5.568,0.));
#5732 = VECTOR('',#5733,1.);
#5733 = DIRECTION('',(0.,0.,1.));
#5734 = ORIENTED_EDGE('',*,*,#5735,.F.);
#5735 = EDGE_CURVE('',#5697,#5728,#5736,.T.);
#5736 = LINE('',#5737,#5738);
#5737 = CARTESIAN_POINT('',(18.826,5.643,0.));
#5738 = VECTOR('',#5739,1.);
#5739 = DIRECTION('',(0.381988976935,-0.924166879681,0.));
#5740 = PLANE('',#5741);
#5741 = AXIS2_PLACEMENT_3D('',#5742,#5743,#5744);
#5742 = CARTESIAN_POINT('',(18.826,5.643,0.));
#5743 = DIRECTION('',(0.924166879681,0.381988976935,-0.));
#5744 = DIRECTION('',(0.381988976935,-0.924166879681,0.));
#5745 = ADVANCED_FACE('',(#5746),#5771,.T.);
#5746 = FACE_BOUND('',#5747,.T.);
#5747 = EDGE_LOOP('',(#5748,#5749,#5757,#5765));
#5748 = ORIENTED_EDGE('',*,*,#5727,.T.);
#5749 = ORIENTED_EDGE('',*,*,#5750,.T.);
#5750 = EDGE_CURVE('',#5720,#5751,#5753,.T.);
#5751 = VERTEX_POINT('',#5752);
#5752 = CARTESIAN_POINT('',(18.902,5.5,0.4103624));
#5753 = LINE('',#5754,#5755);
#5754 = CARTESIAN_POINT('',(18.857,5.568,0.4103624));
#5755 = VECTOR('',#5756,1.);
#5756 = DIRECTION('',(0.551866900848,-0.833932205727,0.));
#5757 = ORIENTED_EDGE('',*,*,#5758,.F.);
#5758 = EDGE_CURVE('',#5759,#5751,#5761,.T.);
#5759 = VERTEX_POINT('',#5760);
#5760 = CARTESIAN_POINT('',(18.902,5.5,0.));
#5761 = LINE('',#5762,#5763);
#5762 = CARTESIAN_POINT('',(18.902,5.5,0.));
#5763 = VECTOR('',#5764,1.);
#5764 = DIRECTION('',(0.,0.,1.));
#5765 = ORIENTED_EDGE('',*,*,#5766,.F.);
#5766 = EDGE_CURVE('',#5728,#5759,#5767,.T.);
#5767 = LINE('',#5768,#5769);
#5768 = CARTESIAN_POINT('',(18.857,5.568,0.));
#5769 = VECTOR('',#5770,1.);
#5770 = DIRECTION('',(0.551866900848,-0.833932205727,0.));
#5771 = PLANE('',#5772);
#5772 = AXIS2_PLACEMENT_3D('',#5773,#5774,#5775);
#5773 = CARTESIAN_POINT('',(18.857,5.568,0.));
#5774 = DIRECTION('',(0.833932205727,0.551866900848,-0.));
#5775 = DIRECTION('',(0.551866900848,-0.833932205727,0.));
#5776 = ADVANCED_FACE('',(#5777),#5802,.T.);
#5777 = FACE_BOUND('',#5778,.T.);
#5778 = EDGE_LOOP('',(#5779,#5780,#5788,#5796));
#5779 = ORIENTED_EDGE('',*,*,#5758,.T.);
#5780 = ORIENTED_EDGE('',*,*,#5781,.T.);
#5781 = EDGE_CURVE('',#5751,#5782,#5784,.T.);
#5782 = VERTEX_POINT('',#5783);
#5783 = CARTESIAN_POINT('',(18.941,5.428,0.4103624));
#5784 = LINE('',#5785,#5786);
#5785 = CARTESIAN_POINT('',(18.902,5.5,0.4103624));
#5786 = VECTOR('',#5787,1.);
#5787 = DIRECTION('',(0.476283148541,-0.879291966537,0.));
#5788 = ORIENTED_EDGE('',*,*,#5789,.F.);
#5789 = EDGE_CURVE('',#5790,#5782,#5792,.T.);
#5790 = VERTEX_POINT('',#5791);
#5791 = CARTESIAN_POINT('',(18.941,5.428,0.));
#5792 = LINE('',#5793,#5794);
#5793 = CARTESIAN_POINT('',(18.941,5.428,0.));
#5794 = VECTOR('',#5795,1.);
#5795 = DIRECTION('',(0.,0.,1.));
#5796 = ORIENTED_EDGE('',*,*,#5797,.F.);
#5797 = EDGE_CURVE('',#5759,#5790,#5798,.T.);
#5798 = LINE('',#5799,#5800);
#5799 = CARTESIAN_POINT('',(18.902,5.5,0.));
#5800 = VECTOR('',#5801,1.);
#5801 = DIRECTION('',(0.476283148541,-0.879291966537,0.));
#5802 = PLANE('',#5803);
#5803 = AXIS2_PLACEMENT_3D('',#5804,#5805,#5806);
#5804 = CARTESIAN_POINT('',(18.902,5.5,0.));
#5805 = DIRECTION('',(0.879291966537,0.476283148541,-0.));
#5806 = DIRECTION('',(0.476283148541,-0.879291966537,0.));
#5807 = ADVANCED_FACE('',(#5808),#5833,.T.);
#5808 = FACE_BOUND('',#5809,.T.);
#5809 = EDGE_LOOP('',(#5810,#5811,#5819,#5827));
#5810 = ORIENTED_EDGE('',*,*,#5789,.T.);
#5811 = ORIENTED_EDGE('',*,*,#5812,.T.);
#5812 = EDGE_CURVE('',#5782,#5813,#5815,.T.);
#5813 = VERTEX_POINT('',#5814);
#5814 = CARTESIAN_POINT('',(18.992,5.365,0.4103624));
#5815 = LINE('',#5816,#5817);
#5816 = CARTESIAN_POINT('',(18.941,5.428,0.4103624));
#5817 = VECTOR('',#5818,1.);
#5818 = DIRECTION('',(0.629198228668,-0.777244870707,0.));
#5819 = ORIENTED_EDGE('',*,*,#5820,.F.);
#5820 = EDGE_CURVE('',#5821,#5813,#5823,.T.);
#5821 = VERTEX_POINT('',#5822);
#5822 = CARTESIAN_POINT('',(18.992,5.365,0.));
#5823 = LINE('',#5824,#5825);
#5824 = CARTESIAN_POINT('',(18.992,5.365,0.));
#5825 = VECTOR('',#5826,1.);
#5826 = DIRECTION('',(0.,0.,1.));
#5827 = ORIENTED_EDGE('',*,*,#5828,.F.);
#5828 = EDGE_CURVE('',#5790,#5821,#5829,.T.);
#5829 = LINE('',#5830,#5831);
#5830 = CARTESIAN_POINT('',(18.941,5.428,0.));
#5831 = VECTOR('',#5832,1.);
#5832 = DIRECTION('',(0.629198228668,-0.777244870707,0.));
#5833 = PLANE('',#5834);
#5834 = AXIS2_PLACEMENT_3D('',#5835,#5836,#5837);
#5835 = CARTESIAN_POINT('',(18.941,5.428,0.));
#5836 = DIRECTION('',(0.777244870707,0.629198228668,-0.));
#5837 = DIRECTION('',(0.629198228668,-0.777244870707,0.));
#5838 = ADVANCED_FACE('',(#5839),#5864,.T.);
#5839 = FACE_BOUND('',#5840,.T.);
#5840 = EDGE_LOOP('',(#5841,#5842,#5850,#5858));
#5841 = ORIENTED_EDGE('',*,*,#5820,.T.);
#5842 = ORIENTED_EDGE('',*,*,#5843,.T.);
#5843 = EDGE_CURVE('',#5813,#5844,#5846,.T.);
#5844 = VERTEX_POINT('',#5845);
#5845 = CARTESIAN_POINT('',(19.038,5.298,0.4103624));
#5846 = LINE('',#5847,#5848);
#5847 = CARTESIAN_POINT('',(18.992,5.365,0.4103624));
#5848 = VECTOR('',#5849,1.);
#5849 = DIRECTION('',(0.566006502692,-0.824400775661,0.));
#5850 = ORIENTED_EDGE('',*,*,#5851,.F.);
#5851 = EDGE_CURVE('',#5852,#5844,#5854,.T.);
#5852 = VERTEX_POINT('',#5853);
#5853 = CARTESIAN_POINT('',(19.038,5.298,0.));
#5854 = LINE('',#5855,#5856);
#5855 = CARTESIAN_POINT('',(19.038,5.298,0.));
#5856 = VECTOR('',#5857,1.);
#5857 = DIRECTION('',(0.,0.,1.));
#5858 = ORIENTED_EDGE('',*,*,#5859,.F.);
#5859 = EDGE_CURVE('',#5821,#5852,#5860,.T.);
#5860 = LINE('',#5861,#5862);
#5861 = CARTESIAN_POINT('',(18.992,5.365,0.));
#5862 = VECTOR('',#5863,1.);
#5863 = DIRECTION('',(0.566006502692,-0.824400775661,0.));
#5864 = PLANE('',#5865);
#5865 = AXIS2_PLACEMENT_3D('',#5866,#5867,#5868);
#5866 = CARTESIAN_POINT('',(18.992,5.365,0.));
#5867 = DIRECTION('',(0.824400775661,0.566006502692,-0.));
#5868 = DIRECTION('',(0.566006502692,-0.824400775661,0.));
#5869 = ADVANCED_FACE('',(#5870),#5895,.T.);
#5870 = FACE_BOUND('',#5871,.T.);
#5871 = EDGE_LOOP('',(#5872,#5873,#5881,#5889));
#5872 = ORIENTED_EDGE('',*,*,#5851,.T.);
#5873 = ORIENTED_EDGE('',*,*,#5874,.T.);
#5874 = EDGE_CURVE('',#5844,#5875,#5877,.T.);
#5875 = VERTEX_POINT('',#5876);
#5876 = CARTESIAN_POINT('',(19.095,5.24,0.4103624));
#5877 = LINE('',#5878,#5879);
#5878 = CARTESIAN_POINT('',(19.038,5.298,0.4103624));
#5879 = VECTOR('',#5880,1.);
#5880 = DIRECTION('',(0.700931526822,-0.713228571152,0.));
#5881 = ORIENTED_EDGE('',*,*,#5882,.F.);
#5882 = EDGE_CURVE('',#5883,#5875,#5885,.T.);
#5883 = VERTEX_POINT('',#5884);
#5884 = CARTESIAN_POINT('',(19.095,5.24,0.));
#5885 = LINE('',#5886,#5887);
#5886 = CARTESIAN_POINT('',(19.095,5.24,0.));
#5887 = VECTOR('',#5888,1.);
#5888 = DIRECTION('',(0.,0.,1.));
#5889 = ORIENTED_EDGE('',*,*,#5890,.F.);
#5890 = EDGE_CURVE('',#5852,#5883,#5891,.T.);
#5891 = LINE('',#5892,#5893);
#5892 = CARTESIAN_POINT('',(19.038,5.298,0.));
#5893 = VECTOR('',#5894,1.);
#5894 = DIRECTION('',(0.700931526822,-0.713228571152,0.));
#5895 = PLANE('',#5896);
#5896 = AXIS2_PLACEMENT_3D('',#5897,#5898,#5899);
#5897 = CARTESIAN_POINT('',(19.038,5.298,0.));
#5898 = DIRECTION('',(0.713228571152,0.700931526822,-0.));
#5899 = DIRECTION('',(0.700931526822,-0.713228571152,0.));
#5900 = ADVANCED_FACE('',(#5901),#5926,.T.);
#5901 = FACE_BOUND('',#5902,.T.);
#5902 = EDGE_LOOP('',(#5903,#5904,#5912,#5920));
#5903 = ORIENTED_EDGE('',*,*,#5882,.T.);
#5904 = ORIENTED_EDGE('',*,*,#5905,.T.);
#5905 = EDGE_CURVE('',#5875,#5906,#5908,.T.);
#5906 = VERTEX_POINT('',#5907);
#5907 = CARTESIAN_POINT('',(19.147,5.177,0.4103624));
#5908 = LINE('',#5909,#5910);
#5909 = CARTESIAN_POINT('',(19.095,5.24,0.4103624));
#5910 = VECTOR('',#5911,1.);
#5911 = DIRECTION('',(0.63656503651,-0.771223025002,0.));
#5912 = ORIENTED_EDGE('',*,*,#5913,.F.);
#5913 = EDGE_CURVE('',#5914,#5906,#5916,.T.);
#5914 = VERTEX_POINT('',#5915);
#5915 = CARTESIAN_POINT('',(19.147,5.177,0.));
#5916 = LINE('',#5917,#5918);
#5917 = CARTESIAN_POINT('',(19.147,5.177,0.));
#5918 = VECTOR('',#5919,1.);
#5919 = DIRECTION('',(0.,0.,1.));
#5920 = ORIENTED_EDGE('',*,*,#5921,.F.);
#5921 = EDGE_CURVE('',#5883,#5914,#5922,.T.);
#5922 = LINE('',#5923,#5924);
#5923 = CARTESIAN_POINT('',(19.095,5.24,0.));
#5924 = VECTOR('',#5925,1.);
#5925 = DIRECTION('',(0.63656503651,-0.771223025002,0.));
#5926 = PLANE('',#5927);
#5927 = AXIS2_PLACEMENT_3D('',#5928,#5929,#5930);
#5928 = CARTESIAN_POINT('',(19.095,5.24,0.));
#5929 = DIRECTION('',(0.771223025002,0.63656503651,-0.));
#5930 = DIRECTION('',(0.63656503651,-0.771223025002,0.));
#5931 = ADVANCED_FACE('',(#5932),#5957,.T.);
#5932 = FACE_BOUND('',#5933,.T.);
#5933 = EDGE_LOOP('',(#5934,#5935,#5943,#5951));
#5934 = ORIENTED_EDGE('',*,*,#5913,.T.);
#5935 = ORIENTED_EDGE('',*,*,#5936,.T.);
#5936 = EDGE_CURVE('',#5906,#5937,#5939,.T.);
#5937 = VERTEX_POINT('',#5938);
#5938 = CARTESIAN_POINT('',(19.21,5.125,0.4103624));
#5939 = LINE('',#5940,#5941);
#5940 = CARTESIAN_POINT('',(19.147,5.177,0.4103624));
#5941 = VECTOR('',#5942,1.);
#5942 = DIRECTION('',(0.771223025002,-0.63656503651,0.));
#5943 = ORIENTED_EDGE('',*,*,#5944,.F.);
#5944 = EDGE_CURVE('',#5945,#5937,#5947,.T.);
#5945 = VERTEX_POINT('',#5946);
#5946 = CARTESIAN_POINT('',(19.21,5.125,0.));
#5947 = LINE('',#5948,#5949);
#5948 = CARTESIAN_POINT('',(19.21,5.125,0.));
#5949 = VECTOR('',#5950,1.);
#5950 = DIRECTION('',(0.,0.,1.));
#5951 = ORIENTED_EDGE('',*,*,#5952,.F.);
#5952 = EDGE_CURVE('',#5914,#5945,#5953,.T.);
#5953 = LINE('',#5954,#5955);
#5954 = CARTESIAN_POINT('',(19.147,5.177,0.));
#5955 = VECTOR('',#5956,1.);
#5956 = DIRECTION('',(0.771223025002,-0.63656503651,0.));
#5957 = PLANE('',#5958);
#5958 = AXIS2_PLACEMENT_3D('',#5959,#5960,#5961);
#5959 = CARTESIAN_POINT('',(19.147,5.177,0.));
#5960 = DIRECTION('',(0.63656503651,0.771223025002,-0.));
#5961 = DIRECTION('',(0.771223025002,-0.63656503651,0.));
#5962 = ADVANCED_FACE('',(#5963),#5988,.T.);
#5963 = FACE_BOUND('',#5964,.T.);
#5964 = EDGE_LOOP('',(#5965,#5966,#5974,#5982));
#5965 = ORIENTED_EDGE('',*,*,#5944,.T.);
#5966 = ORIENTED_EDGE('',*,*,#5967,.T.);
#5967 = EDGE_CURVE('',#5937,#5968,#5970,.T.);
#5968 = VERTEX_POINT('',#5969);
#5969 = CARTESIAN_POINT('',(19.268,5.068,0.4103624));
#5970 = LINE('',#5971,#5972);
#5971 = CARTESIAN_POINT('',(19.21,5.125,0.4103624));
#5972 = VECTOR('',#5973,1.);
#5973 = DIRECTION('',(0.713228571152,-0.700931526822,0.));
#5974 = ORIENTED_EDGE('',*,*,#5975,.F.);
#5975 = EDGE_CURVE('',#5976,#5968,#5978,.T.);
#5976 = VERTEX_POINT('',#5977);
#5977 = CARTESIAN_POINT('',(19.268,5.068,0.));
#5978 = LINE('',#5979,#5980);
#5979 = CARTESIAN_POINT('',(19.268,5.068,0.));
#5980 = VECTOR('',#5981,1.);
#5981 = DIRECTION('',(0.,0.,1.));
#5982 = ORIENTED_EDGE('',*,*,#5983,.F.);
#5983 = EDGE_CURVE('',#5945,#5976,#5984,.T.);
#5984 = LINE('',#5985,#5986);
#5985 = CARTESIAN_POINT('',(19.21,5.125,0.));
#5986 = VECTOR('',#5987,1.);
#5987 = DIRECTION('',(0.713228571152,-0.700931526822,0.));
#5988 = PLANE('',#5989);
#5989 = AXIS2_PLACEMENT_3D('',#5990,#5991,#5992);
#5990 = CARTESIAN_POINT('',(19.21,5.125,0.));
#5991 = DIRECTION('',(0.700931526822,0.713228571152,-0.));
#5992 = DIRECTION('',(0.713228571152,-0.700931526822,0.));
#5993 = ADVANCED_FACE('',(#5994),#6019,.T.);
#5994 = FACE_BOUND('',#5995,.T.);
#5995 = EDGE_LOOP('',(#5996,#5997,#6005,#6013));
#5996 = ORIENTED_EDGE('',*,*,#5975,.T.);
#5997 = ORIENTED_EDGE('',*,*,#5998,.T.);
#5998 = EDGE_CURVE('',#5968,#5999,#6001,.T.);
#5999 = VERTEX_POINT('',#6000);
#6000 = CARTESIAN_POINT('',(19.335,5.022,0.4103624));
#6001 = LINE('',#6002,#6003);
#6002 = CARTESIAN_POINT('',(19.268,5.068,0.4103624));
#6003 = VECTOR('',#6004,1.);
#6004 = DIRECTION('',(0.824400775661,-0.566006502692,0.));
#6005 = ORIENTED_EDGE('',*,*,#6006,.F.);
#6006 = EDGE_CURVE('',#6007,#5999,#6009,.T.);
#6007 = VERTEX_POINT('',#6008);
#6008 = CARTESIAN_POINT('',(19.335,5.022,0.));
#6009 = LINE('',#6010,#6011);
#6010 = CARTESIAN_POINT('',(19.335,5.022,0.));
#6011 = VECTOR('',#6012,1.);
#6012 = DIRECTION('',(0.,0.,1.));
#6013 = ORIENTED_EDGE('',*,*,#6014,.F.);
#6014 = EDGE_CURVE('',#5976,#6007,#6015,.T.);
#6015 = LINE('',#6016,#6017);
#6016 = CARTESIAN_POINT('',(19.268,5.068,0.));
#6017 = VECTOR('',#6018,1.);
#6018 = DIRECTION('',(0.824400775661,-0.566006502692,0.));
#6019 = PLANE('',#6020);
#6020 = AXIS2_PLACEMENT_3D('',#6021,#6022,#6023);
#6021 = CARTESIAN_POINT('',(19.268,5.068,0.));
#6022 = DIRECTION('',(0.566006502692,0.824400775661,-0.));
#6023 = DIRECTION('',(0.824400775661,-0.566006502692,0.));
#6024 = ADVANCED_FACE('',(#6025),#6050,.T.);
#6025 = FACE_BOUND('',#6026,.T.);
#6026 = EDGE_LOOP('',(#6027,#6028,#6036,#6044));
#6027 = ORIENTED_EDGE('',*,*,#6006,.T.);
#6028 = ORIENTED_EDGE('',*,*,#6029,.T.);
#6029 = EDGE_CURVE('',#5999,#6030,#6032,.T.);
#6030 = VERTEX_POINT('',#6031);
#6031 = CARTESIAN_POINT('',(19.398,4.971,0.4103624));
#6032 = LINE('',#6033,#6034);
#6033 = CARTESIAN_POINT('',(19.335,5.022,0.4103624));
#6034 = VECTOR('',#6035,1.);
#6035 = DIRECTION('',(0.777244870707,-0.629198228668,0.));
#6036 = ORIENTED_EDGE('',*,*,#6037,.F.);
#6037 = EDGE_CURVE('',#6038,#6030,#6040,.T.);
#6038 = VERTEX_POINT('',#6039);
#6039 = CARTESIAN_POINT('',(19.398,4.971,0.));
#6040 = LINE('',#6041,#6042);
#6041 = CARTESIAN_POINT('',(19.398,4.971,0.));
#6042 = VECTOR('',#6043,1.);
#6043 = DIRECTION('',(0.,0.,1.));
#6044 = ORIENTED_EDGE('',*,*,#6045,.F.);
#6045 = EDGE_CURVE('',#6007,#6038,#6046,.T.);
#6046 = LINE('',#6047,#6048);
#6047 = CARTESIAN_POINT('',(19.335,5.022,0.));
#6048 = VECTOR('',#6049,1.);
#6049 = DIRECTION('',(0.777244870707,-0.629198228668,0.));
#6050 = PLANE('',#6051);
#6051 = AXIS2_PLACEMENT_3D('',#6052,#6053,#6054);
#6052 = CARTESIAN_POINT('',(19.335,5.022,0.));
#6053 = DIRECTION('',(0.629198228668,0.777244870707,-0.));
#6054 = DIRECTION('',(0.777244870707,-0.629198228668,0.));
#6055 = ADVANCED_FACE('',(#6056),#6081,.T.);
#6056 = FACE_BOUND('',#6057,.T.);
#6057 = EDGE_LOOP('',(#6058,#6059,#6067,#6075));
#6058 = ORIENTED_EDGE('',*,*,#6037,.T.);
#6059 = ORIENTED_EDGE('',*,*,#6060,.T.);
#6060 = EDGE_CURVE('',#6030,#6061,#6063,.T.);
#6061 = VERTEX_POINT('',#6062);
#6062 = CARTESIAN_POINT('',(19.47,4.932,0.4103624));
#6063 = LINE('',#6064,#6065);
#6064 = CARTESIAN_POINT('',(19.398,4.971,0.4103624));
#6065 = VECTOR('',#6066,1.);
#6066 = DIRECTION('',(0.879291966537,-0.476283148541,0.));
#6067 = ORIENTED_EDGE('',*,*,#6068,.F.);
#6068 = EDGE_CURVE('',#6069,#6061,#6071,.T.);
#6069 = VERTEX_POINT('',#6070);
#6070 = CARTESIAN_POINT('',(19.47,4.932,0.));
#6071 = LINE('',#6072,#6073);
#6072 = CARTESIAN_POINT('',(19.47,4.932,0.));
#6073 = VECTOR('',#6074,1.);
#6074 = DIRECTION('',(0.,0.,1.));
#6075 = ORIENTED_EDGE('',*,*,#6076,.F.);
#6076 = EDGE_CURVE('',#6038,#6069,#6077,.T.);
#6077 = LINE('',#6078,#6079);
#6078 = CARTESIAN_POINT('',(19.398,4.971,0.));
#6079 = VECTOR('',#6080,1.);
#6080 = DIRECTION('',(0.879291966537,-0.476283148541,0.));
#6081 = PLANE('',#6082);
#6082 = AXIS2_PLACEMENT_3D('',#6083,#6084,#6085);
#6083 = CARTESIAN_POINT('',(19.398,4.971,0.));
#6084 = DIRECTION('',(0.476283148541,0.879291966537,-0.));
#6085 = DIRECTION('',(0.879291966537,-0.476283148541,0.));
#6086 = ADVANCED_FACE('',(#6087),#6112,.T.);
#6087 = FACE_BOUND('',#6088,.T.);
#6088 = EDGE_LOOP('',(#6089,#6090,#6098,#6106));
#6089 = ORIENTED_EDGE('',*,*,#6068,.T.);
#6090 = ORIENTED_EDGE('',*,*,#6091,.T.);
#6091 = EDGE_CURVE('',#6061,#6092,#6094,.T.);
#6092 = VERTEX_POINT('',#6093);
#6093 = CARTESIAN_POINT('',(19.538,4.887,0.4103624));
#6094 = LINE('',#6095,#6096);
#6095 = CARTESIAN_POINT('',(19.47,4.932,0.4103624));
#6096 = VECTOR('',#6097,1.);
#6097 = DIRECTION('',(0.833932205727,-0.551866900848,0.));
#6098 = ORIENTED_EDGE('',*,*,#6099,.F.);
#6099 = EDGE_CURVE('',#6100,#6092,#6102,.T.);
#6100 = VERTEX_POINT('',#6101);
#6101 = CARTESIAN_POINT('',(19.538,4.887,0.));
#6102 = LINE('',#6103,#6104);
#6103 = CARTESIAN_POINT('',(19.538,4.887,0.));
#6104 = VECTOR('',#6105,1.);
#6105 = DIRECTION('',(0.,0.,1.));
#6106 = ORIENTED_EDGE('',*,*,#6107,.F.);
#6107 = EDGE_CURVE('',#6069,#6100,#6108,.T.);
#6108 = LINE('',#6109,#6110);
#6109 = CARTESIAN_POINT('',(19.47,4.932,0.));
#6110 = VECTOR('',#6111,1.);
#6111 = DIRECTION('',(0.833932205727,-0.551866900848,0.));
#6112 = PLANE('',#6113);
#6113 = AXIS2_PLACEMENT_3D('',#6114,#6115,#6116);
#6114 = CARTESIAN_POINT('',(19.47,4.932,0.));
#6115 = DIRECTION('',(0.551866900848,0.833932205727,-0.));
#6116 = DIRECTION('',(0.833932205727,-0.551866900848,0.));
#6117 = ADVANCED_FACE('',(#6118),#6143,.T.);
#6118 = FACE_BOUND('',#6119,.T.);
#6119 = EDGE_LOOP('',(#6120,#6121,#6129,#6137));
#6120 = ORIENTED_EDGE('',*,*,#6099,.T.);
#6121 = ORIENTED_EDGE('',*,*,#6122,.T.);
#6122 = EDGE_CURVE('',#6092,#6123,#6125,.T.);
#6123 = VERTEX_POINT('',#6124);
#6124 = CARTESIAN_POINT('',(19.613,4.856,0.4103624));
#6125 = LINE('',#6126,#6127);
#6126 = CARTESIAN_POINT('',(19.538,4.887,0.4103624));
#6127 = VECTOR('',#6128,1.);
#6128 = DIRECTION('',(0.924166879681,-0.381988976935,0.));
#6129 = ORIENTED_EDGE('',*,*,#6130,.F.);
#6130 = EDGE_CURVE('',#6131,#6123,#6133,.T.);
#6131 = VERTEX_POINT('',#6132);
#6132 = CARTESIAN_POINT('',(19.613,4.856,0.));
#6133 = LINE('',#6134,#6135);
#6134 = CARTESIAN_POINT('',(19.613,4.856,0.));
#6135 = VECTOR('',#6136,1.);
#6136 = DIRECTION('',(0.,0.,1.));
#6137 = ORIENTED_EDGE('',*,*,#6138,.F.);
#6138 = EDGE_CURVE('',#6100,#6131,#6139,.T.);
#6139 = LINE('',#6140,#6141);
#6140 = CARTESIAN_POINT('',(19.538,4.887,0.));
#6141 = VECTOR('',#6142,1.);
#6142 = DIRECTION('',(0.924166879681,-0.381988976935,0.));
#6143 = PLANE('',#6144);
#6144 = AXIS2_PLACEMENT_3D('',#6145,#6146,#6147);
#6145 = CARTESIAN_POINT('',(19.538,4.887,0.));
#6146 = DIRECTION('',(0.381988976935,0.924166879681,-0.));
#6147 = DIRECTION('',(0.924166879681,-0.381988976935,0.));
#6148 = ADVANCED_FACE('',(#6149),#6174,.T.);
#6149 = FACE_BOUND('',#6150,.T.);
#6150 = EDGE_LOOP('',(#6151,#6152,#6160,#6168));
#6151 = ORIENTED_EDGE('',*,*,#6130,.T.);
#6152 = ORIENTED_EDGE('',*,*,#6153,.T.);
#6153 = EDGE_CURVE('',#6123,#6154,#6156,.T.);
#6154 = VERTEX_POINT('',#6155);
#6155 = CARTESIAN_POINT('',(19.685,4.817,0.4103624));
#6156 = LINE('',#6157,#6158);
#6157 = CARTESIAN_POINT('',(19.613,4.856,0.4103624));
#6158 = VECTOR('',#6159,1.);
#6159 = DIRECTION('',(0.879291966537,-0.476283148541,0.));
#6160 = ORIENTED_EDGE('',*,*,#6161,.F.);
#6161 = EDGE_CURVE('',#6162,#6154,#6164,.T.);
#6162 = VERTEX_POINT('',#6163);
#6163 = CARTESIAN_POINT('',(19.685,4.817,0.));
#6164 = LINE('',#6165,#6166);
#6165 = CARTESIAN_POINT('',(19.685,4.817,0.));
#6166 = VECTOR('',#6167,1.);
#6167 = DIRECTION('',(0.,0.,1.));
#6168 = ORIENTED_EDGE('',*,*,#6169,.F.);
#6169 = EDGE_CURVE('',#6131,#6162,#6170,.T.);
#6170 = LINE('',#6171,#6172);
#6171 = CARTESIAN_POINT('',(19.613,4.856,0.));
#6172 = VECTOR('',#6173,1.);
#6173 = DIRECTION('',(0.879291966537,-0.476283148541,0.));
#6174 = PLANE('',#6175);
#6175 = AXIS2_PLACEMENT_3D('',#6176,#6177,#6178);
#6176 = CARTESIAN_POINT('',(19.613,4.856,0.));
#6177 = DIRECTION('',(0.476283148541,0.879291966537,-0.));
#6178 = DIRECTION('',(0.879291966537,-0.476283148541,0.));
#6179 = ADVANCED_FACE('',(#6180),#6205,.T.);
#6180 = FACE_BOUND('',#6181,.T.);
#6181 = EDGE_LOOP('',(#6182,#6183,#6191,#6199));
#6182 = ORIENTED_EDGE('',*,*,#6161,.T.);
#6183 = ORIENTED_EDGE('',*,*,#6184,.T.);
#6184 = EDGE_CURVE('',#6154,#6185,#6187,.T.);
#6185 = VERTEX_POINT('',#6186);
#6186 = CARTESIAN_POINT('',(19.763,4.794,0.4103624));
#6187 = LINE('',#6188,#6189);
#6188 = CARTESIAN_POINT('',(19.685,4.817,0.4103624));
#6189 = VECTOR('',#6190,1.);
#6190 = DIRECTION('',(0.959169457756,-0.282832019595,0.));
#6191 = ORIENTED_EDGE('',*,*,#6192,.F.);
#6192 = EDGE_CURVE('',#6193,#6185,#6195,.T.);
#6193 = VERTEX_POINT('',#6194);
#6194 = CARTESIAN_POINT('',(19.763,4.794,0.));
#6195 = LINE('',#6196,#6197);
#6196 = CARTESIAN_POINT('',(19.763,4.794,0.));
#6197 = VECTOR('',#6198,1.);
#6198 = DIRECTION('',(0.,0.,1.));
#6199 = ORIENTED_EDGE('',*,*,#6200,.F.);
#6200 = EDGE_CURVE('',#6162,#6193,#6201,.T.);
#6201 = LINE('',#6202,#6203);
#6202 = CARTESIAN_POINT('',(19.685,4.817,0.));
#6203 = VECTOR('',#6204,1.);
#6204 = DIRECTION('',(0.959169457756,-0.282832019595,0.));
#6205 = PLANE('',#6206);
#6206 = AXIS2_PLACEMENT_3D('',#6207,#6208,#6209);
#6207 = CARTESIAN_POINT('',(19.685,4.817,0.));
#6208 = DIRECTION('',(0.282832019595,0.959169457756,-0.));
#6209 = DIRECTION('',(0.959169457756,-0.282832019595,0.));
#6210 = ADVANCED_FACE('',(#6211),#6236,.T.);
#6211 = FACE_BOUND('',#6212,.T.);
#6212 = EDGE_LOOP('',(#6213,#6214,#6222,#6230));
#6213 = ORIENTED_EDGE('',*,*,#6192,.T.);
#6214 = ORIENTED_EDGE('',*,*,#6215,.T.);
#6215 = EDGE_CURVE('',#6185,#6216,#6218,.T.);
#6216 = VERTEX_POINT('',#6217);
#6217 = CARTESIAN_POINT('',(19.838,4.762,0.4103624));
#6218 = LINE('',#6219,#6220);
#6219 = CARTESIAN_POINT('',(19.763,4.794,0.4103624));
#6220 = VECTOR('',#6221,1.);
#6221 = DIRECTION('',(0.919778168081,-0.392438685048,0.));
#6222 = ORIENTED_EDGE('',*,*,#6223,.F.);
#6223 = EDGE_CURVE('',#6224,#6216,#6226,.T.);
#6224 = VERTEX_POINT('',#6225);
#6225 = CARTESIAN_POINT('',(19.838,4.762,0.));
#6226 = LINE('',#6227,#6228);
#6227 = CARTESIAN_POINT('',(19.838,4.762,0.));
#6228 = VECTOR('',#6229,1.);
#6229 = DIRECTION('',(0.,0.,1.));
#6230 = ORIENTED_EDGE('',*,*,#6231,.F.);
#6231 = EDGE_CURVE('',#6193,#6224,#6232,.T.);
#6232 = LINE('',#6233,#6234);
#6233 = CARTESIAN_POINT('',(19.763,4.794,0.));
#6234 = VECTOR('',#6235,1.);
#6235 = DIRECTION('',(0.919778168081,-0.392438685048,0.));
#6236 = PLANE('',#6237);
#6237 = AXIS2_PLACEMENT_3D('',#6238,#6239,#6240);
#6238 = CARTESIAN_POINT('',(19.763,4.794,0.));
#6239 = DIRECTION('',(0.392438685048,0.919778168081,-0.));
#6240 = DIRECTION('',(0.919778168081,-0.392438685048,0.));
#6241 = ADVANCED_FACE('',(#6242),#6267,.T.);
#6242 = FACE_BOUND('',#6243,.T.);
#6243 = EDGE_LOOP('',(#6244,#6245,#6253,#6261));
#6244 = ORIENTED_EDGE('',*,*,#6223,.T.);
#6245 = ORIENTED_EDGE('',*,*,#6246,.T.);
#6246 = EDGE_CURVE('',#6216,#6247,#6249,.T.);
#6247 = VERTEX_POINT('',#6248);
#6248 = CARTESIAN_POINT('',(19.918,4.747,0.4103624));
#6249 = LINE('',#6250,#6251);
#6250 = CARTESIAN_POINT('',(19.838,4.762,0.4103624));
#6251 = VECTOR('',#6252,1.);
#6252 = DIRECTION('',(0.982872186934,-0.18428853505,0.));
#6253 = ORIENTED_EDGE('',*,*,#6254,.F.);
#6254 = EDGE_CURVE('',#6255,#6247,#6257,.T.);
#6255 = VERTEX_POINT('',#6256);
#6256 = CARTESIAN_POINT('',(19.918,4.747,0.));
#6257 = LINE('',#6258,#6259);
#6258 = CARTESIAN_POINT('',(19.918,4.747,0.));
#6259 = VECTOR('',#6260,1.);
#6260 = DIRECTION('',(0.,0.,1.));
#6261 = ORIENTED_EDGE('',*,*,#6262,.F.);
#6262 = EDGE_CURVE('',#6224,#6255,#6263,.T.);
#6263 = LINE('',#6264,#6265);
#6264 = CARTESIAN_POINT('',(19.838,4.762,0.));
#6265 = VECTOR('',#6266,1.);
#6266 = DIRECTION('',(0.982872186934,-0.18428853505,0.));
#6267 = PLANE('',#6268);
#6268 = AXIS2_PLACEMENT_3D('',#6269,#6270,#6271);
#6269 = CARTESIAN_POINT('',(19.838,4.762,0.));
#6270 = DIRECTION('',(0.18428853505,0.982872186934,-0.));
#6271 = DIRECTION('',(0.982872186934,-0.18428853505,0.));
#6272 = ADVANCED_FACE('',(#6273),#6298,.T.);
#6273 = FACE_BOUND('',#6274,.T.);
#6274 = EDGE_LOOP('',(#6275,#6276,#6284,#6292));
#6275 = ORIENTED_EDGE('',*,*,#6254,.T.);
#6276 = ORIENTED_EDGE('',*,*,#6277,.T.);
#6277 = EDGE_CURVE('',#6247,#6278,#6280,.T.);
#6278 = VERTEX_POINT('',#6279);
#6279 = CARTESIAN_POINT('',(19.996,4.723,0.4103624));
#6280 = LINE('',#6281,#6282);
#6281 = CARTESIAN_POINT('',(19.918,4.747,0.4103624));
#6282 = VECTOR('',#6283,1.);
#6283 = DIRECTION('',(0.955779008722,-0.294085848838,0.));
#6284 = ORIENTED_EDGE('',*,*,#6285,.F.);
#6285 = EDGE_CURVE('',#6286,#6278,#6288,.T.);
#6286 = VERTEX_POINT('',#6287);
#6287 = CARTESIAN_POINT('',(19.996,4.723,0.));
#6288 = LINE('',#6289,#6290);
#6289 = CARTESIAN_POINT('',(19.996,4.723,0.));
#6290 = VECTOR('',#6291,1.);
#6291 = DIRECTION('',(0.,0.,1.));
#6292 = ORIENTED_EDGE('',*,*,#6293,.F.);
#6293 = EDGE_CURVE('',#6255,#6286,#6294,.T.);
#6294 = LINE('',#6295,#6296);
#6295 = CARTESIAN_POINT('',(19.918,4.747,0.));
#6296 = VECTOR('',#6297,1.);
#6297 = DIRECTION('',(0.955779008722,-0.294085848838,0.));
#6298 = PLANE('',#6299);
#6299 = AXIS2_PLACEMENT_3D('',#6300,#6301,#6302);
#6300 = CARTESIAN_POINT('',(19.918,4.747,0.));
#6301 = DIRECTION('',(0.294085848838,0.955779008722,-0.));
#6302 = DIRECTION('',(0.955779008722,-0.294085848838,0.));
#6303 = ADVANCED_FACE('',(#6304),#6329,.T.);
#6304 = FACE_BOUND('',#6305,.T.);
#6305 = EDGE_LOOP('',(#6306,#6307,#6315,#6323));
#6306 = ORIENTED_EDGE('',*,*,#6285,.T.);
#6307 = ORIENTED_EDGE('',*,*,#6308,.T.);
#6308 = EDGE_CURVE('',#6278,#6309,#6311,.T.);
#6309 = VERTEX_POINT('',#6310);
#6310 = CARTESIAN_POINT('',(20.077,4.715,0.4103624));
#6311 = LINE('',#6312,#6313);
#6312 = CARTESIAN_POINT('',(19.996,4.723,0.4103624));
#6313 = VECTOR('',#6314,1.);
#6314 = DIRECTION('',(0.995158089271,-9.828721869343E-02,0.));
#6315 = ORIENTED_EDGE('',*,*,#6316,.F.);
#6316 = EDGE_CURVE('',#6317,#6309,#6319,.T.);
#6317 = VERTEX_POINT('',#6318);
#6318 = CARTESIAN_POINT('',(20.077,4.715,0.));
#6319 = LINE('',#6320,#6321);
#6320 = CARTESIAN_POINT('',(20.077,4.715,0.));
#6321 = VECTOR('',#6322,1.);
#6322 = DIRECTION('',(0.,0.,1.));
#6323 = ORIENTED_EDGE('',*,*,#6324,.F.);
#6324 = EDGE_CURVE('',#6286,#6317,#6325,.T.);
#6325 = LINE('',#6326,#6327);
#6326 = CARTESIAN_POINT('',(19.996,4.723,0.));
#6327 = VECTOR('',#6328,1.);
#6328 = DIRECTION('',(0.995158089271,-9.828721869343E-02,0.));
#6329 = PLANE('',#6330);
#6330 = AXIS2_PLACEMENT_3D('',#6331,#6332,#6333);
#6331 = CARTESIAN_POINT('',(19.996,4.723,0.));
#6332 = DIRECTION('',(9.828721869343E-02,0.995158089271,-0.));
#6333 = DIRECTION('',(0.995158089271,-9.828721869343E-02,0.));
#6334 = ADVANCED_FACE('',(#6335),#6360,.T.);
#6335 = FACE_BOUND('',#6336,.T.);
#6336 = EDGE_LOOP('',(#6337,#6338,#6346,#6354));
#6337 = ORIENTED_EDGE('',*,*,#6316,.T.);
#6338 = ORIENTED_EDGE('',*,*,#6339,.T.);
#6339 = EDGE_CURVE('',#6309,#6340,#6342,.T.);
#6340 = VERTEX_POINT('',#6341);
#6341 = CARTESIAN_POINT('',(20.157,4.699,0.4103624));
#6342 = LINE('',#6343,#6344);
#6343 = CARTESIAN_POINT('',(20.077,4.715,0.4103624));
#6344 = VECTOR('',#6345,1.);
#6345 = DIRECTION('',(0.980580675691,-0.196116135138,0.));
#6346 = ORIENTED_EDGE('',*,*,#6347,.F.);
#6347 = EDGE_CURVE('',#6348,#6340,#6350,.T.);
#6348 = VERTEX_POINT('',#6349);
#6349 = CARTESIAN_POINT('',(20.157,4.699,0.));
#6350 = LINE('',#6351,#6352);
#6351 = CARTESIAN_POINT('',(20.157,4.699,0.));
#6352 = VECTOR('',#6353,1.);
#6353 = DIRECTION('',(0.,0.,1.));
#6354 = ORIENTED_EDGE('',*,*,#6355,.F.);
#6355 = EDGE_CURVE('',#6317,#6348,#6356,.T.);
#6356 = LINE('',#6357,#6358);
#6357 = CARTESIAN_POINT('',(20.077,4.715,0.));
#6358 = VECTOR('',#6359,1.);
#6359 = DIRECTION('',(0.980580675691,-0.196116135138,0.));
#6360 = PLANE('',#6361);
#6361 = AXIS2_PLACEMENT_3D('',#6362,#6363,#6364);
#6362 = CARTESIAN_POINT('',(20.077,4.715,0.));
#6363 = DIRECTION('',(0.196116135138,0.980580675691,-0.));
#6364 = DIRECTION('',(0.980580675691,-0.196116135138,0.));
#6365 = ADVANCED_FACE('',(#6366),#6391,.T.);
#6366 = FACE_BOUND('',#6367,.T.);
#6367 = EDGE_LOOP('',(#6368,#6369,#6377,#6385));
#6368 = ORIENTED_EDGE('',*,*,#6347,.T.);
#6369 = ORIENTED_EDGE('',*,*,#6370,.T.);
#6370 = EDGE_CURVE('',#6340,#6371,#6373,.T.);
#6371 = VERTEX_POINT('',#6372);
#6372 = CARTESIAN_POINT('',(20.239,4.699,0.4103624));
#6373 = LINE('',#6374,#6375);
#6374 = CARTESIAN_POINT('',(20.157,4.699,0.4103624));
#6375 = VECTOR('',#6376,1.);
#6376 = DIRECTION('',(1.,0.,0.));
#6377 = ORIENTED_EDGE('',*,*,#6378,.F.);
#6378 = EDGE_CURVE('',#6379,#6371,#6381,.T.);
#6379 = VERTEX_POINT('',#6380);
#6380 = CARTESIAN_POINT('',(20.239,4.699,0.));
#6381 = LINE('',#6382,#6383);
#6382 = CARTESIAN_POINT('',(20.239,4.699,0.));
#6383 = VECTOR('',#6384,1.);
#6384 = DIRECTION('',(0.,0.,1.));
#6385 = ORIENTED_EDGE('',*,*,#6386,.F.);
#6386 = EDGE_CURVE('',#6348,#6379,#6387,.T.);
#6387 = LINE('',#6388,#6389);
#6388 = CARTESIAN_POINT('',(20.157,4.699,0.));
#6389 = VECTOR('',#6390,1.);
#6390 = DIRECTION('',(1.,0.,0.));
#6391 = PLANE('',#6392);
#6392 = AXIS2_PLACEMENT_3D('',#6393,#6394,#6395);
#6393 = CARTESIAN_POINT('',(20.157,4.699,0.));
#6394 = DIRECTION('',(0.,1.,0.));
#6395 = DIRECTION('',(1.,0.,0.));
#6396 = ADVANCED_FACE('',(#6397),#6422,.T.);
#6397 = FACE_BOUND('',#6398,.T.);
#6398 = EDGE_LOOP('',(#6399,#6400,#6408,#6416));
#6399 = ORIENTED_EDGE('',*,*,#6378,.T.);
#6400 = ORIENTED_EDGE('',*,*,#6401,.T.);
#6401 = EDGE_CURVE('',#6371,#6402,#6404,.T.);
#6402 = VERTEX_POINT('',#6403);
#6403 = CARTESIAN_POINT('',(20.32,4.691,0.4103624));
#6404 = LINE('',#6405,#6406);
#6405 = CARTESIAN_POINT('',(20.239,4.699,0.4103624));
#6406 = VECTOR('',#6407,1.);
#6407 = DIRECTION('',(0.995158089271,-9.828721869343E-02,0.));
#6408 = ORIENTED_EDGE('',*,*,#6409,.F.);
#6409 = EDGE_CURVE('',#6410,#6402,#6412,.T.);
#6410 = VERTEX_POINT('',#6411);
#6411 = CARTESIAN_POINT('',(20.32,4.691,0.));
#6412 = LINE('',#6413,#6414);
#6413 = CARTESIAN_POINT('',(20.32,4.691,0.));
#6414 = VECTOR('',#6415,1.);
#6415 = DIRECTION('',(0.,0.,1.));
#6416 = ORIENTED_EDGE('',*,*,#6417,.F.);
#6417 = EDGE_CURVE('',#6379,#6410,#6418,.T.);
#6418 = LINE('',#6419,#6420);
#6419 = CARTESIAN_POINT('',(20.239,4.699,0.));
#6420 = VECTOR('',#6421,1.);
#6421 = DIRECTION('',(0.995158089271,-9.828721869343E-02,0.));
#6422 = PLANE('',#6423);
#6423 = AXIS2_PLACEMENT_3D('',#6424,#6425,#6426);
#6424 = CARTESIAN_POINT('',(20.239,4.699,0.));
#6425 = DIRECTION('',(9.828721869343E-02,0.995158089271,-0.));
#6426 = DIRECTION('',(0.995158089271,-9.828721869343E-02,0.));
#6427 = ADVANCED_FACE('',(#6428),#6453,.T.);
#6428 = FACE_BOUND('',#6429,.T.);
#6429 = EDGE_LOOP('',(#6430,#6431,#6439,#6447));
#6430 = ORIENTED_EDGE('',*,*,#6409,.T.);
#6431 = ORIENTED_EDGE('',*,*,#6432,.T.);
#6432 = EDGE_CURVE('',#6402,#6433,#6435,.T.);
#6433 = VERTEX_POINT('',#6434);
#6434 = CARTESIAN_POINT('',(20.401,4.699,0.4103624));
#6435 = LINE('',#6436,#6437);
#6436 = CARTESIAN_POINT('',(20.32,4.691,0.4103624));
#6437 = VECTOR('',#6438,1.);
#6438 = DIRECTION('',(0.995158089271,9.828721869343E-02,0.));
#6439 = ORIENTED_EDGE('',*,*,#6440,.F.);
#6440 = EDGE_CURVE('',#6441,#6433,#6443,.T.);
#6441 = VERTEX_POINT('',#6442);
#6442 = CARTESIAN_POINT('',(20.401,4.699,0.));
#6443 = LINE('',#6444,#6445);
#6444 = CARTESIAN_POINT('',(20.401,4.699,0.));
#6445 = VECTOR('',#6446,1.);
#6446 = DIRECTION('',(0.,0.,1.));
#6447 = ORIENTED_EDGE('',*,*,#6448,.F.);
#6448 = EDGE_CURVE('',#6410,#6441,#6449,.T.);
#6449 = LINE('',#6450,#6451);
#6450 = CARTESIAN_POINT('',(20.32,4.691,0.));
#6451 = VECTOR('',#6452,1.);
#6452 = DIRECTION('',(0.995158089271,9.828721869343E-02,0.));
#6453 = PLANE('',#6454);
#6454 = AXIS2_PLACEMENT_3D('',#6455,#6456,#6457);
#6455 = CARTESIAN_POINT('',(20.32,4.691,0.));
#6456 = DIRECTION('',(-9.828721869343E-02,0.995158089271,0.));
#6457 = DIRECTION('',(0.995158089271,9.828721869343E-02,0.));
#6458 = ADVANCED_FACE('',(#6459),#6484,.T.);
#6459 = FACE_BOUND('',#6460,.T.);
#6460 = EDGE_LOOP('',(#6461,#6462,#6470,#6478));
#6461 = ORIENTED_EDGE('',*,*,#6440,.T.);
#6462 = ORIENTED_EDGE('',*,*,#6463,.T.);
#6463 = EDGE_CURVE('',#6433,#6464,#6466,.T.);
#6464 = VERTEX_POINT('',#6465);
#6465 = CARTESIAN_POINT('',(20.483,4.699,0.4103624));
#6466 = LINE('',#6467,#6468);
#6467 = CARTESIAN_POINT('',(20.401,4.699,0.4103624));
#6468 = VECTOR('',#6469,1.);
#6469 = DIRECTION('',(1.,0.,0.));
#6470 = ORIENTED_EDGE('',*,*,#6471,.F.);
#6471 = EDGE_CURVE('',#6472,#6464,#6474,.T.);
#6472 = VERTEX_POINT('',#6473);
#6473 = CARTESIAN_POINT('',(20.483,4.699,0.));
#6474 = LINE('',#6475,#6476);
#6475 = CARTESIAN_POINT('',(20.483,4.699,0.));
#6476 = VECTOR('',#6477,1.);
#6477 = DIRECTION('',(0.,0.,1.));
#6478 = ORIENTED_EDGE('',*,*,#6479,.F.);
#6479 = EDGE_CURVE('',#6441,#6472,#6480,.T.);
#6480 = LINE('',#6481,#6482);
#6481 = CARTESIAN_POINT('',(20.401,4.699,0.));
#6482 = VECTOR('',#6483,1.);
#6483 = DIRECTION('',(1.,0.,0.));
#6484 = PLANE('',#6485);
#6485 = AXIS2_PLACEMENT_3D('',#6486,#6487,#6488);
#6486 = CARTESIAN_POINT('',(20.401,4.699,0.));
#6487 = DIRECTION('',(0.,1.,0.));
#6488 = DIRECTION('',(1.,0.,0.));
#6489 = ADVANCED_FACE('',(#6490),#6515,.T.);
#6490 = FACE_BOUND('',#6491,.T.);
#6491 = EDGE_LOOP('',(#6492,#6493,#6501,#6509));
#6492 = ORIENTED_EDGE('',*,*,#6471,.T.);
#6493 = ORIENTED_EDGE('',*,*,#6494,.T.);
#6494 = EDGE_CURVE('',#6464,#6495,#6497,.T.);
#6495 = VERTEX_POINT('',#6496);
#6496 = CARTESIAN_POINT('',(20.563,4.715,0.4103624));
#6497 = LINE('',#6498,#6499);
#6498 = CARTESIAN_POINT('',(20.483,4.699,0.4103624));
#6499 = VECTOR('',#6500,1.);
#6500 = DIRECTION('',(0.980580675691,0.196116135138,0.));
#6501 = ORIENTED_EDGE('',*,*,#6502,.F.);
#6502 = EDGE_CURVE('',#6503,#6495,#6505,.T.);
#6503 = VERTEX_POINT('',#6504);
#6504 = CARTESIAN_POINT('',(20.563,4.715,0.));
#6505 = LINE('',#6506,#6507);
#6506 = CARTESIAN_POINT('',(20.563,4.715,0.));
#6507 = VECTOR('',#6508,1.);
#6508 = DIRECTION('',(0.,0.,1.));
#6509 = ORIENTED_EDGE('',*,*,#6510,.F.);
#6510 = EDGE_CURVE('',#6472,#6503,#6511,.T.);
#6511 = LINE('',#6512,#6513);
#6512 = CARTESIAN_POINT('',(20.483,4.699,0.));
#6513 = VECTOR('',#6514,1.);
#6514 = DIRECTION('',(0.980580675691,0.196116135138,0.));
#6515 = PLANE('',#6516);
#6516 = AXIS2_PLACEMENT_3D('',#6517,#6518,#6519);
#6517 = CARTESIAN_POINT('',(20.483,4.699,0.));
#6518 = DIRECTION('',(-0.196116135138,0.980580675691,0.));
#6519 = DIRECTION('',(0.980580675691,0.196116135138,0.));
#6520 = ADVANCED_FACE('',(#6521),#6546,.T.);
#6521 = FACE_BOUND('',#6522,.T.);
#6522 = EDGE_LOOP('',(#6523,#6524,#6532,#6540));
#6523 = ORIENTED_EDGE('',*,*,#6502,.T.);
#6524 = ORIENTED_EDGE('',*,*,#6525,.T.);
#6525 = EDGE_CURVE('',#6495,#6526,#6528,.T.);
#6526 = VERTEX_POINT('',#6527);
#6527 = CARTESIAN_POINT('',(20.644,4.723,0.4103624));
#6528 = LINE('',#6529,#6530);
#6529 = CARTESIAN_POINT('',(20.563,4.715,0.4103624));
#6530 = VECTOR('',#6531,1.);
#6531 = DIRECTION('',(0.995158089271,9.828721869343E-02,0.));
#6532 = ORIENTED_EDGE('',*,*,#6533,.F.);
#6533 = EDGE_CURVE('',#6534,#6526,#6536,.T.);
#6534 = VERTEX_POINT('',#6535);
#6535 = CARTESIAN_POINT('',(20.644,4.723,0.));
#6536 = LINE('',#6537,#6538);
#6537 = CARTESIAN_POINT('',(20.644,4.723,0.));
#6538 = VECTOR('',#6539,1.);
#6539 = DIRECTION('',(0.,0.,1.));
#6540 = ORIENTED_EDGE('',*,*,#6541,.F.);
#6541 = EDGE_CURVE('',#6503,#6534,#6542,.T.);
#6542 = LINE('',#6543,#6544);
#6543 = CARTESIAN_POINT('',(20.563,4.715,0.));
#6544 = VECTOR('',#6545,1.);
#6545 = DIRECTION('',(0.995158089271,9.828721869343E-02,0.));
#6546 = PLANE('',#6547);
#6547 = AXIS2_PLACEMENT_3D('',#6548,#6549,#6550);
#6548 = CARTESIAN_POINT('',(20.563,4.715,0.));
#6549 = DIRECTION('',(-9.828721869343E-02,0.995158089271,0.));
#6550 = DIRECTION('',(0.995158089271,9.828721869343E-02,0.));
#6551 = ADVANCED_FACE('',(#6552),#6577,.T.);
#6552 = FACE_BOUND('',#6553,.T.);
#6553 = EDGE_LOOP('',(#6554,#6555,#6563,#6571));
#6554 = ORIENTED_EDGE('',*,*,#6533,.T.);
#6555 = ORIENTED_EDGE('',*,*,#6556,.T.);
#6556 = EDGE_CURVE('',#6526,#6557,#6559,.T.);
#6557 = VERTEX_POINT('',#6558);
#6558 = CARTESIAN_POINT('',(20.722,4.747,0.4103624));
#6559 = LINE('',#6560,#6561);
#6560 = CARTESIAN_POINT('',(20.644,4.723,0.4103624));
#6561 = VECTOR('',#6562,1.);
#6562 = DIRECTION('',(0.955779008722,0.294085848838,0.));
#6563 = ORIENTED_EDGE('',*,*,#6564,.F.);
#6564 = EDGE_CURVE('',#6565,#6557,#6567,.T.);
#6565 = VERTEX_POINT('',#6566);
#6566 = CARTESIAN_POINT('',(20.722,4.747,0.));
#6567 = LINE('',#6568,#6569);
#6568 = CARTESIAN_POINT('',(20.722,4.747,0.));
#6569 = VECTOR('',#6570,1.);
#6570 = DIRECTION('',(0.,0.,1.));
#6571 = ORIENTED_EDGE('',*,*,#6572,.F.);
#6572 = EDGE_CURVE('',#6534,#6565,#6573,.T.);
#6573 = LINE('',#6574,#6575);
#6574 = CARTESIAN_POINT('',(20.644,4.723,0.));
#6575 = VECTOR('',#6576,1.);
#6576 = DIRECTION('',(0.955779008722,0.294085848838,0.));
#6577 = PLANE('',#6578);
#6578 = AXIS2_PLACEMENT_3D('',#6579,#6580,#6581);
#6579 = CARTESIAN_POINT('',(20.644,4.723,0.));
#6580 = DIRECTION('',(-0.294085848838,0.955779008722,0.));
#6581 = DIRECTION('',(0.955779008722,0.294085848838,0.));
#6582 = ADVANCED_FACE('',(#6583),#6608,.T.);
#6583 = FACE_BOUND('',#6584,.T.);
#6584 = EDGE_LOOP('',(#6585,#6586,#6594,#6602));
#6585 = ORIENTED_EDGE('',*,*,#6564,.T.);
#6586 = ORIENTED_EDGE('',*,*,#6587,.T.);
#6587 = EDGE_CURVE('',#6557,#6588,#6590,.T.);
#6588 = VERTEX_POINT('',#6589);
#6589 = CARTESIAN_POINT('',(20.802,4.762,0.4103624));
#6590 = LINE('',#6591,#6592);
#6591 = CARTESIAN_POINT('',(20.722,4.747,0.4103624));
#6592 = VECTOR('',#6593,1.);
#6593 = DIRECTION('',(0.982872186934,0.18428853505,0.));
#6594 = ORIENTED_EDGE('',*,*,#6595,.F.);
#6595 = EDGE_CURVE('',#6596,#6588,#6598,.T.);
#6596 = VERTEX_POINT('',#6597);
#6597 = CARTESIAN_POINT('',(20.802,4.762,0.));
#6598 = LINE('',#6599,#6600);
#6599 = CARTESIAN_POINT('',(20.802,4.762,0.));
#6600 = VECTOR('',#6601,1.);
#6601 = DIRECTION('',(0.,0.,1.));
#6602 = ORIENTED_EDGE('',*,*,#6603,.F.);
#6603 = EDGE_CURVE('',#6565,#6596,#6604,.T.);
#6604 = LINE('',#6605,#6606);
#6605 = CARTESIAN_POINT('',(20.722,4.747,0.));
#6606 = VECTOR('',#6607,1.);
#6607 = DIRECTION('',(0.982872186934,0.18428853505,0.));
#6608 = PLANE('',#6609);
#6609 = AXIS2_PLACEMENT_3D('',#6610,#6611,#6612);
#6610 = CARTESIAN_POINT('',(20.722,4.747,0.));
#6611 = DIRECTION('',(-0.18428853505,0.982872186934,0.));
#6612 = DIRECTION('',(0.982872186934,0.18428853505,0.));
#6613 = ADVANCED_FACE('',(#6614),#6639,.T.);
#6614 = FACE_BOUND('',#6615,.T.);
#6615 = EDGE_LOOP('',(#6616,#6617,#6625,#6633));
#6616 = ORIENTED_EDGE('',*,*,#6595,.T.);
#6617 = ORIENTED_EDGE('',*,*,#6618,.T.);
#6618 = EDGE_CURVE('',#6588,#6619,#6621,.T.);
#6619 = VERTEX_POINT('',#6620);
#6620 = CARTESIAN_POINT('',(20.877,4.794,0.4103624));
#6621 = LINE('',#6622,#6623);
#6622 = CARTESIAN_POINT('',(20.802,4.762,0.4103624));
#6623 = VECTOR('',#6624,1.);
#6624 = DIRECTION('',(0.919778168081,0.392438685048,0.));
#6625 = ORIENTED_EDGE('',*,*,#6626,.F.);
#6626 = EDGE_CURVE('',#6627,#6619,#6629,.T.);
#6627 = VERTEX_POINT('',#6628);
#6628 = CARTESIAN_POINT('',(20.877,4.794,0.));
#6629 = LINE('',#6630,#6631);
#6630 = CARTESIAN_POINT('',(20.877,4.794,0.));
#6631 = VECTOR('',#6632,1.);
#6632 = DIRECTION('',(0.,0.,1.));
#6633 = ORIENTED_EDGE('',*,*,#6634,.F.);
#6634 = EDGE_CURVE('',#6596,#6627,#6635,.T.);
#6635 = LINE('',#6636,#6637);
#6636 = CARTESIAN_POINT('',(20.802,4.762,0.));
#6637 = VECTOR('',#6638,1.);
#6638 = DIRECTION('',(0.919778168081,0.392438685048,0.));
#6639 = PLANE('',#6640);
#6640 = AXIS2_PLACEMENT_3D('',#6641,#6642,#6643);
#6641 = CARTESIAN_POINT('',(20.802,4.762,0.));
#6642 = DIRECTION('',(-0.392438685048,0.919778168081,0.));
#6643 = DIRECTION('',(0.919778168081,0.392438685048,0.));
#6644 = ADVANCED_FACE('',(#6645),#6670,.T.);
#6645 = FACE_BOUND('',#6646,.T.);
#6646 = EDGE_LOOP('',(#6647,#6648,#6656,#6664));
#6647 = ORIENTED_EDGE('',*,*,#6626,.T.);
#6648 = ORIENTED_EDGE('',*,*,#6649,.T.);
#6649 = EDGE_CURVE('',#6619,#6650,#6652,.T.);
#6650 = VERTEX_POINT('',#6651);
#6651 = CARTESIAN_POINT('',(20.955,4.817,0.4103624));
#6652 = LINE('',#6653,#6654);
#6653 = CARTESIAN_POINT('',(20.877,4.794,0.4103624));
#6654 = VECTOR('',#6655,1.);
#6655 = DIRECTION('',(0.959169457756,0.282832019595,0.));
#6656 = ORIENTED_EDGE('',*,*,#6657,.F.);
#6657 = EDGE_CURVE('',#6658,#6650,#6660,.T.);
#6658 = VERTEX_POINT('',#6659);
#6659 = CARTESIAN_POINT('',(20.955,4.817,0.));
#6660 = LINE('',#6661,#6662);
#6661 = CARTESIAN_POINT('',(20.955,4.817,0.));
#6662 = VECTOR('',#6663,1.);
#6663 = DIRECTION('',(0.,0.,1.));
#6664 = ORIENTED_EDGE('',*,*,#6665,.F.);
#6665 = EDGE_CURVE('',#6627,#6658,#6666,.T.);
#6666 = LINE('',#6667,#6668);
#6667 = CARTESIAN_POINT('',(20.877,4.794,0.));
#6668 = VECTOR('',#6669,1.);
#6669 = DIRECTION('',(0.959169457756,0.282832019595,0.));
#6670 = PLANE('',#6671);
#6671 = AXIS2_PLACEMENT_3D('',#6672,#6673,#6674);
#6672 = CARTESIAN_POINT('',(20.877,4.794,0.));
#6673 = DIRECTION('',(-0.282832019595,0.959169457756,0.));
#6674 = DIRECTION('',(0.959169457756,0.282832019595,0.));
#6675 = ADVANCED_FACE('',(#6676),#6701,.T.);
#6676 = FACE_BOUND('',#6677,.T.);
#6677 = EDGE_LOOP('',(#6678,#6679,#6687,#6695));
#6678 = ORIENTED_EDGE('',*,*,#6657,.T.);
#6679 = ORIENTED_EDGE('',*,*,#6680,.T.);
#6680 = EDGE_CURVE('',#6650,#6681,#6683,.T.);
#6681 = VERTEX_POINT('',#6682);
#6682 = CARTESIAN_POINT('',(21.027,4.856,0.4103624));
#6683 = LINE('',#6684,#6685);
#6684 = CARTESIAN_POINT('',(20.955,4.817,0.4103624));
#6685 = VECTOR('',#6686,1.);
#6686 = DIRECTION('',(0.879291966537,0.476283148541,0.));
#6687 = ORIENTED_EDGE('',*,*,#6688,.F.);
#6688 = EDGE_CURVE('',#6689,#6681,#6691,.T.);
#6689 = VERTEX_POINT('',#6690);
#6690 = CARTESIAN_POINT('',(21.027,4.856,0.));
#6691 = LINE('',#6692,#6693);
#6692 = CARTESIAN_POINT('',(21.027,4.856,0.));
#6693 = VECTOR('',#6694,1.);
#6694 = DIRECTION('',(0.,0.,1.));
#6695 = ORIENTED_EDGE('',*,*,#6696,.F.);
#6696 = EDGE_CURVE('',#6658,#6689,#6697,.T.);
#6697 = LINE('',#6698,#6699);
#6698 = CARTESIAN_POINT('',(20.955,4.817,0.));
#6699 = VECTOR('',#6700,1.);
#6700 = DIRECTION('',(0.879291966537,0.476283148541,0.));
#6701 = PLANE('',#6702);
#6702 = AXIS2_PLACEMENT_3D('',#6703,#6704,#6705);
#6703 = CARTESIAN_POINT('',(20.955,4.817,0.));
#6704 = DIRECTION('',(-0.476283148541,0.879291966537,0.));
#6705 = DIRECTION('',(0.879291966537,0.476283148541,0.));
#6706 = ADVANCED_FACE('',(#6707),#6732,.T.);
#6707 = FACE_BOUND('',#6708,.T.);
#6708 = EDGE_LOOP('',(#6709,#6710,#6718,#6726));
#6709 = ORIENTED_EDGE('',*,*,#6688,.T.);
#6710 = ORIENTED_EDGE('',*,*,#6711,.T.);
#6711 = EDGE_CURVE('',#6681,#6712,#6714,.T.);
#6712 = VERTEX_POINT('',#6713);
#6713 = CARTESIAN_POINT('',(21.102,4.887,0.4103624));
#6714 = LINE('',#6715,#6716);
#6715 = CARTESIAN_POINT('',(21.027,4.856,0.4103624));
#6716 = VECTOR('',#6717,1.);
#6717 = DIRECTION('',(0.924166879681,0.381988976935,0.));
#6718 = ORIENTED_EDGE('',*,*,#6719,.F.);
#6719 = EDGE_CURVE('',#6720,#6712,#6722,.T.);
#6720 = VERTEX_POINT('',#6721);
#6721 = CARTESIAN_POINT('',(21.102,4.887,0.));
#6722 = LINE('',#6723,#6724);
#6723 = CARTESIAN_POINT('',(21.102,4.887,0.));
#6724 = VECTOR('',#6725,1.);
#6725 = DIRECTION('',(0.,0.,1.));
#6726 = ORIENTED_EDGE('',*,*,#6727,.F.);
#6727 = EDGE_CURVE('',#6689,#6720,#6728,.T.);
#6728 = LINE('',#6729,#6730);
#6729 = CARTESIAN_POINT('',(21.027,4.856,0.));
#6730 = VECTOR('',#6731,1.);
#6731 = DIRECTION('',(0.924166879681,0.381988976935,0.));
#6732 = PLANE('',#6733);
#6733 = AXIS2_PLACEMENT_3D('',#6734,#6735,#6736);
#6734 = CARTESIAN_POINT('',(21.027,4.856,0.));
#6735 = DIRECTION('',(-0.381988976935,0.924166879681,0.));
#6736 = DIRECTION('',(0.924166879681,0.381988976935,0.));
#6737 = ADVANCED_FACE('',(#6738),#6763,.T.);
#6738 = FACE_BOUND('',#6739,.T.);
#6739 = EDGE_LOOP('',(#6740,#6741,#6749,#6757));
#6740 = ORIENTED_EDGE('',*,*,#6719,.T.);
#6741 = ORIENTED_EDGE('',*,*,#6742,.T.);
#6742 = EDGE_CURVE('',#6712,#6743,#6745,.T.);
#6743 = VERTEX_POINT('',#6744);
#6744 = CARTESIAN_POINT('',(21.17,4.932,0.4103624));
#6745 = LINE('',#6746,#6747);
#6746 = CARTESIAN_POINT('',(21.102,4.887,0.4103624));
#6747 = VECTOR('',#6748,1.);
#6748 = DIRECTION('',(0.833932205727,0.551866900848,0.));
#6749 = ORIENTED_EDGE('',*,*,#6750,.F.);
#6750 = EDGE_CURVE('',#6751,#6743,#6753,.T.);
#6751 = VERTEX_POINT('',#6752);
#6752 = CARTESIAN_POINT('',(21.17,4.932,0.));
#6753 = LINE('',#6754,#6755);
#6754 = CARTESIAN_POINT('',(21.17,4.932,0.));
#6755 = VECTOR('',#6756,1.);
#6756 = DIRECTION('',(0.,0.,1.));
#6757 = ORIENTED_EDGE('',*,*,#6758,.F.);
#6758 = EDGE_CURVE('',#6720,#6751,#6759,.T.);
#6759 = LINE('',#6760,#6761);
#6760 = CARTESIAN_POINT('',(21.102,4.887,0.));
#6761 = VECTOR('',#6762,1.);
#6762 = DIRECTION('',(0.833932205727,0.551866900848,0.));
#6763 = PLANE('',#6764);
#6764 = AXIS2_PLACEMENT_3D('',#6765,#6766,#6767);
#6765 = CARTESIAN_POINT('',(21.102,4.887,0.));
#6766 = DIRECTION('',(-0.551866900848,0.833932205727,0.));
#6767 = DIRECTION('',(0.833932205727,0.551866900848,0.));
#6768 = ADVANCED_FACE('',(#6769),#6794,.T.);
#6769 = FACE_BOUND('',#6770,.T.);
#6770 = EDGE_LOOP('',(#6771,#6772,#6780,#6788));
#6771 = ORIENTED_EDGE('',*,*,#6750,.T.);
#6772 = ORIENTED_EDGE('',*,*,#6773,.T.);
#6773 = EDGE_CURVE('',#6743,#6774,#6776,.T.);
#6774 = VERTEX_POINT('',#6775);
#6775 = CARTESIAN_POINT('',(21.242,4.971,0.4103624));
#6776 = LINE('',#6777,#6778);
#6777 = CARTESIAN_POINT('',(21.17,4.932,0.4103624));
#6778 = VECTOR('',#6779,1.);
#6779 = DIRECTION('',(0.879291966537,0.476283148541,0.));
#6780 = ORIENTED_EDGE('',*,*,#6781,.F.);
#6781 = EDGE_CURVE('',#6782,#6774,#6784,.T.);
#6782 = VERTEX_POINT('',#6783);
#6783 = CARTESIAN_POINT('',(21.242,4.971,0.));
#6784 = LINE('',#6785,#6786);
#6785 = CARTESIAN_POINT('',(21.242,4.971,0.));
#6786 = VECTOR('',#6787,1.);
#6787 = DIRECTION('',(0.,0.,1.));
#6788 = ORIENTED_EDGE('',*,*,#6789,.F.);
#6789 = EDGE_CURVE('',#6751,#6782,#6790,.T.);
#6790 = LINE('',#6791,#6792);
#6791 = CARTESIAN_POINT('',(21.17,4.932,0.));
#6792 = VECTOR('',#6793,1.);
#6793 = DIRECTION('',(0.879291966537,0.476283148541,0.));
#6794 = PLANE('',#6795);
#6795 = AXIS2_PLACEMENT_3D('',#6796,#6797,#6798);
#6796 = CARTESIAN_POINT('',(21.17,4.932,0.));
#6797 = DIRECTION('',(-0.476283148541,0.879291966537,0.));
#6798 = DIRECTION('',(0.879291966537,0.476283148541,0.));
#6799 = ADVANCED_FACE('',(#6800),#6825,.T.);
#6800 = FACE_BOUND('',#6801,.T.);
#6801 = EDGE_LOOP('',(#6802,#6803,#6811,#6819));
#6802 = ORIENTED_EDGE('',*,*,#6781,.T.);
#6803 = ORIENTED_EDGE('',*,*,#6804,.T.);
#6804 = EDGE_CURVE('',#6774,#6805,#6807,.T.);
#6805 = VERTEX_POINT('',#6806);
#6806 = CARTESIAN_POINT('',(21.305,5.022,0.4103624));
#6807 = LINE('',#6808,#6809);
#6808 = CARTESIAN_POINT('',(21.242,4.971,0.4103624));
#6809 = VECTOR('',#6810,1.);
#6810 = DIRECTION('',(0.777244870707,0.629198228668,0.));
#6811 = ORIENTED_EDGE('',*,*,#6812,.F.);
#6812 = EDGE_CURVE('',#6813,#6805,#6815,.T.);
#6813 = VERTEX_POINT('',#6814);
#6814 = CARTESIAN_POINT('',(21.305,5.022,0.));
#6815 = LINE('',#6816,#6817);
#6816 = CARTESIAN_POINT('',(21.305,5.022,0.));
#6817 = VECTOR('',#6818,1.);
#6818 = DIRECTION('',(0.,0.,1.));
#6819 = ORIENTED_EDGE('',*,*,#6820,.F.);
#6820 = EDGE_CURVE('',#6782,#6813,#6821,.T.);
#6821 = LINE('',#6822,#6823);
#6822 = CARTESIAN_POINT('',(21.242,4.971,0.));
#6823 = VECTOR('',#6824,1.);
#6824 = DIRECTION('',(0.777244870707,0.629198228668,0.));
#6825 = PLANE('',#6826);
#6826 = AXIS2_PLACEMENT_3D('',#6827,#6828,#6829);
#6827 = CARTESIAN_POINT('',(21.242,4.971,0.));
#6828 = DIRECTION('',(-0.629198228668,0.777244870707,0.));
#6829 = DIRECTION('',(0.777244870707,0.629198228668,0.));
#6830 = ADVANCED_FACE('',(#6831),#6856,.T.);
#6831 = FACE_BOUND('',#6832,.T.);
#6832 = EDGE_LOOP('',(#6833,#6834,#6842,#6850));
#6833 = ORIENTED_EDGE('',*,*,#6812,.T.);
#6834 = ORIENTED_EDGE('',*,*,#6835,.T.);
#6835 = EDGE_CURVE('',#6805,#6836,#6838,.T.);
#6836 = VERTEX_POINT('',#6837);
#6837 = CARTESIAN_POINT('',(21.372,5.068,0.4103624));
#6838 = LINE('',#6839,#6840);
#6839 = CARTESIAN_POINT('',(21.305,5.022,0.4103624));
#6840 = VECTOR('',#6841,1.);
#6841 = DIRECTION('',(0.824400775661,0.566006502692,0.));
#6842 = ORIENTED_EDGE('',*,*,#6843,.F.);
#6843 = EDGE_CURVE('',#6844,#6836,#6846,.T.);
#6844 = VERTEX_POINT('',#6845);
#6845 = CARTESIAN_POINT('',(21.372,5.068,0.));
#6846 = LINE('',#6847,#6848);
#6847 = CARTESIAN_POINT('',(21.372,5.068,0.));
#6848 = VECTOR('',#6849,1.);
#6849 = DIRECTION('',(0.,0.,1.));
#6850 = ORIENTED_EDGE('',*,*,#6851,.F.);
#6851 = EDGE_CURVE('',#6813,#6844,#6852,.T.);
#6852 = LINE('',#6853,#6854);
#6853 = CARTESIAN_POINT('',(21.305,5.022,0.));
#6854 = VECTOR('',#6855,1.);
#6855 = DIRECTION('',(0.824400775661,0.566006502692,0.));
#6856 = PLANE('',#6857);
#6857 = AXIS2_PLACEMENT_3D('',#6858,#6859,#6860);
#6858 = CARTESIAN_POINT('',(21.305,5.022,0.));
#6859 = DIRECTION('',(-0.566006502692,0.824400775661,0.));
#6860 = DIRECTION('',(0.824400775661,0.566006502692,0.));
#6861 = ADVANCED_FACE('',(#6862),#6887,.T.);
#6862 = FACE_BOUND('',#6863,.T.);
#6863 = EDGE_LOOP('',(#6864,#6865,#6873,#6881));
#6864 = ORIENTED_EDGE('',*,*,#6843,.T.);
#6865 = ORIENTED_EDGE('',*,*,#6866,.T.);
#6866 = EDGE_CURVE('',#6836,#6867,#6869,.T.);
#6867 = VERTEX_POINT('',#6868);
#6868 = CARTESIAN_POINT('',(21.43,5.125,0.4103624));
#6869 = LINE('',#6870,#6871);
#6870 = CARTESIAN_POINT('',(21.372,5.068,0.4103624));
#6871 = VECTOR('',#6872,1.);
#6872 = DIRECTION('',(0.713228571152,0.700931526822,0.));
#6873 = ORIENTED_EDGE('',*,*,#6874,.F.);
#6874 = EDGE_CURVE('',#6875,#6867,#6877,.T.);
#6875 = VERTEX_POINT('',#6876);
#6876 = CARTESIAN_POINT('',(21.43,5.125,0.));
#6877 = LINE('',#6878,#6879);
#6878 = CARTESIAN_POINT('',(21.43,5.125,0.));
#6879 = VECTOR('',#6880,1.);
#6880 = DIRECTION('',(0.,0.,1.));
#6881 = ORIENTED_EDGE('',*,*,#6882,.F.);
#6882 = EDGE_CURVE('',#6844,#6875,#6883,.T.);
#6883 = LINE('',#6884,#6885);
#6884 = CARTESIAN_POINT('',(21.372,5.068,0.));
#6885 = VECTOR('',#6886,1.);
#6886 = DIRECTION('',(0.713228571152,0.700931526822,0.));
#6887 = PLANE('',#6888);
#6888 = AXIS2_PLACEMENT_3D('',#6889,#6890,#6891);
#6889 = CARTESIAN_POINT('',(21.372,5.068,0.));
#6890 = DIRECTION('',(-0.700931526822,0.713228571152,0.));
#6891 = DIRECTION('',(0.713228571152,0.700931526822,0.));
#6892 = ADVANCED_FACE('',(#6893),#6918,.T.);
#6893 = FACE_BOUND('',#6894,.T.);
#6894 = EDGE_LOOP('',(#6895,#6896,#6904,#6912));
#6895 = ORIENTED_EDGE('',*,*,#6874,.T.);
#6896 = ORIENTED_EDGE('',*,*,#6897,.T.);
#6897 = EDGE_CURVE('',#6867,#6898,#6900,.T.);
#6898 = VERTEX_POINT('',#6899);
#6899 = CARTESIAN_POINT('',(21.493,5.177,0.4103624));
#6900 = LINE('',#6901,#6902);
#6901 = CARTESIAN_POINT('',(21.43,5.125,0.4103624));
#6902 = VECTOR('',#6903,1.);
#6903 = DIRECTION('',(0.771223025002,0.63656503651,0.));
#6904 = ORIENTED_EDGE('',*,*,#6905,.F.);
#6905 = EDGE_CURVE('',#6906,#6898,#6908,.T.);
#6906 = VERTEX_POINT('',#6907);
#6907 = CARTESIAN_POINT('',(21.493,5.177,0.));
#6908 = LINE('',#6909,#6910);
#6909 = CARTESIAN_POINT('',(21.493,5.177,0.));
#6910 = VECTOR('',#6911,1.);
#6911 = DIRECTION('',(0.,0.,1.));
#6912 = ORIENTED_EDGE('',*,*,#6913,.F.);
#6913 = EDGE_CURVE('',#6875,#6906,#6914,.T.);
#6914 = LINE('',#6915,#6916);
#6915 = CARTESIAN_POINT('',(21.43,5.125,0.));
#6916 = VECTOR('',#6917,1.);
#6917 = DIRECTION('',(0.771223025002,0.63656503651,0.));
#6918 = PLANE('',#6919);
#6919 = AXIS2_PLACEMENT_3D('',#6920,#6921,#6922);
#6920 = CARTESIAN_POINT('',(21.43,5.125,0.));
#6921 = DIRECTION('',(-0.63656503651,0.771223025002,0.));
#6922 = DIRECTION('',(0.771223025002,0.63656503651,0.));
#6923 = ADVANCED_FACE('',(#6924),#6949,.T.);
#6924 = FACE_BOUND('',#6925,.T.);
#6925 = EDGE_LOOP('',(#6926,#6927,#6935,#6943));
#6926 = ORIENTED_EDGE('',*,*,#6905,.T.);
#6927 = ORIENTED_EDGE('',*,*,#6928,.T.);
#6928 = EDGE_CURVE('',#6898,#6929,#6931,.T.);
#6929 = VERTEX_POINT('',#6930);
#6930 = CARTESIAN_POINT('',(21.545,5.24,0.4103624));
#6931 = LINE('',#6932,#6933);
#6932 = CARTESIAN_POINT('',(21.493,5.177,0.4103624));
#6933 = VECTOR('',#6934,1.);
#6934 = DIRECTION('',(0.63656503651,0.771223025002,0.));
#6935 = ORIENTED_EDGE('',*,*,#6936,.F.);
#6936 = EDGE_CURVE('',#6937,#6929,#6939,.T.);
#6937 = VERTEX_POINT('',#6938);
#6938 = CARTESIAN_POINT('',(21.545,5.24,0.));
#6939 = LINE('',#6940,#6941);
#6940 = CARTESIAN_POINT('',(21.545,5.24,0.));
#6941 = VECTOR('',#6942,1.);
#6942 = DIRECTION('',(0.,0.,1.));
#6943 = ORIENTED_EDGE('',*,*,#6944,.F.);
#6944 = EDGE_CURVE('',#6906,#6937,#6945,.T.);
#6945 = LINE('',#6946,#6947);
#6946 = CARTESIAN_POINT('',(21.493,5.177,0.));
#6947 = VECTOR('',#6948,1.);
#6948 = DIRECTION('',(0.63656503651,0.771223025002,0.));
#6949 = PLANE('',#6950);
#6950 = AXIS2_PLACEMENT_3D('',#6951,#6952,#6953);
#6951 = CARTESIAN_POINT('',(21.493,5.177,0.));
#6952 = DIRECTION('',(-0.771223025002,0.63656503651,0.));
#6953 = DIRECTION('',(0.63656503651,0.771223025002,0.));
#6954 = ADVANCED_FACE('',(#6955),#6980,.T.);
#6955 = FACE_BOUND('',#6956,.T.);
#6956 = EDGE_LOOP('',(#6957,#6958,#6966,#6974));
#6957 = ORIENTED_EDGE('',*,*,#6936,.T.);
#6958 = ORIENTED_EDGE('',*,*,#6959,.T.);
#6959 = EDGE_CURVE('',#6929,#6960,#6962,.T.);
#6960 = VERTEX_POINT('',#6961);
#6961 = CARTESIAN_POINT('',(21.602,5.298,0.4103624));
#6962 = LINE('',#6963,#6964);
#6963 = CARTESIAN_POINT('',(21.545,5.24,0.4103624));
#6964 = VECTOR('',#6965,1.);
#6965 = DIRECTION('',(0.700931526822,0.713228571152,0.));
#6966 = ORIENTED_EDGE('',*,*,#6967,.F.);
#6967 = EDGE_CURVE('',#6968,#6960,#6970,.T.);
#6968 = VERTEX_POINT('',#6969);
#6969 = CARTESIAN_POINT('',(21.602,5.298,0.));
#6970 = LINE('',#6971,#6972);
#6971 = CARTESIAN_POINT('',(21.602,5.298,0.));
#6972 = VECTOR('',#6973,1.);
#6973 = DIRECTION('',(0.,0.,1.));
#6974 = ORIENTED_EDGE('',*,*,#6975,.F.);
#6975 = EDGE_CURVE('',#6937,#6968,#6976,.T.);
#6976 = LINE('',#6977,#6978);
#6977 = CARTESIAN_POINT('',(21.545,5.24,0.));
#6978 = VECTOR('',#6979,1.);
#6979 = DIRECTION('',(0.700931526822,0.713228571152,0.));
#6980 = PLANE('',#6981);
#6981 = AXIS2_PLACEMENT_3D('',#6982,#6983,#6984);
#6982 = CARTESIAN_POINT('',(21.545,5.24,0.));
#6983 = DIRECTION('',(-0.713228571152,0.700931526822,0.));
#6984 = DIRECTION('',(0.700931526822,0.713228571152,0.));
#6985 = ADVANCED_FACE('',(#6986),#7011,.T.);
#6986 = FACE_BOUND('',#6987,.T.);
#6987 = EDGE_LOOP('',(#6988,#6989,#6997,#7005));
#6988 = ORIENTED_EDGE('',*,*,#6967,.T.);
#6989 = ORIENTED_EDGE('',*,*,#6990,.T.);
#6990 = EDGE_CURVE('',#6960,#6991,#6993,.T.);
#6991 = VERTEX_POINT('',#6992);
#6992 = CARTESIAN_POINT('',(21.648,5.365,0.4103624));
#6993 = LINE('',#6994,#6995);
#6994 = CARTESIAN_POINT('',(21.602,5.298,0.4103624));
#6995 = VECTOR('',#6996,1.);
#6996 = DIRECTION('',(0.566006502692,0.824400775661,0.));
#6997 = ORIENTED_EDGE('',*,*,#6998,.F.);
#6998 = EDGE_CURVE('',#6999,#6991,#7001,.T.);
#6999 = VERTEX_POINT('',#7000);
#7000 = CARTESIAN_POINT('',(21.648,5.365,0.));
#7001 = LINE('',#7002,#7003);
#7002 = CARTESIAN_POINT('',(21.648,5.365,0.));
#7003 = VECTOR('',#7004,1.);
#7004 = DIRECTION('',(0.,0.,1.));
#7005 = ORIENTED_EDGE('',*,*,#7006,.F.);
#7006 = EDGE_CURVE('',#6968,#6999,#7007,.T.);
#7007 = LINE('',#7008,#7009);
#7008 = CARTESIAN_POINT('',(21.602,5.298,0.));
#7009 = VECTOR('',#7010,1.);
#7010 = DIRECTION('',(0.566006502692,0.824400775661,0.));
#7011 = PLANE('',#7012);
#7012 = AXIS2_PLACEMENT_3D('',#7013,#7014,#7015);
#7013 = CARTESIAN_POINT('',(21.602,5.298,0.));
#7014 = DIRECTION('',(-0.824400775661,0.566006502692,0.));
#7015 = DIRECTION('',(0.566006502692,0.824400775661,0.));
#7016 = ADVANCED_FACE('',(#7017),#7042,.T.);
#7017 = FACE_BOUND('',#7018,.T.);
#7018 = EDGE_LOOP('',(#7019,#7020,#7028,#7036));
#7019 = ORIENTED_EDGE('',*,*,#6998,.T.);
#7020 = ORIENTED_EDGE('',*,*,#7021,.T.);
#7021 = EDGE_CURVE('',#6991,#7022,#7024,.T.);
#7022 = VERTEX_POINT('',#7023);
#7023 = CARTESIAN_POINT('',(21.699,5.428,0.4103624));
#7024 = LINE('',#7025,#7026);
#7025 = CARTESIAN_POINT('',(21.648,5.365,0.4103624));
#7026 = VECTOR('',#7027,1.);
#7027 = DIRECTION('',(0.629198228668,0.777244870707,0.));
#7028 = ORIENTED_EDGE('',*,*,#7029,.F.);
#7029 = EDGE_CURVE('',#7030,#7022,#7032,.T.);
#7030 = VERTEX_POINT('',#7031);
#7031 = CARTESIAN_POINT('',(21.699,5.428,0.));
#7032 = LINE('',#7033,#7034);
#7033 = CARTESIAN_POINT('',(21.699,5.428,0.));
#7034 = VECTOR('',#7035,1.);
#7035 = DIRECTION('',(0.,0.,1.));
#7036 = ORIENTED_EDGE('',*,*,#7037,.F.);
#7037 = EDGE_CURVE('',#6999,#7030,#7038,.T.);
#7038 = LINE('',#7039,#7040);
#7039 = CARTESIAN_POINT('',(21.648,5.365,0.));
#7040 = VECTOR('',#7041,1.);
#7041 = DIRECTION('',(0.629198228668,0.777244870707,0.));
#7042 = PLANE('',#7043);
#7043 = AXIS2_PLACEMENT_3D('',#7044,#7045,#7046);
#7044 = CARTESIAN_POINT('',(21.648,5.365,0.));
#7045 = DIRECTION('',(-0.777244870707,0.629198228668,0.));
#7046 = DIRECTION('',(0.629198228668,0.777244870707,0.));
#7047 = ADVANCED_FACE('',(#7048),#7073,.T.);
#7048 = FACE_BOUND('',#7049,.T.);
#7049 = EDGE_LOOP('',(#7050,#7051,#7059,#7067));
#7050 = ORIENTED_EDGE('',*,*,#7029,.T.);
#7051 = ORIENTED_EDGE('',*,*,#7052,.T.);
#7052 = EDGE_CURVE('',#7022,#7053,#7055,.T.);
#7053 = VERTEX_POINT('',#7054);
#7054 = CARTESIAN_POINT('',(21.738,5.5,0.4103624));
#7055 = LINE('',#7056,#7057);
#7056 = CARTESIAN_POINT('',(21.699,5.428,0.4103624));
#7057 = VECTOR('',#7058,1.);
#7058 = DIRECTION('',(0.476283148541,0.879291966537,0.));
#7059 = ORIENTED_EDGE('',*,*,#7060,.F.);
#7060 = EDGE_CURVE('',#7061,#7053,#7063,.T.);
#7061 = VERTEX_POINT('',#7062);
#7062 = CARTESIAN_POINT('',(21.738,5.5,0.));
#7063 = LINE('',#7064,#7065);
#7064 = CARTESIAN_POINT('',(21.738,5.5,0.));
#7065 = VECTOR('',#7066,1.);
#7066 = DIRECTION('',(0.,0.,1.));
#7067 = ORIENTED_EDGE('',*,*,#7068,.F.);
#7068 = EDGE_CURVE('',#7030,#7061,#7069,.T.);
#7069 = LINE('',#7070,#7071);
#7070 = CARTESIAN_POINT('',(21.699,5.428,0.));
#7071 = VECTOR('',#7072,1.);
#7072 = DIRECTION('',(0.476283148541,0.879291966537,0.));
#7073 = PLANE('',#7074);
#7074 = AXIS2_PLACEMENT_3D('',#7075,#7076,#7077);
#7075 = CARTESIAN_POINT('',(21.699,5.428,0.));
#7076 = DIRECTION('',(-0.879291966537,0.476283148541,0.));
#7077 = DIRECTION('',(0.476283148541,0.879291966537,0.));
#7078 = ADVANCED_FACE('',(#7079),#7104,.T.);
#7079 = FACE_BOUND('',#7080,.T.);
#7080 = EDGE_LOOP('',(#7081,#7082,#7090,#7098));
#7081 = ORIENTED_EDGE('',*,*,#7060,.T.);
#7082 = ORIENTED_EDGE('',*,*,#7083,.T.);
#7083 = EDGE_CURVE('',#7053,#7084,#7086,.T.);
#7084 = VERTEX_POINT('',#7085);
#7085 = CARTESIAN_POINT('',(21.783,5.568,0.4103624));
#7086 = LINE('',#7087,#7088);
#7087 = CARTESIAN_POINT('',(21.738,5.5,0.4103624));
#7088 = VECTOR('',#7089,1.);
#7089 = DIRECTION('',(0.551866900848,0.833932205727,0.));
#7090 = ORIENTED_EDGE('',*,*,#7091,.F.);
#7091 = EDGE_CURVE('',#7092,#7084,#7094,.T.);
#7092 = VERTEX_POINT('',#7093);
#7093 = CARTESIAN_POINT('',(21.783,5.568,0.));
#7094 = LINE('',#7095,#7096);
#7095 = CARTESIAN_POINT('',(21.783,5.568,0.));
#7096 = VECTOR('',#7097,1.);
#7097 = DIRECTION('',(0.,0.,1.));
#7098 = ORIENTED_EDGE('',*,*,#7099,.F.);
#7099 = EDGE_CURVE('',#7061,#7092,#7100,.T.);
#7100 = LINE('',#7101,#7102);
#7101 = CARTESIAN_POINT('',(21.738,5.5,0.));
#7102 = VECTOR('',#7103,1.);
#7103 = DIRECTION('',(0.551866900848,0.833932205727,0.));
#7104 = PLANE('',#7105);
#7105 = AXIS2_PLACEMENT_3D('',#7106,#7107,#7108);
#7106 = CARTESIAN_POINT('',(21.738,5.5,0.));
#7107 = DIRECTION('',(-0.833932205727,0.551866900848,0.));
#7108 = DIRECTION('',(0.551866900848,0.833932205727,0.));
#7109 = ADVANCED_FACE('',(#7110),#7135,.T.);
#7110 = FACE_BOUND('',#7111,.T.);
#7111 = EDGE_LOOP('',(#7112,#7113,#7121,#7129));
#7112 = ORIENTED_EDGE('',*,*,#7091,.T.);
#7113 = ORIENTED_EDGE('',*,*,#7114,.T.);
#7114 = EDGE_CURVE('',#7084,#7115,#7117,.T.);
#7115 = VERTEX_POINT('',#7116);
#7116 = CARTESIAN_POINT('',(21.814,5.643,0.4103624));
#7117 = LINE('',#7118,#7119);
#7118 = CARTESIAN_POINT('',(21.783,5.568,0.4103624));
#7119 = VECTOR('',#7120,1.);
#7120 = DIRECTION('',(0.381988976935,0.924166879681,0.));
#7121 = ORIENTED_EDGE('',*,*,#7122,.F.);
#7122 = EDGE_CURVE('',#7123,#7115,#7125,.T.);
#7123 = VERTEX_POINT('',#7124);
#7124 = CARTESIAN_POINT('',(21.814,5.643,0.));
#7125 = LINE('',#7126,#7127);
#7126 = CARTESIAN_POINT('',(21.814,5.643,0.));
#7127 = VECTOR('',#7128,1.);
#7128 = DIRECTION('',(0.,0.,1.));
#7129 = ORIENTED_EDGE('',*,*,#7130,.F.);
#7130 = EDGE_CURVE('',#7092,#7123,#7131,.T.);
#7131 = LINE('',#7132,#7133);
#7132 = CARTESIAN_POINT('',(21.783,5.568,0.));
#7133 = VECTOR('',#7134,1.);
#7134 = DIRECTION('',(0.381988976935,0.924166879681,0.));
#7135 = PLANE('',#7136);
#7136 = AXIS2_PLACEMENT_3D('',#7137,#7138,#7139);
#7137 = CARTESIAN_POINT('',(21.783,5.568,0.));
#7138 = DIRECTION('',(-0.924166879681,0.381988976935,0.));
#7139 = DIRECTION('',(0.381988976935,0.924166879681,0.));
#7140 = ADVANCED_FACE('',(#7141),#7166,.T.);
#7141 = FACE_BOUND('',#7142,.T.);
#7142 = EDGE_LOOP('',(#7143,#7144,#7152,#7160));
#7143 = ORIENTED_EDGE('',*,*,#7122,.T.);
#7144 = ORIENTED_EDGE('',*,*,#7145,.T.);
#7145 = EDGE_CURVE('',#7115,#7146,#7148,.T.);
#7146 = VERTEX_POINT('',#7147);
#7147 = CARTESIAN_POINT('',(21.853,5.715,0.4103624));
#7148 = LINE('',#7149,#7150);
#7149 = CARTESIAN_POINT('',(21.814,5.643,0.4103624));
#7150 = VECTOR('',#7151,1.);
#7151 = DIRECTION('',(0.476283148541,0.879291966537,0.));
#7152 = ORIENTED_EDGE('',*,*,#7153,.F.);
#7153 = EDGE_CURVE('',#7154,#7146,#7156,.T.);
#7154 = VERTEX_POINT('',#7155);
#7155 = CARTESIAN_POINT('',(21.853,5.715,0.));
#7156 = LINE('',#7157,#7158);
#7157 = CARTESIAN_POINT('',(21.853,5.715,0.));
#7158 = VECTOR('',#7159,1.);
#7159 = DIRECTION('',(0.,0.,1.));
#7160 = ORIENTED_EDGE('',*,*,#7161,.F.);
#7161 = EDGE_CURVE('',#7123,#7154,#7162,.T.);
#7162 = LINE('',#7163,#7164);
#7163 = CARTESIAN_POINT('',(21.814,5.643,0.));
#7164 = VECTOR('',#7165,1.);
#7165 = DIRECTION('',(0.476283148541,0.879291966537,0.));
#7166 = PLANE('',#7167);
#7167 = AXIS2_PLACEMENT_3D('',#7168,#7169,#7170);
#7168 = CARTESIAN_POINT('',(21.814,5.643,0.));
#7169 = DIRECTION('',(-0.879291966537,0.476283148541,0.));
#7170 = DIRECTION('',(0.476283148541,0.879291966537,0.));
#7171 = ADVANCED_FACE('',(#7172),#7197,.T.);
#7172 = FACE_BOUND('',#7173,.T.);
#7173 = EDGE_LOOP('',(#7174,#7175,#7183,#7191));
#7174 = ORIENTED_EDGE('',*,*,#7153,.T.);
#7175 = ORIENTED_EDGE('',*,*,#7176,.T.);
#7176 = EDGE_CURVE('',#7146,#7177,#7179,.T.);
#7177 = VERTEX_POINT('',#7178);
#7178 = CARTESIAN_POINT('',(21.876,5.793,0.4103624));
#7179 = LINE('',#7180,#7181);
#7180 = CARTESIAN_POINT('',(21.853,5.715,0.4103624));
#7181 = VECTOR('',#7182,1.);
#7182 = DIRECTION('',(0.282832019595,0.959169457756,0.));
#7183 = ORIENTED_EDGE('',*,*,#7184,.F.);
#7184 = EDGE_CURVE('',#7185,#7177,#7187,.T.);
#7185 = VERTEX_POINT('',#7186);
#7186 = CARTESIAN_POINT('',(21.876,5.793,0.));
#7187 = LINE('',#7188,#7189);
#7188 = CARTESIAN_POINT('',(21.876,5.793,0.));
#7189 = VECTOR('',#7190,1.);
#7190 = DIRECTION('',(0.,0.,1.));
#7191 = ORIENTED_EDGE('',*,*,#7192,.F.);
#7192 = EDGE_CURVE('',#7154,#7185,#7193,.T.);
#7193 = LINE('',#7194,#7195);
#7194 = CARTESIAN_POINT('',(21.853,5.715,0.));
#7195 = VECTOR('',#7196,1.);
#7196 = DIRECTION('',(0.282832019595,0.959169457756,0.));
#7197 = PLANE('',#7198);
#7198 = AXIS2_PLACEMENT_3D('',#7199,#7200,#7201);
#7199 = CARTESIAN_POINT('',(21.853,5.715,0.));
#7200 = DIRECTION('',(-0.959169457756,0.282832019595,0.));
#7201 = DIRECTION('',(0.282832019595,0.959169457756,0.));
#7202 = ADVANCED_FACE('',(#7203),#7228,.T.);
#7203 = FACE_BOUND('',#7204,.T.);
#7204 = EDGE_LOOP('',(#7205,#7206,#7214,#7222));
#7205 = ORIENTED_EDGE('',*,*,#7184,.T.);
#7206 = ORIENTED_EDGE('',*,*,#7207,.T.);
#7207 = EDGE_CURVE('',#7177,#7208,#7210,.T.);
#7208 = VERTEX_POINT('',#7209);
#7209 = CARTESIAN_POINT('',(21.908,5.868,0.4103624));
#7210 = LINE('',#7211,#7212);
#7211 = CARTESIAN_POINT('',(21.876,5.793,0.4103624));
#7212 = VECTOR('',#7213,1.);
#7213 = DIRECTION('',(0.392438685048,0.919778168081,0.));
#7214 = ORIENTED_EDGE('',*,*,#7215,.F.);
#7215 = EDGE_CURVE('',#7216,#7208,#7218,.T.);
#7216 = VERTEX_POINT('',#7217);
#7217 = CARTESIAN_POINT('',(21.908,5.868,0.));
#7218 = LINE('',#7219,#7220);
#7219 = CARTESIAN_POINT('',(21.908,5.868,0.));
#7220 = VECTOR('',#7221,1.);
#7221 = DIRECTION('',(0.,0.,1.));
#7222 = ORIENTED_EDGE('',*,*,#7223,.F.);
#7223 = EDGE_CURVE('',#7185,#7216,#7224,.T.);
#7224 = LINE('',#7225,#7226);
#7225 = CARTESIAN_POINT('',(21.876,5.793,0.));
#7226 = VECTOR('',#7227,1.);
#7227 = DIRECTION('',(0.392438685048,0.919778168081,0.));
#7228 = PLANE('',#7229);
#7229 = AXIS2_PLACEMENT_3D('',#7230,#7231,#7232);
#7230 = CARTESIAN_POINT('',(21.876,5.793,0.));
#7231 = DIRECTION('',(-0.919778168081,0.392438685048,0.));
#7232 = DIRECTION('',(0.392438685048,0.919778168081,0.));
#7233 = ADVANCED_FACE('',(#7234),#7259,.T.);
#7234 = FACE_BOUND('',#7235,.T.);
#7235 = EDGE_LOOP('',(#7236,#7237,#7245,#7253));
#7236 = ORIENTED_EDGE('',*,*,#7215,.T.);
#7237 = ORIENTED_EDGE('',*,*,#7238,.T.);
#7238 = EDGE_CURVE('',#7208,#7239,#7241,.T.);
#7239 = VERTEX_POINT('',#7240);
#7240 = CARTESIAN_POINT('',(21.923,5.948,0.4103624));
#7241 = LINE('',#7242,#7243);
#7242 = CARTESIAN_POINT('',(21.908,5.868,0.4103624));
#7243 = VECTOR('',#7244,1.);
#7244 = DIRECTION('',(0.18428853505,0.982872186934,0.));
#7245 = ORIENTED_EDGE('',*,*,#7246,.F.);
#7246 = EDGE_CURVE('',#7247,#7239,#7249,.T.);
#7247 = VERTEX_POINT('',#7248);
#7248 = CARTESIAN_POINT('',(21.923,5.948,0.));
#7249 = LINE('',#7250,#7251);
#7250 = CARTESIAN_POINT('',(21.923,5.948,0.));
#7251 = VECTOR('',#7252,1.);
#7252 = DIRECTION('',(0.,0.,1.));
#7253 = ORIENTED_EDGE('',*,*,#7254,.F.);
#7254 = EDGE_CURVE('',#7216,#7247,#7255,.T.);
#7255 = LINE('',#7256,#7257);
#7256 = CARTESIAN_POINT('',(21.908,5.868,0.));
#7257 = VECTOR('',#7258,1.);
#7258 = DIRECTION('',(0.18428853505,0.982872186934,0.));
#7259 = PLANE('',#7260);
#7260 = AXIS2_PLACEMENT_3D('',#7261,#7262,#7263);
#7261 = CARTESIAN_POINT('',(21.908,5.868,0.));
#7262 = DIRECTION('',(-0.982872186934,0.18428853505,0.));
#7263 = DIRECTION('',(0.18428853505,0.982872186934,0.));
#7264 = ADVANCED_FACE('',(#7265),#7290,.T.);
#7265 = FACE_BOUND('',#7266,.T.);
#7266 = EDGE_LOOP('',(#7267,#7268,#7276,#7284));
#7267 = ORIENTED_EDGE('',*,*,#7246,.T.);
#7268 = ORIENTED_EDGE('',*,*,#7269,.T.);
#7269 = EDGE_CURVE('',#7239,#7270,#7272,.T.);
#7270 = VERTEX_POINT('',#7271);
#7271 = CARTESIAN_POINT('',(21.947,6.026,0.4103624));
#7272 = LINE('',#7273,#7274);
#7273 = CARTESIAN_POINT('',(21.923,5.948,0.4103624));
#7274 = VECTOR('',#7275,1.);
#7275 = DIRECTION('',(0.294085848837,0.955779008722,0.));
#7276 = ORIENTED_EDGE('',*,*,#7277,.F.);
#7277 = EDGE_CURVE('',#7278,#7270,#7280,.T.);
#7278 = VERTEX_POINT('',#7279);
#7279 = CARTESIAN_POINT('',(21.947,6.026,0.));
#7280 = LINE('',#7281,#7282);
#7281 = CARTESIAN_POINT('',(21.947,6.026,0.));
#7282 = VECTOR('',#7283,1.);
#7283 = DIRECTION('',(0.,0.,1.));
#7284 = ORIENTED_EDGE('',*,*,#7285,.F.);
#7285 = EDGE_CURVE('',#7247,#7278,#7286,.T.);
#7286 = LINE('',#7287,#7288);
#7287 = CARTESIAN_POINT('',(21.923,5.948,0.));
#7288 = VECTOR('',#7289,1.);
#7289 = DIRECTION('',(0.294085848837,0.955779008722,0.));
#7290 = PLANE('',#7291);
#7291 = AXIS2_PLACEMENT_3D('',#7292,#7293,#7294);
#7292 = CARTESIAN_POINT('',(21.923,5.948,0.));
#7293 = DIRECTION('',(-0.955779008722,0.294085848837,0.));
#7294 = DIRECTION('',(0.294085848837,0.955779008722,0.));
#7295 = ADVANCED_FACE('',(#7296),#7321,.T.);
#7296 = FACE_BOUND('',#7297,.T.);
#7297 = EDGE_LOOP('',(#7298,#7299,#7307,#7315));
#7298 = ORIENTED_EDGE('',*,*,#7277,.T.);
#7299 = ORIENTED_EDGE('',*,*,#7300,.T.);
#7300 = EDGE_CURVE('',#7270,#7301,#7303,.T.);
#7301 = VERTEX_POINT('',#7302);
#7302 = CARTESIAN_POINT('',(21.955,6.107,0.4103624));
#7303 = LINE('',#7304,#7305);
#7304 = CARTESIAN_POINT('',(21.947,6.026,0.4103624));
#7305 = VECTOR('',#7306,1.);
#7306 = DIRECTION('',(9.828721869342E-02,0.995158089271,0.));
#7307 = ORIENTED_EDGE('',*,*,#7308,.F.);
#7308 = EDGE_CURVE('',#7309,#7301,#7311,.T.);
#7309 = VERTEX_POINT('',#7310);
#7310 = CARTESIAN_POINT('',(21.955,6.107,0.));
#7311 = LINE('',#7312,#7313);
#7312 = CARTESIAN_POINT('',(21.955,6.107,0.));
#7313 = VECTOR('',#7314,1.);
#7314 = DIRECTION('',(0.,0.,1.));
#7315 = ORIENTED_EDGE('',*,*,#7316,.F.);
#7316 = EDGE_CURVE('',#7278,#7309,#7317,.T.);
#7317 = LINE('',#7318,#7319);
#7318 = CARTESIAN_POINT('',(21.947,6.026,0.));
#7319 = VECTOR('',#7320,1.);
#7320 = DIRECTION('',(9.828721869342E-02,0.995158089271,0.));
#7321 = PLANE('',#7322);
#7322 = AXIS2_PLACEMENT_3D('',#7323,#7324,#7325);
#7323 = CARTESIAN_POINT('',(21.947,6.026,0.));
#7324 = DIRECTION('',(-0.995158089271,9.828721869342E-02,0.));
#7325 = DIRECTION('',(9.828721869342E-02,0.995158089271,0.));
#7326 = ADVANCED_FACE('',(#7327),#7352,.T.);
#7327 = FACE_BOUND('',#7328,.T.);
#7328 = EDGE_LOOP('',(#7329,#7330,#7338,#7346));
#7329 = ORIENTED_EDGE('',*,*,#7308,.T.);
#7330 = ORIENTED_EDGE('',*,*,#7331,.T.);
#7331 = EDGE_CURVE('',#7301,#7332,#7334,.T.);
#7332 = VERTEX_POINT('',#7333);
#7333 = CARTESIAN_POINT('',(21.971,6.187,0.4103624));
#7334 = LINE('',#7335,#7336);
#7335 = CARTESIAN_POINT('',(21.955,6.107,0.4103624));
#7336 = VECTOR('',#7337,1.);
#7337 = DIRECTION('',(0.196116135138,0.980580675691,0.));
#7338 = ORIENTED_EDGE('',*,*,#7339,.F.);
#7339 = EDGE_CURVE('',#7340,#7332,#7342,.T.);
#7340 = VERTEX_POINT('',#7341);
#7341 = CARTESIAN_POINT('',(21.971,6.187,0.));
#7342 = LINE('',#7343,#7344);
#7343 = CARTESIAN_POINT('',(21.971,6.187,0.));
#7344 = VECTOR('',#7345,1.);
#7345 = DIRECTION('',(0.,0.,1.));
#7346 = ORIENTED_EDGE('',*,*,#7347,.F.);
#7347 = EDGE_CURVE('',#7309,#7340,#7348,.T.);
#7348 = LINE('',#7349,#7350);
#7349 = CARTESIAN_POINT('',(21.955,6.107,0.));
#7350 = VECTOR('',#7351,1.);
#7351 = DIRECTION('',(0.196116135138,0.980580675691,0.));
#7352 = PLANE('',#7353);
#7353 = AXIS2_PLACEMENT_3D('',#7354,#7355,#7356);
#7354 = CARTESIAN_POINT('',(21.955,6.107,0.));
#7355 = DIRECTION('',(-0.980580675691,0.196116135138,0.));
#7356 = DIRECTION('',(0.196116135138,0.980580675691,0.));
#7357 = ADVANCED_FACE('',(#7358),#7383,.T.);
#7358 = FACE_BOUND('',#7359,.T.);
#7359 = EDGE_LOOP('',(#7360,#7361,#7369,#7377));
#7360 = ORIENTED_EDGE('',*,*,#7339,.T.);
#7361 = ORIENTED_EDGE('',*,*,#7362,.T.);
#7362 = EDGE_CURVE('',#7332,#7363,#7365,.T.);
#7363 = VERTEX_POINT('',#7364);
#7364 = CARTESIAN_POINT('',(21.971,6.269,0.4103624));
#7365 = LINE('',#7366,#7367);
#7366 = CARTESIAN_POINT('',(21.971,6.187,0.4103624));
#7367 = VECTOR('',#7368,1.);
#7368 = DIRECTION('',(0.,1.,0.));
#7369 = ORIENTED_EDGE('',*,*,#7370,.F.);
#7370 = EDGE_CURVE('',#7371,#7363,#7373,.T.);
#7371 = VERTEX_POINT('',#7372);
#7372 = CARTESIAN_POINT('',(21.971,6.269,0.));
#7373 = LINE('',#7374,#7375);
#7374 = CARTESIAN_POINT('',(21.971,6.269,0.));
#7375 = VECTOR('',#7376,1.);
#7376 = DIRECTION('',(0.,0.,1.));
#7377 = ORIENTED_EDGE('',*,*,#7378,.F.);
#7378 = EDGE_CURVE('',#7340,#7371,#7379,.T.);
#7379 = LINE('',#7380,#7381);
#7380 = CARTESIAN_POINT('',(21.971,6.187,0.));
#7381 = VECTOR('',#7382,1.);
#7382 = DIRECTION('',(0.,1.,0.));
#7383 = PLANE('',#7384);
#7384 = AXIS2_PLACEMENT_3D('',#7385,#7386,#7387);
#7385 = CARTESIAN_POINT('',(21.971,6.187,0.));
#7386 = DIRECTION('',(-1.,0.,0.));
#7387 = DIRECTION('',(0.,1.,0.));
#7388 = ADVANCED_FACE('',(#7389),#7414,.T.);
#7389 = FACE_BOUND('',#7390,.T.);
#7390 = EDGE_LOOP('',(#7391,#7392,#7400,#7408));
#7391 = ORIENTED_EDGE('',*,*,#7370,.T.);
#7392 = ORIENTED_EDGE('',*,*,#7393,.T.);
#7393 = EDGE_CURVE('',#7363,#7394,#7396,.T.);
#7394 = VERTEX_POINT('',#7395);
#7395 = CARTESIAN_POINT('',(21.979,6.35,0.4103624));
#7396 = LINE('',#7397,#7398);
#7397 = CARTESIAN_POINT('',(21.971,6.269,0.4103624));
#7398 = VECTOR('',#7399,1.);
#7399 = DIRECTION('',(9.828721869342E-02,0.995158089271,0.));
#7400 = ORIENTED_EDGE('',*,*,#7401,.F.);
#7401 = EDGE_CURVE('',#7402,#7394,#7404,.T.);
#7402 = VERTEX_POINT('',#7403);
#7403 = CARTESIAN_POINT('',(21.979,6.35,0.));
#7404 = LINE('',#7405,#7406);
#7405 = CARTESIAN_POINT('',(21.979,6.35,0.));
#7406 = VECTOR('',#7407,1.);
#7407 = DIRECTION('',(0.,0.,1.));
#7408 = ORIENTED_EDGE('',*,*,#7409,.F.);
#7409 = EDGE_CURVE('',#7371,#7402,#7410,.T.);
#7410 = LINE('',#7411,#7412);
#7411 = CARTESIAN_POINT('',(21.971,6.269,0.));
#7412 = VECTOR('',#7413,1.);
#7413 = DIRECTION('',(9.828721869342E-02,0.995158089271,0.));
#7414 = PLANE('',#7415);
#7415 = AXIS2_PLACEMENT_3D('',#7416,#7417,#7418);
#7416 = CARTESIAN_POINT('',(21.971,6.269,0.));
#7417 = DIRECTION('',(-0.995158089271,9.828721869342E-02,0.));
#7418 = DIRECTION('',(9.828721869342E-02,0.995158089271,0.));
#7419 = ADVANCED_FACE('',(#7420),#7445,.T.);
#7420 = FACE_BOUND('',#7421,.T.);
#7421 = EDGE_LOOP('',(#7422,#7423,#7431,#7439));
#7422 = ORIENTED_EDGE('',*,*,#7401,.T.);
#7423 = ORIENTED_EDGE('',*,*,#7424,.T.);
#7424 = EDGE_CURVE('',#7394,#7425,#7427,.T.);
#7425 = VERTEX_POINT('',#7426);
#7426 = CARTESIAN_POINT('',(21.971,6.431,0.4103624));
#7427 = LINE('',#7428,#7429);
#7428 = CARTESIAN_POINT('',(21.979,6.35,0.4103624));
#7429 = VECTOR('',#7430,1.);
#7430 = DIRECTION('',(-9.828721869342E-02,0.995158089271,0.));
#7431 = ORIENTED_EDGE('',*,*,#7432,.F.);
#7432 = EDGE_CURVE('',#7433,#7425,#7435,.T.);
#7433 = VERTEX_POINT('',#7434);
#7434 = CARTESIAN_POINT('',(21.971,6.431,0.));
#7435 = LINE('',#7436,#7437);
#7436 = CARTESIAN_POINT('',(21.971,6.431,0.));
#7437 = VECTOR('',#7438,1.);
#7438 = DIRECTION('',(0.,0.,1.));
#7439 = ORIENTED_EDGE('',*,*,#7440,.F.);
#7440 = EDGE_CURVE('',#7402,#7433,#7441,.T.);
#7441 = LINE('',#7442,#7443);
#7442 = CARTESIAN_POINT('',(21.979,6.35,0.));
#7443 = VECTOR('',#7444,1.);
#7444 = DIRECTION('',(-9.828721869342E-02,0.995158089271,0.));
#7445 = PLANE('',#7446);
#7446 = AXIS2_PLACEMENT_3D('',#7447,#7448,#7449);
#7447 = CARTESIAN_POINT('',(21.979,6.35,0.));
#7448 = DIRECTION('',(-0.995158089271,-9.828721869342E-02,0.));
#7449 = DIRECTION('',(-9.828721869342E-02,0.995158089271,0.));
#7450 = ADVANCED_FACE('',(#7451),#7476,.T.);
#7451 = FACE_BOUND('',#7452,.T.);
#7452 = EDGE_LOOP('',(#7453,#7454,#7462,#7470));
#7453 = ORIENTED_EDGE('',*,*,#7432,.T.);
#7454 = ORIENTED_EDGE('',*,*,#7455,.T.);
#7455 = EDGE_CURVE('',#7425,#7456,#7458,.T.);
#7456 = VERTEX_POINT('',#7457);
#7457 = CARTESIAN_POINT('',(21.971,6.513,0.4103624));
#7458 = LINE('',#7459,#7460);
#7459 = CARTESIAN_POINT('',(21.971,6.431,0.4103624));
#7460 = VECTOR('',#7461,1.);
#7461 = DIRECTION('',(0.,1.,0.));
#7462 = ORIENTED_EDGE('',*,*,#7463,.F.);
#7463 = EDGE_CURVE('',#7464,#7456,#7466,.T.);
#7464 = VERTEX_POINT('',#7465);
#7465 = CARTESIAN_POINT('',(21.971,6.513,0.));
#7466 = LINE('',#7467,#7468);
#7467 = CARTESIAN_POINT('',(21.971,6.513,0.));
#7468 = VECTOR('',#7469,1.);
#7469 = DIRECTION('',(0.,0.,1.));
#7470 = ORIENTED_EDGE('',*,*,#7471,.F.);
#7471 = EDGE_CURVE('',#7433,#7464,#7472,.T.);
#7472 = LINE('',#7473,#7474);
#7473 = CARTESIAN_POINT('',(21.971,6.431,0.));
#7474 = VECTOR('',#7475,1.);
#7475 = DIRECTION('',(0.,1.,0.));
#7476 = PLANE('',#7477);
#7477 = AXIS2_PLACEMENT_3D('',#7478,#7479,#7480);
#7478 = CARTESIAN_POINT('',(21.971,6.431,0.));
#7479 = DIRECTION('',(-1.,0.,0.));
#7480 = DIRECTION('',(0.,1.,0.));
#7481 = ADVANCED_FACE('',(#7482),#7507,.T.);
#7482 = FACE_BOUND('',#7483,.T.);
#7483 = EDGE_LOOP('',(#7484,#7485,#7493,#7501));
#7484 = ORIENTED_EDGE('',*,*,#7463,.T.);
#7485 = ORIENTED_EDGE('',*,*,#7486,.T.);
#7486 = EDGE_CURVE('',#7456,#7487,#7489,.T.);
#7487 = VERTEX_POINT('',#7488);
#7488 = CARTESIAN_POINT('',(21.955,6.593,0.4103624));
#7489 = LINE('',#7490,#7491);
#7490 = CARTESIAN_POINT('',(21.971,6.513,0.4103624));
#7491 = VECTOR('',#7492,1.);
#7492 = DIRECTION('',(-0.196116135138,0.980580675691,0.));
#7493 = ORIENTED_EDGE('',*,*,#7494,.F.);
#7494 = EDGE_CURVE('',#7495,#7487,#7497,.T.);
#7495 = VERTEX_POINT('',#7496);
#7496 = CARTESIAN_POINT('',(21.955,6.593,0.));
#7497 = LINE('',#7498,#7499);
#7498 = CARTESIAN_POINT('',(21.955,6.593,0.));
#7499 = VECTOR('',#7500,1.);
#7500 = DIRECTION('',(0.,0.,1.));
#7501 = ORIENTED_EDGE('',*,*,#7502,.F.);
#7502 = EDGE_CURVE('',#7464,#7495,#7503,.T.);
#7503 = LINE('',#7504,#7505);
#7504 = CARTESIAN_POINT('',(21.971,6.513,0.));
#7505 = VECTOR('',#7506,1.);
#7506 = DIRECTION('',(-0.196116135138,0.980580675691,0.));
#7507 = PLANE('',#7508);
#7508 = AXIS2_PLACEMENT_3D('',#7509,#7510,#7511);
#7509 = CARTESIAN_POINT('',(21.971,6.513,0.));
#7510 = DIRECTION('',(-0.980580675691,-0.196116135138,0.));
#7511 = DIRECTION('',(-0.196116135138,0.980580675691,0.));
#7512 = ADVANCED_FACE('',(#7513),#7538,.T.);
#7513 = FACE_BOUND('',#7514,.T.);
#7514 = EDGE_LOOP('',(#7515,#7516,#7524,#7532));
#7515 = ORIENTED_EDGE('',*,*,#7494,.T.);
#7516 = ORIENTED_EDGE('',*,*,#7517,.T.);
#7517 = EDGE_CURVE('',#7487,#7518,#7520,.T.);
#7518 = VERTEX_POINT('',#7519);
#7519 = CARTESIAN_POINT('',(21.947,6.674,0.4103624));
#7520 = LINE('',#7521,#7522);
#7521 = CARTESIAN_POINT('',(21.955,6.593,0.4103624));
#7522 = VECTOR('',#7523,1.);
#7523 = DIRECTION('',(-9.828721869342E-02,0.995158089271,0.));
#7524 = ORIENTED_EDGE('',*,*,#7525,.F.);
#7525 = EDGE_CURVE('',#7526,#7518,#7528,.T.);
#7526 = VERTEX_POINT('',#7527);
#7527 = CARTESIAN_POINT('',(21.947,6.674,0.));
#7528 = LINE('',#7529,#7530);
#7529 = CARTESIAN_POINT('',(21.947,6.674,0.));
#7530 = VECTOR('',#7531,1.);
#7531 = DIRECTION('',(0.,0.,1.));
#7532 = ORIENTED_EDGE('',*,*,#7533,.F.);
#7533 = EDGE_CURVE('',#7495,#7526,#7534,.T.);
#7534 = LINE('',#7535,#7536);
#7535 = CARTESIAN_POINT('',(21.955,6.593,0.));
#7536 = VECTOR('',#7537,1.);
#7537 = DIRECTION('',(-9.828721869342E-02,0.995158089271,0.));
#7538 = PLANE('',#7539);
#7539 = AXIS2_PLACEMENT_3D('',#7540,#7541,#7542);
#7540 = CARTESIAN_POINT('',(21.955,6.593,0.));
#7541 = DIRECTION('',(-0.995158089271,-9.828721869342E-02,0.));
#7542 = DIRECTION('',(-9.828721869342E-02,0.995158089271,0.));
#7543 = ADVANCED_FACE('',(#7544),#7569,.T.);
#7544 = FACE_BOUND('',#7545,.T.);
#7545 = EDGE_LOOP('',(#7546,#7547,#7555,#7563));
#7546 = ORIENTED_EDGE('',*,*,#7525,.T.);
#7547 = ORIENTED_EDGE('',*,*,#7548,.T.);
#7548 = EDGE_CURVE('',#7518,#7549,#7551,.T.);
#7549 = VERTEX_POINT('',#7550);
#7550 = CARTESIAN_POINT('',(21.923,6.752,0.4103624));
#7551 = LINE('',#7552,#7553);
#7552 = CARTESIAN_POINT('',(21.947,6.674,0.4103624));
#7553 = VECTOR('',#7554,1.);
#7554 = DIRECTION('',(-0.294085848837,0.955779008722,0.));
#7555 = ORIENTED_EDGE('',*,*,#7556,.F.);
#7556 = EDGE_CURVE('',#7557,#7549,#7559,.T.);
#7557 = VERTEX_POINT('',#7558);
#7558 = CARTESIAN_POINT('',(21.923,6.752,0.));
#7559 = LINE('',#7560,#7561);
#7560 = CARTESIAN_POINT('',(21.923,6.752,0.));
#7561 = VECTOR('',#7562,1.);
#7562 = DIRECTION('',(0.,0.,1.));
#7563 = ORIENTED_EDGE('',*,*,#7564,.F.);
#7564 = EDGE_CURVE('',#7526,#7557,#7565,.T.);
#7565 = LINE('',#7566,#7567);
#7566 = CARTESIAN_POINT('',(21.947,6.674,0.));
#7567 = VECTOR('',#7568,1.);
#7568 = DIRECTION('',(-0.294085848837,0.955779008722,0.));
#7569 = PLANE('',#7570);
#7570 = AXIS2_PLACEMENT_3D('',#7571,#7572,#7573);
#7571 = CARTESIAN_POINT('',(21.947,6.674,0.));
#7572 = DIRECTION('',(-0.955779008722,-0.294085848837,0.));
#7573 = DIRECTION('',(-0.294085848837,0.955779008722,0.));
#7574 = ADVANCED_FACE('',(#7575),#7600,.T.);
#7575 = FACE_BOUND('',#7576,.T.);
#7576 = EDGE_LOOP('',(#7577,#7578,#7586,#7594));
#7577 = ORIENTED_EDGE('',*,*,#7556,.T.);
#7578 = ORIENTED_EDGE('',*,*,#7579,.T.);
#7579 = EDGE_CURVE('',#7549,#7580,#7582,.T.);
#7580 = VERTEX_POINT('',#7581);
#7581 = CARTESIAN_POINT('',(21.908,6.832,0.4103624));
#7582 = LINE('',#7583,#7584);
#7583 = CARTESIAN_POINT('',(21.923,6.752,0.4103624));
#7584 = VECTOR('',#7585,1.);
#7585 = DIRECTION('',(-0.18428853505,0.982872186934,0.));
#7586 = ORIENTED_EDGE('',*,*,#7587,.F.);
#7587 = EDGE_CURVE('',#7588,#7580,#7590,.T.);
#7588 = VERTEX_POINT('',#7589);
#7589 = CARTESIAN_POINT('',(21.908,6.832,0.));
#7590 = LINE('',#7591,#7592);
#7591 = CARTESIAN_POINT('',(21.908,6.832,0.));
#7592 = VECTOR('',#7593,1.);
#7593 = DIRECTION('',(0.,0.,1.));
#7594 = ORIENTED_EDGE('',*,*,#7595,.F.);
#7595 = EDGE_CURVE('',#7557,#7588,#7596,.T.);
#7596 = LINE('',#7597,#7598);
#7597 = CARTESIAN_POINT('',(21.923,6.752,0.));
#7598 = VECTOR('',#7599,1.);
#7599 = DIRECTION('',(-0.18428853505,0.982872186934,0.));
#7600 = PLANE('',#7601);
#7601 = AXIS2_PLACEMENT_3D('',#7602,#7603,#7604);
#7602 = CARTESIAN_POINT('',(21.923,6.752,0.));
#7603 = DIRECTION('',(-0.982872186934,-0.18428853505,0.));
#7604 = DIRECTION('',(-0.18428853505,0.982872186934,0.));
#7605 = ADVANCED_FACE('',(#7606),#7631,.T.);
#7606 = FACE_BOUND('',#7607,.T.);
#7607 = EDGE_LOOP('',(#7608,#7609,#7617,#7625));
#7608 = ORIENTED_EDGE('',*,*,#7587,.T.);
#7609 = ORIENTED_EDGE('',*,*,#7610,.T.);
#7610 = EDGE_CURVE('',#7580,#7611,#7613,.T.);
#7611 = VERTEX_POINT('',#7612);
#7612 = CARTESIAN_POINT('',(21.876,6.907,0.4103624));
#7613 = LINE('',#7614,#7615);
#7614 = CARTESIAN_POINT('',(21.908,6.832,0.4103624));
#7615 = VECTOR('',#7616,1.);
#7616 = DIRECTION('',(-0.392438685048,0.919778168081,0.));
#7617 = ORIENTED_EDGE('',*,*,#7618,.F.);
#7618 = EDGE_CURVE('',#7619,#7611,#7621,.T.);
#7619 = VERTEX_POINT('',#7620);
#7620 = CARTESIAN_POINT('',(21.876,6.907,0.));
#7621 = LINE('',#7622,#7623);
#7622 = CARTESIAN_POINT('',(21.876,6.907,0.));
#7623 = VECTOR('',#7624,1.);
#7624 = DIRECTION('',(0.,0.,1.));
#7625 = ORIENTED_EDGE('',*,*,#7626,.F.);
#7626 = EDGE_CURVE('',#7588,#7619,#7627,.T.);
#7627 = LINE('',#7628,#7629);
#7628 = CARTESIAN_POINT('',(21.908,6.832,0.));
#7629 = VECTOR('',#7630,1.);
#7630 = DIRECTION('',(-0.392438685048,0.919778168081,0.));
#7631 = PLANE('',#7632);
#7632 = AXIS2_PLACEMENT_3D('',#7633,#7634,#7635);
#7633 = CARTESIAN_POINT('',(21.908,6.832,0.));
#7634 = DIRECTION('',(-0.919778168081,-0.392438685048,0.));
#7635 = DIRECTION('',(-0.392438685048,0.919778168081,0.));
#7636 = ADVANCED_FACE('',(#7637),#7662,.T.);
#7637 = FACE_BOUND('',#7638,.T.);
#7638 = EDGE_LOOP('',(#7639,#7640,#7648,#7656));
#7639 = ORIENTED_EDGE('',*,*,#7618,.T.);
#7640 = ORIENTED_EDGE('',*,*,#7641,.T.);
#7641 = EDGE_CURVE('',#7611,#7642,#7644,.T.);
#7642 = VERTEX_POINT('',#7643);
#7643 = CARTESIAN_POINT('',(21.853,6.985,0.4103624));
#7644 = LINE('',#7645,#7646);
#7645 = CARTESIAN_POINT('',(21.876,6.907,0.4103624));
#7646 = VECTOR('',#7647,1.);
#7647 = DIRECTION('',(-0.282832019595,0.959169457756,0.));
#7648 = ORIENTED_EDGE('',*,*,#7649,.F.);
#7649 = EDGE_CURVE('',#7650,#7642,#7652,.T.);
#7650 = VERTEX_POINT('',#7651);
#7651 = CARTESIAN_POINT('',(21.853,6.985,0.));
#7652 = LINE('',#7653,#7654);
#7653 = CARTESIAN_POINT('',(21.853,6.985,0.));
#7654 = VECTOR('',#7655,1.);
#7655 = DIRECTION('',(0.,0.,1.));
#7656 = ORIENTED_EDGE('',*,*,#7657,.F.);
#7657 = EDGE_CURVE('',#7619,#7650,#7658,.T.);
#7658 = LINE('',#7659,#7660);
#7659 = CARTESIAN_POINT('',(21.876,6.907,0.));
#7660 = VECTOR('',#7661,1.);
#7661 = DIRECTION('',(-0.282832019595,0.959169457756,0.));
#7662 = PLANE('',#7663);
#7663 = AXIS2_PLACEMENT_3D('',#7664,#7665,#7666);
#7664 = CARTESIAN_POINT('',(21.876,6.907,0.));
#7665 = DIRECTION('',(-0.959169457756,-0.282832019595,0.));
#7666 = DIRECTION('',(-0.282832019595,0.959169457756,0.));
#7667 = ADVANCED_FACE('',(#7668),#7693,.T.);
#7668 = FACE_BOUND('',#7669,.T.);
#7669 = EDGE_LOOP('',(#7670,#7671,#7679,#7687));
#7670 = ORIENTED_EDGE('',*,*,#7649,.T.);
#7671 = ORIENTED_EDGE('',*,*,#7672,.T.);
#7672 = EDGE_CURVE('',#7642,#7673,#7675,.T.);
#7673 = VERTEX_POINT('',#7674);
#7674 = CARTESIAN_POINT('',(21.814,7.057,0.4103624));
#7675 = LINE('',#7676,#7677);
#7676 = CARTESIAN_POINT('',(21.853,6.985,0.4103624));
#7677 = VECTOR('',#7678,1.);
#7678 = DIRECTION('',(-0.476283148541,0.879291966537,0.));
#7679 = ORIENTED_EDGE('',*,*,#7680,.F.);
#7680 = EDGE_CURVE('',#7681,#7673,#7683,.T.);
#7681 = VERTEX_POINT('',#7682);
#7682 = CARTESIAN_POINT('',(21.814,7.057,0.));
#7683 = LINE('',#7684,#7685);
#7684 = CARTESIAN_POINT('',(21.814,7.057,0.));
#7685 = VECTOR('',#7686,1.);
#7686 = DIRECTION('',(0.,0.,1.));
#7687 = ORIENTED_EDGE('',*,*,#7688,.F.);
#7688 = EDGE_CURVE('',#7650,#7681,#7689,.T.);
#7689 = LINE('',#7690,#7691);
#7690 = CARTESIAN_POINT('',(21.853,6.985,0.));
#7691 = VECTOR('',#7692,1.);
#7692 = DIRECTION('',(-0.476283148541,0.879291966537,0.));
#7693 = PLANE('',#7694);
#7694 = AXIS2_PLACEMENT_3D('',#7695,#7696,#7697);
#7695 = CARTESIAN_POINT('',(21.853,6.985,0.));
#7696 = DIRECTION('',(-0.879291966537,-0.476283148541,0.));
#7697 = DIRECTION('',(-0.476283148541,0.879291966537,0.));
#7698 = ADVANCED_FACE('',(#7699),#7724,.T.);
#7699 = FACE_BOUND('',#7700,.T.);
#7700 = EDGE_LOOP('',(#7701,#7702,#7710,#7718));
#7701 = ORIENTED_EDGE('',*,*,#7680,.T.);
#7702 = ORIENTED_EDGE('',*,*,#7703,.T.);
#7703 = EDGE_CURVE('',#7673,#7704,#7706,.T.);
#7704 = VERTEX_POINT('',#7705);
#7705 = CARTESIAN_POINT('',(21.783,7.132,0.4103624));
#7706 = LINE('',#7707,#7708);
#7707 = CARTESIAN_POINT('',(21.814,7.057,0.4103624));
#7708 = VECTOR('',#7709,1.);
#7709 = DIRECTION('',(-0.381988976935,0.924166879681,0.));
#7710 = ORIENTED_EDGE('',*,*,#7711,.F.);
#7711 = EDGE_CURVE('',#7712,#7704,#7714,.T.);
#7712 = VERTEX_POINT('',#7713);
#7713 = CARTESIAN_POINT('',(21.783,7.132,0.));
#7714 = LINE('',#7715,#7716);
#7715 = CARTESIAN_POINT('',(21.783,7.132,0.));
#7716 = VECTOR('',#7717,1.);
#7717 = DIRECTION('',(0.,0.,1.));
#7718 = ORIENTED_EDGE('',*,*,#7719,.F.);
#7719 = EDGE_CURVE('',#7681,#7712,#7720,.T.);
#7720 = LINE('',#7721,#7722);
#7721 = CARTESIAN_POINT('',(21.814,7.057,0.));
#7722 = VECTOR('',#7723,1.);
#7723 = DIRECTION('',(-0.381988976935,0.924166879681,0.));
#7724 = PLANE('',#7725);
#7725 = AXIS2_PLACEMENT_3D('',#7726,#7727,#7728);
#7726 = CARTESIAN_POINT('',(21.814,7.057,0.));
#7727 = DIRECTION('',(-0.924166879681,-0.381988976935,0.));
#7728 = DIRECTION('',(-0.381988976935,0.924166879681,0.));
#7729 = ADVANCED_FACE('',(#7730),#7755,.T.);
#7730 = FACE_BOUND('',#7731,.T.);
#7731 = EDGE_LOOP('',(#7732,#7733,#7741,#7749));
#7732 = ORIENTED_EDGE('',*,*,#7711,.T.);
#7733 = ORIENTED_EDGE('',*,*,#7734,.T.);
#7734 = EDGE_CURVE('',#7704,#7735,#7737,.T.);
#7735 = VERTEX_POINT('',#7736);
#7736 = CARTESIAN_POINT('',(21.738,7.2,0.4103624));
#7737 = LINE('',#7738,#7739);
#7738 = CARTESIAN_POINT('',(21.783,7.132,0.4103624));
#7739 = VECTOR('',#7740,1.);
#7740 = DIRECTION('',(-0.551866900848,0.833932205727,0.));
#7741 = ORIENTED_EDGE('',*,*,#7742,.F.);
#7742 = EDGE_CURVE('',#7743,#7735,#7745,.T.);
#7743 = VERTEX_POINT('',#7744);
#7744 = CARTESIAN_POINT('',(21.738,7.2,0.));
#7745 = LINE('',#7746,#7747);
#7746 = CARTESIAN_POINT('',(21.738,7.2,0.));
#7747 = VECTOR('',#7748,1.);
#7748 = DIRECTION('',(0.,0.,1.));
#7749 = ORIENTED_EDGE('',*,*,#7750,.F.);
#7750 = EDGE_CURVE('',#7712,#7743,#7751,.T.);
#7751 = LINE('',#7752,#7753);
#7752 = CARTESIAN_POINT('',(21.783,7.132,0.));
#7753 = VECTOR('',#7754,1.);
#7754 = DIRECTION('',(-0.551866900848,0.833932205727,0.));
#7755 = PLANE('',#7756);
#7756 = AXIS2_PLACEMENT_3D('',#7757,#7758,#7759);
#7757 = CARTESIAN_POINT('',(21.783,7.132,0.));
#7758 = DIRECTION('',(-0.833932205727,-0.551866900848,0.));
#7759 = DIRECTION('',(-0.551866900848,0.833932205727,0.));
#7760 = ADVANCED_FACE('',(#7761),#7786,.T.);
#7761 = FACE_BOUND('',#7762,.T.);
#7762 = EDGE_LOOP('',(#7763,#7764,#7772,#7780));
#7763 = ORIENTED_EDGE('',*,*,#7742,.T.);
#7764 = ORIENTED_EDGE('',*,*,#7765,.T.);
#7765 = EDGE_CURVE('',#7735,#7766,#7768,.T.);
#7766 = VERTEX_POINT('',#7767);
#7767 = CARTESIAN_POINT('',(21.699,7.272,0.4103624));
#7768 = LINE('',#7769,#7770);
#7769 = CARTESIAN_POINT('',(21.738,7.2,0.4103624));
#7770 = VECTOR('',#7771,1.);
#7771 = DIRECTION('',(-0.476283148541,0.879291966537,0.));
#7772 = ORIENTED_EDGE('',*,*,#7773,.F.);
#7773 = EDGE_CURVE('',#7774,#7766,#7776,.T.);
#7774 = VERTEX_POINT('',#7775);
#7775 = CARTESIAN_POINT('',(21.699,7.272,0.));
#7776 = LINE('',#7777,#7778);
#7777 = CARTESIAN_POINT('',(21.699,7.272,0.));
#7778 = VECTOR('',#7779,1.);
#7779 = DIRECTION('',(0.,0.,1.));
#7780 = ORIENTED_EDGE('',*,*,#7781,.F.);
#7781 = EDGE_CURVE('',#7743,#7774,#7782,.T.);
#7782 = LINE('',#7783,#7784);
#7783 = CARTESIAN_POINT('',(21.738,7.2,0.));
#7784 = VECTOR('',#7785,1.);
#7785 = DIRECTION('',(-0.476283148541,0.879291966537,0.));
#7786 = PLANE('',#7787);
#7787 = AXIS2_PLACEMENT_3D('',#7788,#7789,#7790);
#7788 = CARTESIAN_POINT('',(21.738,7.2,0.));
#7789 = DIRECTION('',(-0.879291966537,-0.476283148541,0.));
#7790 = DIRECTION('',(-0.476283148541,0.879291966537,0.));
#7791 = ADVANCED_FACE('',(#7792),#7817,.T.);
#7792 = FACE_BOUND('',#7793,.T.);
#7793 = EDGE_LOOP('',(#7794,#7795,#7803,#7811));
#7794 = ORIENTED_EDGE('',*,*,#7773,.T.);
#7795 = ORIENTED_EDGE('',*,*,#7796,.T.);
#7796 = EDGE_CURVE('',#7766,#7797,#7799,.T.);
#7797 = VERTEX_POINT('',#7798);
#7798 = CARTESIAN_POINT('',(21.648,7.335,0.4103624));
#7799 = LINE('',#7800,#7801);
#7800 = CARTESIAN_POINT('',(21.699,7.272,0.4103624));
#7801 = VECTOR('',#7802,1.);
#7802 = DIRECTION('',(-0.629198228668,0.777244870707,0.));
#7803 = ORIENTED_EDGE('',*,*,#7804,.F.);
#7804 = EDGE_CURVE('',#7805,#7797,#7807,.T.);
#7805 = VERTEX_POINT('',#7806);
#7806 = CARTESIAN_POINT('',(21.648,7.335,0.));
#7807 = LINE('',#7808,#7809);
#7808 = CARTESIAN_POINT('',(21.648,7.335,0.));
#7809 = VECTOR('',#7810,1.);
#7810 = DIRECTION('',(0.,0.,1.));
#7811 = ORIENTED_EDGE('',*,*,#7812,.F.);
#7812 = EDGE_CURVE('',#7774,#7805,#7813,.T.);
#7813 = LINE('',#7814,#7815);
#7814 = CARTESIAN_POINT('',(21.699,7.272,0.));
#7815 = VECTOR('',#7816,1.);
#7816 = DIRECTION('',(-0.629198228668,0.777244870707,0.));
#7817 = PLANE('',#7818);
#7818 = AXIS2_PLACEMENT_3D('',#7819,#7820,#7821);
#7819 = CARTESIAN_POINT('',(21.699,7.272,0.));
#7820 = DIRECTION('',(-0.777244870707,-0.629198228668,0.));
#7821 = DIRECTION('',(-0.629198228668,0.777244870707,0.));
#7822 = ADVANCED_FACE('',(#7823),#7848,.T.);
#7823 = FACE_BOUND('',#7824,.T.);
#7824 = EDGE_LOOP('',(#7825,#7826,#7834,#7842));
#7825 = ORIENTED_EDGE('',*,*,#7804,.T.);
#7826 = ORIENTED_EDGE('',*,*,#7827,.T.);
#7827 = EDGE_CURVE('',#7797,#7828,#7830,.T.);
#7828 = VERTEX_POINT('',#7829);
#7829 = CARTESIAN_POINT('',(21.602,7.402,0.4103624));
#7830 = LINE('',#7831,#7832);
#7831 = CARTESIAN_POINT('',(21.648,7.335,0.4103624));
#7832 = VECTOR('',#7833,1.);
#7833 = DIRECTION('',(-0.566006502692,0.824400775661,0.));
#7834 = ORIENTED_EDGE('',*,*,#7835,.F.);
#7835 = EDGE_CURVE('',#7836,#7828,#7838,.T.);
#7836 = VERTEX_POINT('',#7837);
#7837 = CARTESIAN_POINT('',(21.602,7.402,0.));
#7838 = LINE('',#7839,#7840);
#7839 = CARTESIAN_POINT('',(21.602,7.402,0.));
#7840 = VECTOR('',#7841,1.);
#7841 = DIRECTION('',(0.,0.,1.));
#7842 = ORIENTED_EDGE('',*,*,#7843,.F.);
#7843 = EDGE_CURVE('',#7805,#7836,#7844,.T.);
#7844 = LINE('',#7845,#7846);
#7845 = CARTESIAN_POINT('',(21.648,7.335,0.));
#7846 = VECTOR('',#7847,1.);
#7847 = DIRECTION('',(-0.566006502692,0.824400775661,0.));
#7848 = PLANE('',#7849);
#7849 = AXIS2_PLACEMENT_3D('',#7850,#7851,#7852);
#7850 = CARTESIAN_POINT('',(21.648,7.335,0.));
#7851 = DIRECTION('',(-0.824400775661,-0.566006502692,0.));
#7852 = DIRECTION('',(-0.566006502692,0.824400775661,0.));
#7853 = ADVANCED_FACE('',(#7854),#7879,.T.);
#7854 = FACE_BOUND('',#7855,.T.);
#7855 = EDGE_LOOP('',(#7856,#7857,#7865,#7873));
#7856 = ORIENTED_EDGE('',*,*,#7835,.T.);
#7857 = ORIENTED_EDGE('',*,*,#7858,.T.);
#7858 = EDGE_CURVE('',#7828,#7859,#7861,.T.);
#7859 = VERTEX_POINT('',#7860);
#7860 = CARTESIAN_POINT('',(21.545,7.46,0.4103624));
#7861 = LINE('',#7862,#7863);
#7862 = CARTESIAN_POINT('',(21.602,7.402,0.4103624));
#7863 = VECTOR('',#7864,1.);
#7864 = DIRECTION('',(-0.700931526822,0.713228571152,0.));
#7865 = ORIENTED_EDGE('',*,*,#7866,.F.);
#7866 = EDGE_CURVE('',#7867,#7859,#7869,.T.);
#7867 = VERTEX_POINT('',#7868);
#7868 = CARTESIAN_POINT('',(21.545,7.46,0.));
#7869 = LINE('',#7870,#7871);
#7870 = CARTESIAN_POINT('',(21.545,7.46,0.));
#7871 = VECTOR('',#7872,1.);
#7872 = DIRECTION('',(0.,0.,1.));
#7873 = ORIENTED_EDGE('',*,*,#7874,.F.);
#7874 = EDGE_CURVE('',#7836,#7867,#7875,.T.);
#7875 = LINE('',#7876,#7877);
#7876 = CARTESIAN_POINT('',(21.602,7.402,0.));
#7877 = VECTOR('',#7878,1.);
#7878 = DIRECTION('',(-0.700931526822,0.713228571152,0.));
#7879 = PLANE('',#7880);
#7880 = AXIS2_PLACEMENT_3D('',#7881,#7882,#7883);
#7881 = CARTESIAN_POINT('',(21.602,7.402,0.));
#7882 = DIRECTION('',(-0.713228571152,-0.700931526822,0.));
#7883 = DIRECTION('',(-0.700931526822,0.713228571152,0.));
#7884 = ADVANCED_FACE('',(#7885),#7910,.T.);
#7885 = FACE_BOUND('',#7886,.T.);
#7886 = EDGE_LOOP('',(#7887,#7888,#7896,#7904));
#7887 = ORIENTED_EDGE('',*,*,#7866,.T.);
#7888 = ORIENTED_EDGE('',*,*,#7889,.T.);
#7889 = EDGE_CURVE('',#7859,#7890,#7892,.T.);
#7890 = VERTEX_POINT('',#7891);
#7891 = CARTESIAN_POINT('',(21.493,7.523,0.4103624));
#7892 = LINE('',#7893,#7894);
#7893 = CARTESIAN_POINT('',(21.545,7.46,0.4103624));
#7894 = VECTOR('',#7895,1.);
#7895 = DIRECTION('',(-0.63656503651,0.771223025002,0.));
#7896 = ORIENTED_EDGE('',*,*,#7897,.F.);
#7897 = EDGE_CURVE('',#7898,#7890,#7900,.T.);
#7898 = VERTEX_POINT('',#7899);
#7899 = CARTESIAN_POINT('',(21.493,7.523,0.));
#7900 = LINE('',#7901,#7902);
#7901 = CARTESIAN_POINT('',(21.493,7.523,0.));
#7902 = VECTOR('',#7903,1.);
#7903 = DIRECTION('',(0.,0.,1.));
#7904 = ORIENTED_EDGE('',*,*,#7905,.F.);
#7905 = EDGE_CURVE('',#7867,#7898,#7906,.T.);
#7906 = LINE('',#7907,#7908);
#7907 = CARTESIAN_POINT('',(21.545,7.46,0.));
#7908 = VECTOR('',#7909,1.);
#7909 = DIRECTION('',(-0.63656503651,0.771223025002,0.));
#7910 = PLANE('',#7911);
#7911 = AXIS2_PLACEMENT_3D('',#7912,#7913,#7914);
#7912 = CARTESIAN_POINT('',(21.545,7.46,0.));
#7913 = DIRECTION('',(-0.771223025002,-0.63656503651,0.));
#7914 = DIRECTION('',(-0.63656503651,0.771223025002,0.));
#7915 = ADVANCED_FACE('',(#7916),#7941,.T.);
#7916 = FACE_BOUND('',#7917,.T.);
#7917 = EDGE_LOOP('',(#7918,#7919,#7927,#7935));
#7918 = ORIENTED_EDGE('',*,*,#7897,.T.);
#7919 = ORIENTED_EDGE('',*,*,#7920,.T.);
#7920 = EDGE_CURVE('',#7890,#7921,#7923,.T.);
#7921 = VERTEX_POINT('',#7922);
#7922 = CARTESIAN_POINT('',(21.43,7.575,0.4103624));
#7923 = LINE('',#7924,#7925);
#7924 = CARTESIAN_POINT('',(21.493,7.523,0.4103624));
#7925 = VECTOR('',#7926,1.);
#7926 = DIRECTION('',(-0.771223025002,0.63656503651,0.));
#7927 = ORIENTED_EDGE('',*,*,#7928,.F.);
#7928 = EDGE_CURVE('',#7929,#7921,#7931,.T.);
#7929 = VERTEX_POINT('',#7930);
#7930 = CARTESIAN_POINT('',(21.43,7.575,0.));
#7931 = LINE('',#7932,#7933);
#7932 = CARTESIAN_POINT('',(21.43,7.575,0.));
#7933 = VECTOR('',#7934,1.);
#7934 = DIRECTION('',(0.,0.,1.));
#7935 = ORIENTED_EDGE('',*,*,#7936,.F.);
#7936 = EDGE_CURVE('',#7898,#7929,#7937,.T.);
#7937 = LINE('',#7938,#7939);
#7938 = CARTESIAN_POINT('',(21.493,7.523,0.));
#7939 = VECTOR('',#7940,1.);
#7940 = DIRECTION('',(-0.771223025002,0.63656503651,0.));
#7941 = PLANE('',#7942);
#7942 = AXIS2_PLACEMENT_3D('',#7943,#7944,#7945);
#7943 = CARTESIAN_POINT('',(21.493,7.523,0.));
#7944 = DIRECTION('',(-0.63656503651,-0.771223025002,0.));
#7945 = DIRECTION('',(-0.771223025002,0.63656503651,0.));
#7946 = ADVANCED_FACE('',(#7947),#7972,.T.);
#7947 = FACE_BOUND('',#7948,.T.);
#7948 = EDGE_LOOP('',(#7949,#7950,#7958,#7966));
#7949 = ORIENTED_EDGE('',*,*,#7928,.T.);
#7950 = ORIENTED_EDGE('',*,*,#7951,.T.);
#7951 = EDGE_CURVE('',#7921,#7952,#7954,.T.);
#7952 = VERTEX_POINT('',#7953);
#7953 = CARTESIAN_POINT('',(21.372,7.632,0.4103624));
#7954 = LINE('',#7955,#7956);
#7955 = CARTESIAN_POINT('',(21.43,7.575,0.4103624));
#7956 = VECTOR('',#7957,1.);
#7957 = DIRECTION('',(-0.713228571152,0.700931526822,0.));
#7958 = ORIENTED_EDGE('',*,*,#7959,.F.);
#7959 = EDGE_CURVE('',#7960,#7952,#7962,.T.);
#7960 = VERTEX_POINT('',#7961);
#7961 = CARTESIAN_POINT('',(21.372,7.632,0.));
#7962 = LINE('',#7963,#7964);
#7963 = CARTESIAN_POINT('',(21.372,7.632,0.));
#7964 = VECTOR('',#7965,1.);
#7965 = DIRECTION('',(0.,0.,1.));
#7966 = ORIENTED_EDGE('',*,*,#7967,.F.);
#7967 = EDGE_CURVE('',#7929,#7960,#7968,.T.);
#7968 = LINE('',#7969,#7970);
#7969 = CARTESIAN_POINT('',(21.43,7.575,0.));
#7970 = VECTOR('',#7971,1.);
#7971 = DIRECTION('',(-0.713228571152,0.700931526822,0.));
#7972 = PLANE('',#7973);
#7973 = AXIS2_PLACEMENT_3D('',#7974,#7975,#7976);
#7974 = CARTESIAN_POINT('',(21.43,7.575,0.));
#7975 = DIRECTION('',(-0.700931526822,-0.713228571152,0.));
#7976 = DIRECTION('',(-0.713228571152,0.700931526822,0.));
#7977 = ADVANCED_FACE('',(#7978),#8003,.T.);
#7978 = FACE_BOUND('',#7979,.T.);
#7979 = EDGE_LOOP('',(#7980,#7981,#7989,#7997));
#7980 = ORIENTED_EDGE('',*,*,#7959,.T.);
#7981 = ORIENTED_EDGE('',*,*,#7982,.T.);
#7982 = EDGE_CURVE('',#7952,#7983,#7985,.T.);
#7983 = VERTEX_POINT('',#7984);
#7984 = CARTESIAN_POINT('',(21.305,7.678,0.4103624));
#7985 = LINE('',#7986,#7987);
#7986 = CARTESIAN_POINT('',(21.372,7.632,0.4103624));
#7987 = VECTOR('',#7988,1.);
#7988 = DIRECTION('',(-0.824400775661,0.566006502692,0.));
#7989 = ORIENTED_EDGE('',*,*,#7990,.F.);
#7990 = EDGE_CURVE('',#7991,#7983,#7993,.T.);
#7991 = VERTEX_POINT('',#7992);
#7992 = CARTESIAN_POINT('',(21.305,7.678,0.));
#7993 = LINE('',#7994,#7995);
#7994 = CARTESIAN_POINT('',(21.305,7.678,0.));
#7995 = VECTOR('',#7996,1.);
#7996 = DIRECTION('',(0.,0.,1.));
#7997 = ORIENTED_EDGE('',*,*,#7998,.F.);
#7998 = EDGE_CURVE('',#7960,#7991,#7999,.T.);
#7999 = LINE('',#8000,#8001);
#8000 = CARTESIAN_POINT('',(21.372,7.632,0.));
#8001 = VECTOR('',#8002,1.);
#8002 = DIRECTION('',(-0.824400775661,0.566006502692,0.));
#8003 = PLANE('',#8004);
#8004 = AXIS2_PLACEMENT_3D('',#8005,#8006,#8007);
#8005 = CARTESIAN_POINT('',(21.372,7.632,0.));
#8006 = DIRECTION('',(-0.566006502692,-0.824400775661,0.));
#8007 = DIRECTION('',(-0.824400775661,0.566006502692,0.));
#8008 = ADVANCED_FACE('',(#8009),#8034,.T.);
#8009 = FACE_BOUND('',#8010,.T.);
#8010 = EDGE_LOOP('',(#8011,#8012,#8020,#8028));
#8011 = ORIENTED_EDGE('',*,*,#7990,.T.);
#8012 = ORIENTED_EDGE('',*,*,#8013,.T.);
#8013 = EDGE_CURVE('',#7983,#8014,#8016,.T.);
#8014 = VERTEX_POINT('',#8015);
#8015 = CARTESIAN_POINT('',(21.242,7.729,0.4103624));
#8016 = LINE('',#8017,#8018);
#8017 = CARTESIAN_POINT('',(21.305,7.678,0.4103624));
#8018 = VECTOR('',#8019,1.);
#8019 = DIRECTION('',(-0.777244870707,0.629198228668,0.));
#8020 = ORIENTED_EDGE('',*,*,#8021,.F.);
#8021 = EDGE_CURVE('',#8022,#8014,#8024,.T.);
#8022 = VERTEX_POINT('',#8023);
#8023 = CARTESIAN_POINT('',(21.242,7.729,0.));
#8024 = LINE('',#8025,#8026);
#8025 = CARTESIAN_POINT('',(21.242,7.729,0.));
#8026 = VECTOR('',#8027,1.);
#8027 = DIRECTION('',(0.,0.,1.));
#8028 = ORIENTED_EDGE('',*,*,#8029,.F.);
#8029 = EDGE_CURVE('',#7991,#8022,#8030,.T.);
#8030 = LINE('',#8031,#8032);
#8031 = CARTESIAN_POINT('',(21.305,7.678,0.));
#8032 = VECTOR('',#8033,1.);
#8033 = DIRECTION('',(-0.777244870707,0.629198228668,0.));
#8034 = PLANE('',#8035);
#8035 = AXIS2_PLACEMENT_3D('',#8036,#8037,#8038);
#8036 = CARTESIAN_POINT('',(21.305,7.678,0.));
#8037 = DIRECTION('',(-0.629198228668,-0.777244870707,0.));
#8038 = DIRECTION('',(-0.777244870707,0.629198228668,0.));
#8039 = ADVANCED_FACE('',(#8040),#8065,.T.);
#8040 = FACE_BOUND('',#8041,.T.);
#8041 = EDGE_LOOP('',(#8042,#8043,#8051,#8059));
#8042 = ORIENTED_EDGE('',*,*,#8021,.T.);
#8043 = ORIENTED_EDGE('',*,*,#8044,.T.);
#8044 = EDGE_CURVE('',#8014,#8045,#8047,.T.);
#8045 = VERTEX_POINT('',#8046);
#8046 = CARTESIAN_POINT('',(21.17,7.768,0.4103624));
#8047 = LINE('',#8048,#8049);
#8048 = CARTESIAN_POINT('',(21.242,7.729,0.4103624));
#8049 = VECTOR('',#8050,1.);
#8050 = DIRECTION('',(-0.879291966537,0.476283148541,0.));
#8051 = ORIENTED_EDGE('',*,*,#8052,.F.);
#8052 = EDGE_CURVE('',#8053,#8045,#8055,.T.);
#8053 = VERTEX_POINT('',#8054);
#8054 = CARTESIAN_POINT('',(21.17,7.768,0.));
#8055 = LINE('',#8056,#8057);
#8056 = CARTESIAN_POINT('',(21.17,7.768,0.));
#8057 = VECTOR('',#8058,1.);
#8058 = DIRECTION('',(0.,0.,1.));
#8059 = ORIENTED_EDGE('',*,*,#8060,.F.);
#8060 = EDGE_CURVE('',#8022,#8053,#8061,.T.);
#8061 = LINE('',#8062,#8063);
#8062 = CARTESIAN_POINT('',(21.242,7.729,0.));
#8063 = VECTOR('',#8064,1.);
#8064 = DIRECTION('',(-0.879291966537,0.476283148541,0.));
#8065 = PLANE('',#8066);
#8066 = AXIS2_PLACEMENT_3D('',#8067,#8068,#8069);
#8067 = CARTESIAN_POINT('',(21.242,7.729,0.));
#8068 = DIRECTION('',(-0.476283148541,-0.879291966537,0.));
#8069 = DIRECTION('',(-0.879291966537,0.476283148541,0.));
#8070 = ADVANCED_FACE('',(#8071),#8096,.T.);
#8071 = FACE_BOUND('',#8072,.T.);
#8072 = EDGE_LOOP('',(#8073,#8074,#8082,#8090));
#8073 = ORIENTED_EDGE('',*,*,#8052,.T.);
#8074 = ORIENTED_EDGE('',*,*,#8075,.T.);
#8075 = EDGE_CURVE('',#8045,#8076,#8078,.T.);
#8076 = VERTEX_POINT('',#8077);
#8077 = CARTESIAN_POINT('',(21.102,7.813,0.4103624));
#8078 = LINE('',#8079,#8080);
#8079 = CARTESIAN_POINT('',(21.17,7.768,0.4103624));
#8080 = VECTOR('',#8081,1.);
#8081 = DIRECTION('',(-0.833932205727,0.551866900848,0.));
#8082 = ORIENTED_EDGE('',*,*,#8083,.F.);
#8083 = EDGE_CURVE('',#8084,#8076,#8086,.T.);
#8084 = VERTEX_POINT('',#8085);
#8085 = CARTESIAN_POINT('',(21.102,7.813,0.));
#8086 = LINE('',#8087,#8088);
#8087 = CARTESIAN_POINT('',(21.102,7.813,0.));
#8088 = VECTOR('',#8089,1.);
#8089 = DIRECTION('',(0.,0.,1.));
#8090 = ORIENTED_EDGE('',*,*,#8091,.F.);
#8091 = EDGE_CURVE('',#8053,#8084,#8092,.T.);
#8092 = LINE('',#8093,#8094);
#8093 = CARTESIAN_POINT('',(21.17,7.768,0.));
#8094 = VECTOR('',#8095,1.);
#8095 = DIRECTION('',(-0.833932205727,0.551866900848,0.));
#8096 = PLANE('',#8097);
#8097 = AXIS2_PLACEMENT_3D('',#8098,#8099,#8100);
#8098 = CARTESIAN_POINT('',(21.17,7.768,0.));
#8099 = DIRECTION('',(-0.551866900848,-0.833932205727,0.));
#8100 = DIRECTION('',(-0.833932205727,0.551866900848,0.));
#8101 = ADVANCED_FACE('',(#8102),#8127,.T.);
#8102 = FACE_BOUND('',#8103,.T.);
#8103 = EDGE_LOOP('',(#8104,#8105,#8113,#8121));
#8104 = ORIENTED_EDGE('',*,*,#8083,.T.);
#8105 = ORIENTED_EDGE('',*,*,#8106,.T.);
#8106 = EDGE_CURVE('',#8076,#8107,#8109,.T.);
#8107 = VERTEX_POINT('',#8108);
#8108 = CARTESIAN_POINT('',(21.027,7.844,0.4103624));
#8109 = LINE('',#8110,#8111);
#8110 = CARTESIAN_POINT('',(21.102,7.813,0.4103624));
#8111 = VECTOR('',#8112,1.);
#8112 = DIRECTION('',(-0.924166879681,0.381988976935,0.));
#8113 = ORIENTED_EDGE('',*,*,#8114,.F.);
#8114 = EDGE_CURVE('',#8115,#8107,#8117,.T.);
#8115 = VERTEX_POINT('',#8116);
#8116 = CARTESIAN_POINT('',(21.027,7.844,0.));
#8117 = LINE('',#8118,#8119);
#8118 = CARTESIAN_POINT('',(21.027,7.844,0.));
#8119 = VECTOR('',#8120,1.);
#8120 = DIRECTION('',(0.,0.,1.));
#8121 = ORIENTED_EDGE('',*,*,#8122,.F.);
#8122 = EDGE_CURVE('',#8084,#8115,#8123,.T.);
#8123 = LINE('',#8124,#8125);
#8124 = CARTESIAN_POINT('',(21.102,7.813,0.));
#8125 = VECTOR('',#8126,1.);
#8126 = DIRECTION('',(-0.924166879681,0.381988976935,0.));
#8127 = PLANE('',#8128);
#8128 = AXIS2_PLACEMENT_3D('',#8129,#8130,#8131);
#8129 = CARTESIAN_POINT('',(21.102,7.813,0.));
#8130 = DIRECTION('',(-0.381988976935,-0.924166879681,0.));
#8131 = DIRECTION('',(-0.924166879681,0.381988976935,0.));
#8132 = ADVANCED_FACE('',(#8133),#8158,.T.);
#8133 = FACE_BOUND('',#8134,.T.);
#8134 = EDGE_LOOP('',(#8135,#8136,#8144,#8152));
#8135 = ORIENTED_EDGE('',*,*,#8114,.T.);
#8136 = ORIENTED_EDGE('',*,*,#8137,.T.);
#8137 = EDGE_CURVE('',#8107,#8138,#8140,.T.);
#8138 = VERTEX_POINT('',#8139);
#8139 = CARTESIAN_POINT('',(20.955,7.883,0.4103624));
#8140 = LINE('',#8141,#8142);
#8141 = CARTESIAN_POINT('',(21.027,7.844,0.4103624));
#8142 = VECTOR('',#8143,1.);
#8143 = DIRECTION('',(-0.879291966537,0.476283148541,0.));
#8144 = ORIENTED_EDGE('',*,*,#8145,.F.);
#8145 = EDGE_CURVE('',#8146,#8138,#8148,.T.);
#8146 = VERTEX_POINT('',#8147);
#8147 = CARTESIAN_POINT('',(20.955,7.883,0.));
#8148 = LINE('',#8149,#8150);
#8149 = CARTESIAN_POINT('',(20.955,7.883,0.));
#8150 = VECTOR('',#8151,1.);
#8151 = DIRECTION('',(0.,0.,1.));
#8152 = ORIENTED_EDGE('',*,*,#8153,.F.);
#8153 = EDGE_CURVE('',#8115,#8146,#8154,.T.);
#8154 = LINE('',#8155,#8156);
#8155 = CARTESIAN_POINT('',(21.027,7.844,0.));
#8156 = VECTOR('',#8157,1.);
#8157 = DIRECTION('',(-0.879291966537,0.476283148541,0.));
#8158 = PLANE('',#8159);
#8159 = AXIS2_PLACEMENT_3D('',#8160,#8161,#8162);
#8160 = CARTESIAN_POINT('',(21.027,7.844,0.));
#8161 = DIRECTION('',(-0.476283148541,-0.879291966537,0.));
#8162 = DIRECTION('',(-0.879291966537,0.476283148541,0.));
#8163 = ADVANCED_FACE('',(#8164),#8189,.T.);
#8164 = FACE_BOUND('',#8165,.T.);
#8165 = EDGE_LOOP('',(#8166,#8167,#8175,#8183));
#8166 = ORIENTED_EDGE('',*,*,#8145,.T.);
#8167 = ORIENTED_EDGE('',*,*,#8168,.T.);
#8168 = EDGE_CURVE('',#8138,#8169,#8171,.T.);
#8169 = VERTEX_POINT('',#8170);
#8170 = CARTESIAN_POINT('',(20.877,7.906,0.4103624));
#8171 = LINE('',#8172,#8173);
#8172 = CARTESIAN_POINT('',(20.955,7.883,0.4103624));
#8173 = VECTOR('',#8174,1.);
#8174 = DIRECTION('',(-0.959169457756,0.282832019595,0.));
#8175 = ORIENTED_EDGE('',*,*,#8176,.F.);
#8176 = EDGE_CURVE('',#8177,#8169,#8179,.T.);
#8177 = VERTEX_POINT('',#8178);
#8178 = CARTESIAN_POINT('',(20.877,7.906,0.));
#8179 = LINE('',#8180,#8181);
#8180 = CARTESIAN_POINT('',(20.877,7.906,0.));
#8181 = VECTOR('',#8182,1.);
#8182 = DIRECTION('',(0.,0.,1.));
#8183 = ORIENTED_EDGE('',*,*,#8184,.F.);
#8184 = EDGE_CURVE('',#8146,#8177,#8185,.T.);
#8185 = LINE('',#8186,#8187);
#8186 = CARTESIAN_POINT('',(20.955,7.883,0.));
#8187 = VECTOR('',#8188,1.);
#8188 = DIRECTION('',(-0.959169457756,0.282832019595,0.));
#8189 = PLANE('',#8190);
#8190 = AXIS2_PLACEMENT_3D('',#8191,#8192,#8193);
#8191 = CARTESIAN_POINT('',(20.955,7.883,0.));
#8192 = DIRECTION('',(-0.282832019595,-0.959169457756,0.));
#8193 = DIRECTION('',(-0.959169457756,0.282832019595,0.));
#8194 = ADVANCED_FACE('',(#8195),#8220,.T.);
#8195 = FACE_BOUND('',#8196,.T.);
#8196 = EDGE_LOOP('',(#8197,#8198,#8206,#8214));
#8197 = ORIENTED_EDGE('',*,*,#8176,.T.);
#8198 = ORIENTED_EDGE('',*,*,#8199,.T.);
#8199 = EDGE_CURVE('',#8169,#8200,#8202,.T.);
#8200 = VERTEX_POINT('',#8201);
#8201 = CARTESIAN_POINT('',(20.802,7.938,0.4103624));
#8202 = LINE('',#8203,#8204);
#8203 = CARTESIAN_POINT('',(20.877,7.906,0.4103624));
#8204 = VECTOR('',#8205,1.);
#8205 = DIRECTION('',(-0.919778168081,0.392438685048,0.));
#8206 = ORIENTED_EDGE('',*,*,#8207,.F.);
#8207 = EDGE_CURVE('',#8208,#8200,#8210,.T.);
#8208 = VERTEX_POINT('',#8209);
#8209 = CARTESIAN_POINT('',(20.802,7.938,0.));
#8210 = LINE('',#8211,#8212);
#8211 = CARTESIAN_POINT('',(20.802,7.938,0.));
#8212 = VECTOR('',#8213,1.);
#8213 = DIRECTION('',(0.,0.,1.));
#8214 = ORIENTED_EDGE('',*,*,#8215,.F.);
#8215 = EDGE_CURVE('',#8177,#8208,#8216,.T.);
#8216 = LINE('',#8217,#8218);
#8217 = CARTESIAN_POINT('',(20.877,7.906,0.));
#8218 = VECTOR('',#8219,1.);
#8219 = DIRECTION('',(-0.919778168081,0.392438685048,0.));
#8220 = PLANE('',#8221);
#8221 = AXIS2_PLACEMENT_3D('',#8222,#8223,#8224);
#8222 = CARTESIAN_POINT('',(20.877,7.906,0.));
#8223 = DIRECTION('',(-0.392438685048,-0.919778168081,0.));
#8224 = DIRECTION('',(-0.919778168081,0.392438685048,0.));
#8225 = ADVANCED_FACE('',(#8226),#8251,.T.);
#8226 = FACE_BOUND('',#8227,.T.);
#8227 = EDGE_LOOP('',(#8228,#8229,#8237,#8245));
#8228 = ORIENTED_EDGE('',*,*,#8207,.T.);
#8229 = ORIENTED_EDGE('',*,*,#8230,.T.);
#8230 = EDGE_CURVE('',#8200,#8231,#8233,.T.);
#8231 = VERTEX_POINT('',#8232);
#8232 = CARTESIAN_POINT('',(20.722,7.953,0.4103624));
#8233 = LINE('',#8234,#8235);
#8234 = CARTESIAN_POINT('',(20.802,7.938,0.4103624));
#8235 = VECTOR('',#8236,1.);
#8236 = DIRECTION('',(-0.982872186934,0.18428853505,0.));
#8237 = ORIENTED_EDGE('',*,*,#8238,.F.);
#8238 = EDGE_CURVE('',#8239,#8231,#8241,.T.);
#8239 = VERTEX_POINT('',#8240);
#8240 = CARTESIAN_POINT('',(20.722,7.953,0.));
#8241 = LINE('',#8242,#8243);
#8242 = CARTESIAN_POINT('',(20.722,7.953,0.));
#8243 = VECTOR('',#8244,1.);
#8244 = DIRECTION('',(0.,0.,1.));
#8245 = ORIENTED_EDGE('',*,*,#8246,.F.);
#8246 = EDGE_CURVE('',#8208,#8239,#8247,.T.);
#8247 = LINE('',#8248,#8249);
#8248 = CARTESIAN_POINT('',(20.802,7.938,0.));
#8249 = VECTOR('',#8250,1.);
#8250 = DIRECTION('',(-0.982872186934,0.18428853505,0.));
#8251 = PLANE('',#8252);
#8252 = AXIS2_PLACEMENT_3D('',#8253,#8254,#8255);
#8253 = CARTESIAN_POINT('',(20.802,7.938,0.));
#8254 = DIRECTION('',(-0.18428853505,-0.982872186934,0.));
#8255 = DIRECTION('',(-0.982872186934,0.18428853505,0.));
#8256 = ADVANCED_FACE('',(#8257),#8282,.T.);
#8257 = FACE_BOUND('',#8258,.T.);
#8258 = EDGE_LOOP('',(#8259,#8260,#8268,#8276));
#8259 = ORIENTED_EDGE('',*,*,#8238,.T.);
#8260 = ORIENTED_EDGE('',*,*,#8261,.T.);
#8261 = EDGE_CURVE('',#8231,#8262,#8264,.T.);
#8262 = VERTEX_POINT('',#8263);
#8263 = CARTESIAN_POINT('',(20.644,7.977,0.4103624));
#8264 = LINE('',#8265,#8266);
#8265 = CARTESIAN_POINT('',(20.722,7.953,0.4103624));
#8266 = VECTOR('',#8267,1.);
#8267 = DIRECTION('',(-0.955779008722,0.294085848838,0.));
#8268 = ORIENTED_EDGE('',*,*,#8269,.F.);
#8269 = EDGE_CURVE('',#8270,#8262,#8272,.T.);
#8270 = VERTEX_POINT('',#8271);
#8271 = CARTESIAN_POINT('',(20.644,7.977,0.));
#8272 = LINE('',#8273,#8274);
#8273 = CARTESIAN_POINT('',(20.644,7.977,0.));
#8274 = VECTOR('',#8275,1.);
#8275 = DIRECTION('',(0.,0.,1.));
#8276 = ORIENTED_EDGE('',*,*,#8277,.F.);
#8277 = EDGE_CURVE('',#8239,#8270,#8278,.T.);
#8278 = LINE('',#8279,#8280);
#8279 = CARTESIAN_POINT('',(20.722,7.953,0.));
#8280 = VECTOR('',#8281,1.);
#8281 = DIRECTION('',(-0.955779008722,0.294085848838,0.));
#8282 = PLANE('',#8283);
#8283 = AXIS2_PLACEMENT_3D('',#8284,#8285,#8286);
#8284 = CARTESIAN_POINT('',(20.722,7.953,0.));
#8285 = DIRECTION('',(-0.294085848838,-0.955779008722,0.));
#8286 = DIRECTION('',(-0.955779008722,0.294085848838,0.));
#8287 = ADVANCED_FACE('',(#8288),#8313,.T.);
#8288 = FACE_BOUND('',#8289,.T.);
#8289 = EDGE_LOOP('',(#8290,#8291,#8299,#8307));
#8290 = ORIENTED_EDGE('',*,*,#8269,.T.);
#8291 = ORIENTED_EDGE('',*,*,#8292,.T.);
#8292 = EDGE_CURVE('',#8262,#8293,#8295,.T.);
#8293 = VERTEX_POINT('',#8294);
#8294 = CARTESIAN_POINT('',(20.563,7.985,0.4103624));
#8295 = LINE('',#8296,#8297);
#8296 = CARTESIAN_POINT('',(20.644,7.977,0.4103624));
#8297 = VECTOR('',#8298,1.);
#8298 = DIRECTION('',(-0.995158089271,9.828721869343E-02,0.));
#8299 = ORIENTED_EDGE('',*,*,#8300,.F.);
#8300 = EDGE_CURVE('',#8301,#8293,#8303,.T.);
#8301 = VERTEX_POINT('',#8302);
#8302 = CARTESIAN_POINT('',(20.563,7.985,0.));
#8303 = LINE('',#8304,#8305);
#8304 = CARTESIAN_POINT('',(20.563,7.985,0.));
#8305 = VECTOR('',#8306,1.);
#8306 = DIRECTION('',(0.,0.,1.));
#8307 = ORIENTED_EDGE('',*,*,#8308,.F.);
#8308 = EDGE_CURVE('',#8270,#8301,#8309,.T.);
#8309 = LINE('',#8310,#8311);
#8310 = CARTESIAN_POINT('',(20.644,7.977,0.));
#8311 = VECTOR('',#8312,1.);
#8312 = DIRECTION('',(-0.995158089271,9.828721869343E-02,0.));
#8313 = PLANE('',#8314);
#8314 = AXIS2_PLACEMENT_3D('',#8315,#8316,#8317);
#8315 = CARTESIAN_POINT('',(20.644,7.977,0.));
#8316 = DIRECTION('',(-9.828721869343E-02,-0.995158089271,0.));
#8317 = DIRECTION('',(-0.995158089271,9.828721869343E-02,0.));
#8318 = ADVANCED_FACE('',(#8319),#8344,.T.);
#8319 = FACE_BOUND('',#8320,.T.);
#8320 = EDGE_LOOP('',(#8321,#8322,#8330,#8338));
#8321 = ORIENTED_EDGE('',*,*,#8300,.T.);
#8322 = ORIENTED_EDGE('',*,*,#8323,.T.);
#8323 = EDGE_CURVE('',#8293,#8324,#8326,.T.);
#8324 = VERTEX_POINT('',#8325);
#8325 = CARTESIAN_POINT('',(20.483,8.001,0.4103624));
#8326 = LINE('',#8327,#8328);
#8327 = CARTESIAN_POINT('',(20.563,7.985,0.4103624));
#8328 = VECTOR('',#8329,1.);
#8329 = DIRECTION('',(-0.980580675691,0.196116135138,0.));
#8330 = ORIENTED_EDGE('',*,*,#8331,.F.);
#8331 = EDGE_CURVE('',#8332,#8324,#8334,.T.);
#8332 = VERTEX_POINT('',#8333);
#8333 = CARTESIAN_POINT('',(20.483,8.001,0.));
#8334 = LINE('',#8335,#8336);
#8335 = CARTESIAN_POINT('',(20.483,8.001,0.));
#8336 = VECTOR('',#8337,1.);
#8337 = DIRECTION('',(0.,0.,1.));
#8338 = ORIENTED_EDGE('',*,*,#8339,.F.);
#8339 = EDGE_CURVE('',#8301,#8332,#8340,.T.);
#8340 = LINE('',#8341,#8342);
#8341 = CARTESIAN_POINT('',(20.563,7.985,0.));
#8342 = VECTOR('',#8343,1.);
#8343 = DIRECTION('',(-0.980580675691,0.196116135138,0.));
#8344 = PLANE('',#8345);
#8345 = AXIS2_PLACEMENT_3D('',#8346,#8347,#8348);
#8346 = CARTESIAN_POINT('',(20.563,7.985,0.));
#8347 = DIRECTION('',(-0.196116135138,-0.980580675691,0.));
#8348 = DIRECTION('',(-0.980580675691,0.196116135138,0.));
#8349 = ADVANCED_FACE('',(#8350),#8375,.T.);
#8350 = FACE_BOUND('',#8351,.T.);
#8351 = EDGE_LOOP('',(#8352,#8353,#8361,#8369));
#8352 = ORIENTED_EDGE('',*,*,#8331,.T.);
#8353 = ORIENTED_EDGE('',*,*,#8354,.T.);
#8354 = EDGE_CURVE('',#8324,#8355,#8357,.T.);
#8355 = VERTEX_POINT('',#8356);
#8356 = CARTESIAN_POINT('',(20.401,8.001,0.4103624));
#8357 = LINE('',#8358,#8359);
#8358 = CARTESIAN_POINT('',(20.483,8.001,0.4103624));
#8359 = VECTOR('',#8360,1.);
#8360 = DIRECTION('',(-1.,0.,0.));
#8361 = ORIENTED_EDGE('',*,*,#8362,.F.);
#8362 = EDGE_CURVE('',#8363,#8355,#8365,.T.);
#8363 = VERTEX_POINT('',#8364);
#8364 = CARTESIAN_POINT('',(20.401,8.001,0.));
#8365 = LINE('',#8366,#8367);
#8366 = CARTESIAN_POINT('',(20.401,8.001,0.));
#8367 = VECTOR('',#8368,1.);
#8368 = DIRECTION('',(0.,0.,1.));
#8369 = ORIENTED_EDGE('',*,*,#8370,.F.);
#8370 = EDGE_CURVE('',#8332,#8363,#8371,.T.);
#8371 = LINE('',#8372,#8373);
#8372 = CARTESIAN_POINT('',(20.483,8.001,0.));
#8373 = VECTOR('',#8374,1.);
#8374 = DIRECTION('',(-1.,0.,0.));
#8375 = PLANE('',#8376);
#8376 = AXIS2_PLACEMENT_3D('',#8377,#8378,#8379);
#8377 = CARTESIAN_POINT('',(20.483,8.001,0.));
#8378 = DIRECTION('',(0.,-1.,0.));
#8379 = DIRECTION('',(-1.,0.,0.));
#8380 = ADVANCED_FACE('',(#8381),#8397,.T.);
#8381 = FACE_BOUND('',#8382,.T.);
#8382 = EDGE_LOOP('',(#8383,#8384,#8390,#8391));
#8383 = ORIENTED_EDGE('',*,*,#8362,.T.);
#8384 = ORIENTED_EDGE('',*,*,#8385,.T.);
#8385 = EDGE_CURVE('',#8355,#4441,#8386,.T.);
#8386 = LINE('',#8387,#8388);
#8387 = CARTESIAN_POINT('',(20.401,8.001,0.4103624));
#8388 = VECTOR('',#8389,1.);
#8389 = DIRECTION('',(-0.995158089271,9.828721869344E-02,0.));
#8390 = ORIENTED_EDGE('',*,*,#4438,.F.);
#8391 = ORIENTED_EDGE('',*,*,#8392,.F.);
#8392 = EDGE_CURVE('',#8363,#4439,#8393,.T.);
#8393 = LINE('',#8394,#8395);
#8394 = CARTESIAN_POINT('',(20.401,8.001,0.));
#8395 = VECTOR('',#8396,1.);
#8396 = DIRECTION('',(-0.995158089271,9.828721869344E-02,0.));
#8397 = PLANE('',#8398);
#8398 = AXIS2_PLACEMENT_3D('',#8399,#8400,#8401);
#8399 = CARTESIAN_POINT('',(20.401,8.001,0.));
#8400 = DIRECTION('',(-9.828721869344E-02,-0.995158089271,0.));
#8401 = DIRECTION('',(-0.995158089271,9.828721869344E-02,0.));
#8402 = ADVANCED_FACE('',(#8403),#8430,.F.);
#8403 = FACE_BOUND('',#8404,.T.);
#8404 = EDGE_LOOP('',(#8405,#8415,#8422,#8423));
#8405 = ORIENTED_EDGE('',*,*,#8406,.T.);
#8406 = EDGE_CURVE('',#8407,#8409,#8411,.T.);
#8407 = VERTEX_POINT('',#8408);
#8408 = CARTESIAN_POINT('',(17.018,11.43,0.));
#8409 = VERTEX_POINT('',#8410);
#8410 = CARTESIAN_POINT('',(17.018,11.43,0.4103624));
#8411 = LINE('',#8412,#8413);
#8412 = CARTESIAN_POINT('',(17.018,11.43,0.));
#8413 = VECTOR('',#8414,1.);
#8414 = DIRECTION('',(0.,0.,1.));
#8415 = ORIENTED_EDGE('',*,*,#8416,.T.);
#8416 = EDGE_CURVE('',#8409,#8409,#8417,.T.);
#8417 = CIRCLE('',#8418,0.508);
#8418 = AXIS2_PLACEMENT_3D('',#8419,#8420,#8421);
#8419 = CARTESIAN_POINT('',(16.51,11.43,0.4103624));
#8420 = DIRECTION('',(0.,0.,1.));
#8421 = DIRECTION('',(1.,0.,-0.));
#8422 = ORIENTED_EDGE('',*,*,#8406,.F.);
#8423 = ORIENTED_EDGE('',*,*,#8424,.F.);
#8424 = EDGE_CURVE('',#8407,#8407,#8425,.T.);
#8425 = CIRCLE('',#8426,0.508);
#8426 = AXIS2_PLACEMENT_3D('',#8427,#8428,#8429);
#8427 = CARTESIAN_POINT('',(16.51,11.43,0.));
#8428 = DIRECTION('',(0.,0.,1.));
#8429 = DIRECTION('',(1.,0.,-0.));
#8430 = CYLINDRICAL_SURFACE('',#8431,0.508);
#8431 = AXIS2_PLACEMENT_3D('',#8432,#8433,#8434);
#8432 = CARTESIAN_POINT('',(16.51,11.43,0.));
#8433 = DIRECTION('',(-0.,-0.,-1.));
#8434 = DIRECTION('',(1.,0.,-0.));
#8435 = ADVANCED_FACE('',(#8436),#8463,.F.);
#8436 = FACE_BOUND('',#8437,.T.);
#8437 = EDGE_LOOP('',(#8438,#8448,#8455,#8456));
#8438 = ORIENTED_EDGE('',*,*,#8439,.T.);
#8439 = EDGE_CURVE('',#8440,#8442,#8444,.T.);
#8440 = VERTEX_POINT('',#8441);
#8441 = CARTESIAN_POINT('',(14.478,11.43,0.));
#8442 = VERTEX_POINT('',#8443);
#8443 = CARTESIAN_POINT('',(14.478,11.43,0.4103624));
#8444 = LINE('',#8445,#8446);
#8445 = CARTESIAN_POINT('',(14.478,11.43,0.));
#8446 = VECTOR('',#8447,1.);
#8447 = DIRECTION('',(0.,0.,1.));
#8448 = ORIENTED_EDGE('',*,*,#8449,.T.);
#8449 = EDGE_CURVE('',#8442,#8442,#8450,.T.);
#8450 = CIRCLE('',#8451,0.508);
#8451 = AXIS2_PLACEMENT_3D('',#8452,#8453,#8454);
#8452 = CARTESIAN_POINT('',(13.97,11.43,0.4103624));
#8453 = DIRECTION('',(0.,0.,1.));
#8454 = DIRECTION('',(1.,0.,-0.));
#8455 = ORIENTED_EDGE('',*,*,#8439,.F.);
#8456 = ORIENTED_EDGE('',*,*,#8457,.F.);
#8457 = EDGE_CURVE('',#8440,#8440,#8458,.T.);
#8458 = CIRCLE('',#8459,0.508);
#8459 = AXIS2_PLACEMENT_3D('',#8460,#8461,#8462);
#8460 = CARTESIAN_POINT('',(13.97,11.43,0.));
#8461 = DIRECTION('',(0.,0.,1.));
#8462 = DIRECTION('',(1.,0.,-0.));
#8463 = CYLINDRICAL_SURFACE('',#8464,0.508);
#8464 = AXIS2_PLACEMENT_3D('',#8465,#8466,#8467);
#8465 = CARTESIAN_POINT('',(13.97,11.43,0.));
#8466 = DIRECTION('',(-0.,-0.,-1.));
#8467 = DIRECTION('',(1.,0.,-0.));
#8468 = ADVANCED_FACE('',(#8469),#8496,.F.);
#8469 = FACE_BOUND('',#8470,.T.);
#8470 = EDGE_LOOP('',(#8471,#8481,#8488,#8489));
#8471 = ORIENTED_EDGE('',*,*,#8472,.T.);
#8472 = EDGE_CURVE('',#8473,#8475,#8477,.T.);
#8473 = VERTEX_POINT('',#8474);
#8474 = CARTESIAN_POINT('',(19.558,11.43,0.));
#8475 = VERTEX_POINT('',#8476);
#8476 = CARTESIAN_POINT('',(19.558,11.43,0.4103624));
#8477 = LINE('',#8478,#8479);
#8478 = CARTESIAN_POINT('',(19.558,11.43,0.));
#8479 = VECTOR('',#8480,1.);
#8480 = DIRECTION('',(0.,0.,1.));
#8481 = ORIENTED_EDGE('',*,*,#8482,.T.);
#8482 = EDGE_CURVE('',#8475,#8475,#8483,.T.);
#8483 = CIRCLE('',#8484,0.508);
#8484 = AXIS2_PLACEMENT_3D('',#8485,#8486,#8487);
#8485 = CARTESIAN_POINT('',(19.05,11.43,0.4103624));
#8486 = DIRECTION('',(0.,0.,1.));
#8487 = DIRECTION('',(1.,0.,-0.));
#8488 = ORIENTED_EDGE('',*,*,#8472,.F.);
#8489 = ORIENTED_EDGE('',*,*,#8490,.F.);
#8490 = EDGE_CURVE('',#8473,#8473,#8491,.T.);
#8491 = CIRCLE('',#8492,0.508);
#8492 = AXIS2_PLACEMENT_3D('',#8493,#8494,#8495);
#8493 = CARTESIAN_POINT('',(19.05,11.43,0.));
#8494 = DIRECTION('',(0.,0.,1.));
#8495 = DIRECTION('',(1.,0.,-0.));
#8496 = CYLINDRICAL_SURFACE('',#8497,0.508);
#8497 = AXIS2_PLACEMENT_3D('',#8498,#8499,#8500);
#8498 = CARTESIAN_POINT('',(19.05,11.43,0.));
#8499 = DIRECTION('',(-0.,-0.,-1.));
#8500 = DIRECTION('',(1.,0.,-0.));
#8501 = ADVANCED_FACE('',(#8502,#8508,#8511,#8641,#8644,#8647,#8650,
    #8653,#8656,#8659,#8662,#8665,#8795,#8798,#8801),#8804,.T.);
#8502 = FACE_BOUND('',#8503,.T.);
#8503 = EDGE_LOOP('',(#8504,#8505,#8506,#8507));
#8504 = ORIENTED_EDGE('',*,*,#75,.T.);
#8505 = ORIENTED_EDGE('',*,*,#106,.T.);
#8506 = ORIENTED_EDGE('',*,*,#137,.T.);
#8507 = ORIENTED_EDGE('',*,*,#159,.T.);
#8508 = FACE_BOUND('',#8509,.T.);
#8509 = EDGE_LOOP('',(#8510));
#8510 = ORIENTED_EDGE('',*,*,#191,.T.);
#8511 = FACE_BOUND('',#8512,.T.);
#8512 = EDGE_LOOP('',(#8513,#8514,#8515,#8516,#8517,#8518,#8519,#8520,
    #8521,#8522,#8523,#8524,#8525,#8526,#8527,#8528,#8529,#8530,#8531,
    #8532,#8533,#8534,#8535,#8536,#8537,#8538,#8539,#8540,#8541,#8542,
    #8543,#8544,#8545,#8546,#8547,#8548,#8549,#8550,#8551,#8552,#8553,
    #8554,#8555,#8556,#8557,#8558,#8559,#8560,#8561,#8562,#8563,#8564,
    #8565,#8566,#8567,#8568,#8569,#8570,#8571,#8572,#8573,#8574,#8575,
    #8576,#8577,#8578,#8579,#8580,#8581,#8582,#8583,#8584,#8585,#8586,
    #8587,#8588,#8589,#8590,#8591,#8592,#8593,#8594,#8595,#8596,#8597,
    #8598,#8599,#8600,#8601,#8602,#8603,#8604,#8605,#8606,#8607,#8608,
    #8609,#8610,#8611,#8612,#8613,#8614,#8615,#8616,#8617,#8618,#8619,
    #8620,#8621,#8622,#8623,#8624,#8625,#8626,#8627,#8628,#8629,#8630,
    #8631,#8632,#8633,#8634,#8635,#8636,#8637,#8638,#8639,#8640));
#8513 = ORIENTED_EDGE('',*,*,#232,.T.);
#8514 = ORIENTED_EDGE('',*,*,#263,.T.);
#8515 = ORIENTED_EDGE('',*,*,#294,.T.);
#8516 = ORIENTED_EDGE('',*,*,#325,.T.);
#8517 = ORIENTED_EDGE('',*,*,#356,.T.);
#8518 = ORIENTED_EDGE('',*,*,#387,.T.);
#8519 = ORIENTED_EDGE('',*,*,#418,.T.);
#8520 = ORIENTED_EDGE('',*,*,#449,.T.);
#8521 = ORIENTED_EDGE('',*,*,#480,.T.);
#8522 = ORIENTED_EDGE('',*,*,#511,.T.);
#8523 = ORIENTED_EDGE('',*,*,#542,.T.);
#8524 = ORIENTED_EDGE('',*,*,#573,.T.);
#8525 = ORIENTED_EDGE('',*,*,#604,.T.);
#8526 = ORIENTED_EDGE('',*,*,#635,.T.);
#8527 = ORIENTED_EDGE('',*,*,#666,.T.);
#8528 = ORIENTED_EDGE('',*,*,#697,.T.);
#8529 = ORIENTED_EDGE('',*,*,#728,.T.);
#8530 = ORIENTED_EDGE('',*,*,#759,.T.);
#8531 = ORIENTED_EDGE('',*,*,#790,.T.);
#8532 = ORIENTED_EDGE('',*,*,#821,.T.);
#8533 = ORIENTED_EDGE('',*,*,#852,.T.);
#8534 = ORIENTED_EDGE('',*,*,#883,.T.);
#8535 = ORIENTED_EDGE('',*,*,#914,.T.);
#8536 = ORIENTED_EDGE('',*,*,#945,.T.);
#8537 = ORIENTED_EDGE('',*,*,#976,.T.);
#8538 = ORIENTED_EDGE('',*,*,#1007,.T.);
#8539 = ORIENTED_EDGE('',*,*,#1038,.T.);
#8540 = ORIENTED_EDGE('',*,*,#1069,.T.);
#8541 = ORIENTED_EDGE('',*,*,#1100,.T.);
#8542 = ORIENTED_EDGE('',*,*,#1131,.T.);
#8543 = ORIENTED_EDGE('',*,*,#1162,.T.);
#8544 = ORIENTED_EDGE('',*,*,#1193,.T.);
#8545 = ORIENTED_EDGE('',*,*,#1224,.T.);
#8546 = ORIENTED_EDGE('',*,*,#1255,.T.);
#8547 = ORIENTED_EDGE('',*,*,#1286,.T.);
#8548 = ORIENTED_EDGE('',*,*,#1317,.T.);
#8549 = ORIENTED_EDGE('',*,*,#1348,.T.);
#8550 = ORIENTED_EDGE('',*,*,#1379,.T.);
#8551 = ORIENTED_EDGE('',*,*,#1410,.T.);
#8552 = ORIENTED_EDGE('',*,*,#1441,.T.);
#8553 = ORIENTED_EDGE('',*,*,#1472,.T.);
#8554 = ORIENTED_EDGE('',*,*,#1503,.T.);
#8555 = ORIENTED_EDGE('',*,*,#1534,.T.);
#8556 = ORIENTED_EDGE('',*,*,#1565,.T.);
#8557 = ORIENTED_EDGE('',*,*,#1596,.T.);
#8558 = ORIENTED_EDGE('',*,*,#1627,.T.);
#8559 = ORIENTED_EDGE('',*,*,#1658,.T.);
#8560 = ORIENTED_EDGE('',*,*,#1689,.T.);
#8561 = ORIENTED_EDGE('',*,*,#1720,.T.);
#8562 = ORIENTED_EDGE('',*,*,#1751,.T.);
#8563 = ORIENTED_EDGE('',*,*,#1782,.T.);
#8564 = ORIENTED_EDGE('',*,*,#1813,.T.);
#8565 = ORIENTED_EDGE('',*,*,#1844,.T.);
#8566 = ORIENTED_EDGE('',*,*,#1875,.T.);
#8567 = ORIENTED_EDGE('',*,*,#1906,.T.);
#8568 = ORIENTED_EDGE('',*,*,#1937,.T.);
#8569 = ORIENTED_EDGE('',*,*,#1968,.T.);
#8570 = ORIENTED_EDGE('',*,*,#1999,.T.);
#8571 = ORIENTED_EDGE('',*,*,#2030,.T.);
#8572 = ORIENTED_EDGE('',*,*,#2061,.T.);
#8573 = ORIENTED_EDGE('',*,*,#2092,.T.);
#8574 = ORIENTED_EDGE('',*,*,#2123,.T.);
#8575 = ORIENTED_EDGE('',*,*,#2154,.T.);
#8576 = ORIENTED_EDGE('',*,*,#2185,.T.);
#8577 = ORIENTED_EDGE('',*,*,#2216,.T.);
#8578 = ORIENTED_EDGE('',*,*,#2247,.T.);
#8579 = ORIENTED_EDGE('',*,*,#2278,.T.);
#8580 = ORIENTED_EDGE('',*,*,#2309,.T.);
#8581 = ORIENTED_EDGE('',*,*,#2340,.T.);
#8582 = ORIENTED_EDGE('',*,*,#2371,.T.);
#8583 = ORIENTED_EDGE('',*,*,#2402,.T.);
#8584 = ORIENTED_EDGE('',*,*,#2433,.T.);
#8585 = ORIENTED_EDGE('',*,*,#2464,.T.);
#8586 = ORIENTED_EDGE('',*,*,#2495,.T.);
#8587 = ORIENTED_EDGE('',*,*,#2526,.T.);
#8588 = ORIENTED_EDGE('',*,*,#2557,.T.);
#8589 = ORIENTED_EDGE('',*,*,#2588,.T.);
#8590 = ORIENTED_EDGE('',*,*,#2619,.T.);
#8591 = ORIENTED_EDGE('',*,*,#2650,.T.);
#8592 = ORIENTED_EDGE('',*,*,#2681,.T.);
#8593 = ORIENTED_EDGE('',*,*,#2712,.T.);
#8594 = ORIENTED_EDGE('',*,*,#2743,.T.);
#8595 = ORIENTED_EDGE('',*,*,#2774,.T.);
#8596 = ORIENTED_EDGE('',*,*,#2805,.T.);
#8597 = ORIENTED_EDGE('',*,*,#2836,.T.);
#8598 = ORIENTED_EDGE('',*,*,#2867,.T.);
#8599 = ORIENTED_EDGE('',*,*,#2898,.T.);
#8600 = ORIENTED_EDGE('',*,*,#2929,.T.);
#8601 = ORIENTED_EDGE('',*,*,#2960,.T.);
#8602 = ORIENTED_EDGE('',*,*,#2991,.T.);
#8603 = ORIENTED_EDGE('',*,*,#3022,.T.);
#8604 = ORIENTED_EDGE('',*,*,#3053,.T.);
#8605 = ORIENTED_EDGE('',*,*,#3084,.T.);
#8606 = ORIENTED_EDGE('',*,*,#3115,.T.);
#8607 = ORIENTED_EDGE('',*,*,#3146,.T.);
#8608 = ORIENTED_EDGE('',*,*,#3177,.T.);
#8609 = ORIENTED_EDGE('',*,*,#3208,.T.);
#8610 = ORIENTED_EDGE('',*,*,#3239,.T.);
#8611 = ORIENTED_EDGE('',*,*,#3270,.T.);
#8612 = ORIENTED_EDGE('',*,*,#3301,.T.);
#8613 = ORIENTED_EDGE('',*,*,#3332,.T.);
#8614 = ORIENTED_EDGE('',*,*,#3363,.T.);
#8615 = ORIENTED_EDGE('',*,*,#3394,.T.);
#8616 = ORIENTED_EDGE('',*,*,#3425,.T.);
#8617 = ORIENTED_EDGE('',*,*,#3456,.T.);
#8618 = ORIENTED_EDGE('',*,*,#3487,.T.);
#8619 = ORIENTED_EDGE('',*,*,#3518,.T.);
#8620 = ORIENTED_EDGE('',*,*,#3549,.T.);
#8621 = ORIENTED_EDGE('',*,*,#3580,.T.);
#8622 = ORIENTED_EDGE('',*,*,#3611,.T.);
#8623 = ORIENTED_EDGE('',*,*,#3642,.T.);
#8624 = ORIENTED_EDGE('',*,*,#3673,.T.);
#8625 = ORIENTED_EDGE('',*,*,#3704,.T.);
#8626 = ORIENTED_EDGE('',*,*,#3735,.T.);
#8627 = ORIENTED_EDGE('',*,*,#3766,.T.);
#8628 = ORIENTED_EDGE('',*,*,#3797,.T.);
#8629 = ORIENTED_EDGE('',*,*,#3828,.T.);
#8630 = ORIENTED_EDGE('',*,*,#3859,.T.);
#8631 = ORIENTED_EDGE('',*,*,#3890,.T.);
#8632 = ORIENTED_EDGE('',*,*,#3921,.T.);
#8633 = ORIENTED_EDGE('',*,*,#3952,.T.);
#8634 = ORIENTED_EDGE('',*,*,#3983,.T.);
#8635 = ORIENTED_EDGE('',*,*,#4014,.T.);
#8636 = ORIENTED_EDGE('',*,*,#4045,.T.);
#8637 = ORIENTED_EDGE('',*,*,#4076,.T.);
#8638 = ORIENTED_EDGE('',*,*,#4107,.T.);
#8639 = ORIENTED_EDGE('',*,*,#4138,.T.);
#8640 = ORIENTED_EDGE('',*,*,#4160,.T.);
#8641 = FACE_BOUND('',#8642,.T.);
#8642 = EDGE_LOOP('',(#8643));
#8643 = ORIENTED_EDGE('',*,*,#4192,.T.);
#8644 = FACE_BOUND('',#8645,.T.);
#8645 = EDGE_LOOP('',(#8646));
#8646 = ORIENTED_EDGE('',*,*,#4225,.T.);
#8647 = FACE_BOUND('',#8648,.T.);
#8648 = EDGE_LOOP('',(#8649));
#8649 = ORIENTED_EDGE('',*,*,#4258,.T.);
#8650 = FACE_BOUND('',#8651,.T.);
#8651 = EDGE_LOOP('',(#8652));
#8652 = ORIENTED_EDGE('',*,*,#4291,.T.);
#8653 = FACE_BOUND('',#8654,.T.);
#8654 = EDGE_LOOP('',(#8655));
#8655 = ORIENTED_EDGE('',*,*,#4324,.T.);
#8656 = FACE_BOUND('',#8657,.T.);
#8657 = EDGE_LOOP('',(#8658));
#8658 = ORIENTED_EDGE('',*,*,#4357,.T.);
#8659 = FACE_BOUND('',#8660,.T.);
#8660 = EDGE_LOOP('',(#8661));
#8661 = ORIENTED_EDGE('',*,*,#4390,.T.);
#8662 = FACE_BOUND('',#8663,.T.);
#8663 = EDGE_LOOP('',(#8664));
#8664 = ORIENTED_EDGE('',*,*,#4423,.T.);
#8665 = FACE_BOUND('',#8666,.T.);
#8666 = EDGE_LOOP('',(#8667,#8668,#8669,#8670,#8671,#8672,#8673,#8674,
    #8675,#8676,#8677,#8678,#8679,#8680,#8681,#8682,#8683,#8684,#8685,
    #8686,#8687,#8688,#8689,#8690,#8691,#8692,#8693,#8694,#8695,#8696,
    #8697,#8698,#8699,#8700,#8701,#8702,#8703,#8704,#8705,#8706,#8707,
    #8708,#8709,#8710,#8711,#8712,#8713,#8714,#8715,#8716,#8717,#8718,
    #8719,#8720,#8721,#8722,#8723,#8724,#8725,#8726,#8727,#8728,#8729,
    #8730,#8731,#8732,#8733,#8734,#8735,#8736,#8737,#8738,#8739,#8740,
    #8741,#8742,#8743,#8744,#8745,#8746,#8747,#8748,#8749,#8750,#8751,
    #8752,#8753,#8754,#8755,#8756,#8757,#8758,#8759,#8760,#8761,#8762,
    #8763,#8764,#8765,#8766,#8767,#8768,#8769,#8770,#8771,#8772,#8773,
    #8774,#8775,#8776,#8777,#8778,#8779,#8780,#8781,#8782,#8783,#8784,
    #8785,#8786,#8787,#8788,#8789,#8790,#8791,#8792,#8793,#8794));
#8667 = ORIENTED_EDGE('',*,*,#4464,.T.);
#8668 = ORIENTED_EDGE('',*,*,#4495,.T.);
#8669 = ORIENTED_EDGE('',*,*,#4526,.T.);
#8670 = ORIENTED_EDGE('',*,*,#4557,.T.);
#8671 = ORIENTED_EDGE('',*,*,#4588,.T.);
#8672 = ORIENTED_EDGE('',*,*,#4619,.T.);
#8673 = ORIENTED_EDGE('',*,*,#4650,.T.);
#8674 = ORIENTED_EDGE('',*,*,#4681,.T.);
#8675 = ORIENTED_EDGE('',*,*,#4712,.T.);
#8676 = ORIENTED_EDGE('',*,*,#4743,.T.);
#8677 = ORIENTED_EDGE('',*,*,#4774,.T.);
#8678 = ORIENTED_EDGE('',*,*,#4805,.T.);
#8679 = ORIENTED_EDGE('',*,*,#4836,.T.);
#8680 = ORIENTED_EDGE('',*,*,#4867,.T.);
#8681 = ORIENTED_EDGE('',*,*,#4898,.T.);
#8682 = ORIENTED_EDGE('',*,*,#4929,.T.);
#8683 = ORIENTED_EDGE('',*,*,#4960,.T.);
#8684 = ORIENTED_EDGE('',*,*,#4991,.T.);
#8685 = ORIENTED_EDGE('',*,*,#5022,.T.);
#8686 = ORIENTED_EDGE('',*,*,#5053,.T.);
#8687 = ORIENTED_EDGE('',*,*,#5084,.T.);
#8688 = ORIENTED_EDGE('',*,*,#5115,.T.);
#8689 = ORIENTED_EDGE('',*,*,#5146,.T.);
#8690 = ORIENTED_EDGE('',*,*,#5177,.T.);
#8691 = ORIENTED_EDGE('',*,*,#5208,.T.);
#8692 = ORIENTED_EDGE('',*,*,#5239,.T.);
#8693 = ORIENTED_EDGE('',*,*,#5270,.T.);
#8694 = ORIENTED_EDGE('',*,*,#5301,.T.);
#8695 = ORIENTED_EDGE('',*,*,#5332,.T.);
#8696 = ORIENTED_EDGE('',*,*,#5363,.T.);
#8697 = ORIENTED_EDGE('',*,*,#5394,.T.);
#8698 = ORIENTED_EDGE('',*,*,#5425,.T.);
#8699 = ORIENTED_EDGE('',*,*,#5456,.T.);
#8700 = ORIENTED_EDGE('',*,*,#5487,.T.);
#8701 = ORIENTED_EDGE('',*,*,#5518,.T.);
#8702 = ORIENTED_EDGE('',*,*,#5549,.T.);
#8703 = ORIENTED_EDGE('',*,*,#5580,.T.);
#8704 = ORIENTED_EDGE('',*,*,#5611,.T.);
#8705 = ORIENTED_EDGE('',*,*,#5642,.T.);
#8706 = ORIENTED_EDGE('',*,*,#5673,.T.);
#8707 = ORIENTED_EDGE('',*,*,#5704,.T.);
#8708 = ORIENTED_EDGE('',*,*,#5735,.T.);
#8709 = ORIENTED_EDGE('',*,*,#5766,.T.);
#8710 = ORIENTED_EDGE('',*,*,#5797,.T.);
#8711 = ORIENTED_EDGE('',*,*,#5828,.T.);
#8712 = ORIENTED_EDGE('',*,*,#5859,.T.);
#8713 = ORIENTED_EDGE('',*,*,#5890,.T.);
#8714 = ORIENTED_EDGE('',*,*,#5921,.T.);
#8715 = ORIENTED_EDGE('',*,*,#5952,.T.);
#8716 = ORIENTED_EDGE('',*,*,#5983,.T.);
#8717 = ORIENTED_EDGE('',*,*,#6014,.T.);
#8718 = ORIENTED_EDGE('',*,*,#6045,.T.);
#8719 = ORIENTED_EDGE('',*,*,#6076,.T.);
#8720 = ORIENTED_EDGE('',*,*,#6107,.T.);
#8721 = ORIENTED_EDGE('',*,*,#6138,.T.);
#8722 = ORIENTED_EDGE('',*,*,#6169,.T.);
#8723 = ORIENTED_EDGE('',*,*,#6200,.T.);
#8724 = ORIENTED_EDGE('',*,*,#6231,.T.);
#8725 = ORIENTED_EDGE('',*,*,#6262,.T.);
#8726 = ORIENTED_EDGE('',*,*,#6293,.T.);
#8727 = ORIENTED_EDGE('',*,*,#6324,.T.);
#8728 = ORIENTED_EDGE('',*,*,#6355,.T.);
#8729 = ORIENTED_EDGE('',*,*,#6386,.T.);
#8730 = ORIENTED_EDGE('',*,*,#6417,.T.);
#8731 = ORIENTED_EDGE('',*,*,#6448,.T.);
#8732 = ORIENTED_EDGE('',*,*,#6479,.T.);
#8733 = ORIENTED_EDGE('',*,*,#6510,.T.);
#8734 = ORIENTED_EDGE('',*,*,#6541,.T.);
#8735 = ORIENTED_EDGE('',*,*,#6572,.T.);
#8736 = ORIENTED_EDGE('',*,*,#6603,.T.);
#8737 = ORIENTED_EDGE('',*,*,#6634,.T.);
#8738 = ORIENTED_EDGE('',*,*,#6665,.T.);
#8739 = ORIENTED_EDGE('',*,*,#6696,.T.);
#8740 = ORIENTED_EDGE('',*,*,#6727,.T.);
#8741 = ORIENTED_EDGE('',*,*,#6758,.T.);
#8742 = ORIENTED_EDGE('',*,*,#6789,.T.);
#8743 = ORIENTED_EDGE('',*,*,#6820,.T.);
#8744 = ORIENTED_EDGE('',*,*,#6851,.T.);
#8745 = ORIENTED_EDGE('',*,*,#6882,.T.);
#8746 = ORIENTED_EDGE('',*,*,#6913,.T.);
#8747 = ORIENTED_EDGE('',*,*,#6944,.T.);
#8748 = ORIENTED_EDGE('',*,*,#6975,.T.);
#8749 = ORIENTED_EDGE('',*,*,#7006,.T.);
#8750 = ORIENTED_EDGE('',*,*,#7037,.T.);
#8751 = ORIENTED_EDGE('',*,*,#7068,.T.);
#8752 = ORIENTED_EDGE('',*,*,#7099,.T.);
#8753 = ORIENTED_EDGE('',*,*,#7130,.T.);
#8754 = ORIENTED_EDGE('',*,*,#7161,.T.);
#8755 = ORIENTED_EDGE('',*,*,#7192,.T.);
#8756 = ORIENTED_EDGE('',*,*,#7223,.T.);
#8757 = ORIENTED_EDGE('',*,*,#7254,.T.);
#8758 = ORIENTED_EDGE('',*,*,#7285,.T.);
#8759 = ORIENTED_EDGE('',*,*,#7316,.T.);
#8760 = ORIENTED_EDGE('',*,*,#7347,.T.);
#8761 = ORIENTED_EDGE('',*,*,#7378,.T.);
#8762 = ORIENTED_EDGE('',*,*,#7409,.T.);
#8763 = ORIENTED_EDGE('',*,*,#7440,.T.);
#8764 = ORIENTED_EDGE('',*,*,#7471,.T.);
#8765 = ORIENTED_EDGE('',*,*,#7502,.T.);
#8766 = ORIENTED_EDGE('',*,*,#7533,.T.);
#8767 = ORIENTED_EDGE('',*,*,#7564,.T.);
#8768 = ORIENTED_EDGE('',*,*,#7595,.T.);
#8769 = ORIENTED_EDGE('',*,*,#7626,.T.);
#8770 = ORIENTED_EDGE('',*,*,#7657,.T.);
#8771 = ORIENTED_EDGE('',*,*,#7688,.T.);
#8772 = ORIENTED_EDGE('',*,*,#7719,.T.);
#8773 = ORIENTED_EDGE('',*,*,#7750,.T.);
#8774 = ORIENTED_EDGE('',*,*,#7781,.T.);
#8775 = ORIENTED_EDGE('',*,*,#7812,.T.);
#8776 = ORIENTED_EDGE('',*,*,#7843,.T.);
#8777 = ORIENTED_EDGE('',*,*,#7874,.T.);
#8778 = ORIENTED_EDGE('',*,*,#7905,.T.);
#8779 = ORIENTED_EDGE('',*,*,#7936,.T.);
#8780 = ORIENTED_EDGE('',*,*,#7967,.T.);
#8781 = ORIENTED_EDGE('',*,*,#7998,.T.);
#8782 = ORIENTED_EDGE('',*,*,#8029,.T.);
#8783 = ORIENTED_EDGE('',*,*,#8060,.T.);
#8784 = ORIENTED_EDGE('',*,*,#8091,.T.);
#8785 = ORIENTED_EDGE('',*,*,#8122,.T.);
#8786 = ORIENTED_EDGE('',*,*,#8153,.T.);
#8787 = ORIENTED_EDGE('',*,*,#8184,.T.);
#8788 = ORIENTED_EDGE('',*,*,#8215,.T.);
#8789 = ORIENTED_EDGE('',*,*,#8246,.T.);
#8790 = ORIENTED_EDGE('',*,*,#8277,.T.);
#8791 = ORIENTED_EDGE('',*,*,#8308,.T.);
#8792 = ORIENTED_EDGE('',*,*,#8339,.T.);
#8793 = ORIENTED_EDGE('',*,*,#8370,.T.);
#8794 = ORIENTED_EDGE('',*,*,#8392,.T.);
#8795 = FACE_BOUND('',#8796,.T.);
#8796 = EDGE_LOOP('',(#8797));
#8797 = ORIENTED_EDGE('',*,*,#8424,.T.);
#8798 = FACE_BOUND('',#8799,.T.);
#8799 = EDGE_LOOP('',(#8800));
#8800 = ORIENTED_EDGE('',*,*,#8457,.T.);
#8801 = FACE_BOUND('',#8802,.T.);
#8802 = EDGE_LOOP('',(#8803));
#8803 = ORIENTED_EDGE('',*,*,#8490,.T.);
#8804 = PLANE('',#8805);
#8805 = AXIS2_PLACEMENT_3D('',#8806,#8807,#8808);
#8806 = CARTESIAN_POINT('',(11.43,6.35,0.));
#8807 = DIRECTION('',(-0.,-0.,-1.));
#8808 = DIRECTION('',(-1.,0.,0.));
#8809 = ADVANCED_FACE('',(#8810,#8816,#8819,#8949,#8952,#8955,#8958,
    #8961,#8964,#8967,#8970,#8973,#9103,#9106,#9109),#9112,.F.);
#8810 = FACE_BOUND('',#8811,.F.);
#8811 = EDGE_LOOP('',(#8812,#8813,#8814,#8815));
#8812 = ORIENTED_EDGE('',*,*,#59,.T.);
#8813 = ORIENTED_EDGE('',*,*,#90,.T.);
#8814 = ORIENTED_EDGE('',*,*,#121,.T.);
#8815 = ORIENTED_EDGE('',*,*,#152,.T.);
#8816 = FACE_BOUND('',#8817,.F.);
#8817 = EDGE_LOOP('',(#8818));
#8818 = ORIENTED_EDGE('',*,*,#183,.T.);
#8819 = FACE_BOUND('',#8820,.F.);
#8820 = EDGE_LOOP('',(#8821,#8822,#8823,#8824,#8825,#8826,#8827,#8828,
    #8829,#8830,#8831,#8832,#8833,#8834,#8835,#8836,#8837,#8838,#8839,
    #8840,#8841,#8842,#8843,#8844,#8845,#8846,#8847,#8848,#8849,#8850,
    #8851,#8852,#8853,#8854,#8855,#8856,#8857,#8858,#8859,#8860,#8861,
    #8862,#8863,#8864,#8865,#8866,#8867,#8868,#8869,#8870,#8871,#8872,
    #8873,#8874,#8875,#8876,#8877,#8878,#8879,#8880,#8881,#8882,#8883,
    #8884,#8885,#8886,#8887,#8888,#8889,#8890,#8891,#8892,#8893,#8894,
    #8895,#8896,#8897,#8898,#8899,#8900,#8901,#8902,#8903,#8904,#8905,
    #8906,#8907,#8908,#8909,#8910,#8911,#8912,#8913,#8914,#8915,#8916,
    #8917,#8918,#8919,#8920,#8921,#8922,#8923,#8924,#8925,#8926,#8927,
    #8928,#8929,#8930,#8931,#8932,#8933,#8934,#8935,#8936,#8937,#8938,
    #8939,#8940,#8941,#8942,#8943,#8944,#8945,#8946,#8947,#8948));
#8821 = ORIENTED_EDGE('',*,*,#216,.T.);
#8822 = ORIENTED_EDGE('',*,*,#247,.T.);
#8823 = ORIENTED_EDGE('',*,*,#278,.T.);
#8824 = ORIENTED_EDGE('',*,*,#309,.T.);
#8825 = ORIENTED_EDGE('',*,*,#340,.T.);
#8826 = ORIENTED_EDGE('',*,*,#371,.T.);
#8827 = ORIENTED_EDGE('',*,*,#402,.T.);
#8828 = ORIENTED_EDGE('',*,*,#433,.T.);
#8829 = ORIENTED_EDGE('',*,*,#464,.T.);
#8830 = ORIENTED_EDGE('',*,*,#495,.T.);
#8831 = ORIENTED_EDGE('',*,*,#526,.T.);
#8832 = ORIENTED_EDGE('',*,*,#557,.T.);
#8833 = ORIENTED_EDGE('',*,*,#588,.T.);
#8834 = ORIENTED_EDGE('',*,*,#619,.T.);
#8835 = ORIENTED_EDGE('',*,*,#650,.T.);
#8836 = ORIENTED_EDGE('',*,*,#681,.T.);
#8837 = ORIENTED_EDGE('',*,*,#712,.T.);
#8838 = ORIENTED_EDGE('',*,*,#743,.T.);
#8839 = ORIENTED_EDGE('',*,*,#774,.T.);
#8840 = ORIENTED_EDGE('',*,*,#805,.T.);
#8841 = ORIENTED_EDGE('',*,*,#836,.T.);
#8842 = ORIENTED_EDGE('',*,*,#867,.T.);
#8843 = ORIENTED_EDGE('',*,*,#898,.T.);
#8844 = ORIENTED_EDGE('',*,*,#929,.T.);
#8845 = ORIENTED_EDGE('',*,*,#960,.T.);
#8846 = ORIENTED_EDGE('',*,*,#991,.T.);
#8847 = ORIENTED_EDGE('',*,*,#1022,.T.);
#8848 = ORIENTED_EDGE('',*,*,#1053,.T.);
#8849 = ORIENTED_EDGE('',*,*,#1084,.T.);
#8850 = ORIENTED_EDGE('',*,*,#1115,.T.);
#8851 = ORIENTED_EDGE('',*,*,#1146,.T.);
#8852 = ORIENTED_EDGE('',*,*,#1177,.T.);
#8853 = ORIENTED_EDGE('',*,*,#1208,.T.);
#8854 = ORIENTED_EDGE('',*,*,#1239,.T.);
#8855 = ORIENTED_EDGE('',*,*,#1270,.T.);
#8856 = ORIENTED_EDGE('',*,*,#1301,.T.);
#8857 = ORIENTED_EDGE('',*,*,#1332,.T.);
#8858 = ORIENTED_EDGE('',*,*,#1363,.T.);
#8859 = ORIENTED_EDGE('',*,*,#1394,.T.);
#8860 = ORIENTED_EDGE('',*,*,#1425,.T.);
#8861 = ORIENTED_EDGE('',*,*,#1456,.T.);
#8862 = ORIENTED_EDGE('',*,*,#1487,.T.);
#8863 = ORIENTED_EDGE('',*,*,#1518,.T.);
#8864 = ORIENTED_EDGE('',*,*,#1549,.T.);
#8865 = ORIENTED_EDGE('',*,*,#1580,.T.);
#8866 = ORIENTED_EDGE('',*,*,#1611,.T.);
#8867 = ORIENTED_EDGE('',*,*,#1642,.T.);
#8868 = ORIENTED_EDGE('',*,*,#1673,.T.);
#8869 = ORIENTED_EDGE('',*,*,#1704,.T.);
#8870 = ORIENTED_EDGE('',*,*,#1735,.T.);
#8871 = ORIENTED_EDGE('',*,*,#1766,.T.);
#8872 = ORIENTED_EDGE('',*,*,#1797,.T.);
#8873 = ORIENTED_EDGE('',*,*,#1828,.T.);
#8874 = ORIENTED_EDGE('',*,*,#1859,.T.);
#8875 = ORIENTED_EDGE('',*,*,#1890,.T.);
#8876 = ORIENTED_EDGE('',*,*,#1921,.T.);
#8877 = ORIENTED_EDGE('',*,*,#1952,.T.);
#8878 = ORIENTED_EDGE('',*,*,#1983,.T.);
#8879 = ORIENTED_EDGE('',*,*,#2014,.T.);
#8880 = ORIENTED_EDGE('',*,*,#2045,.T.);
#8881 = ORIENTED_EDGE('',*,*,#2076,.T.);
#8882 = ORIENTED_EDGE('',*,*,#2107,.T.);
#8883 = ORIENTED_EDGE('',*,*,#2138,.T.);
#8884 = ORIENTED_EDGE('',*,*,#2169,.T.);
#8885 = ORIENTED_EDGE('',*,*,#2200,.T.);
#8886 = ORIENTED_EDGE('',*,*,#2231,.T.);
#8887 = ORIENTED_EDGE('',*,*,#2262,.T.);
#8888 = ORIENTED_EDGE('',*,*,#2293,.T.);
#8889 = ORIENTED_EDGE('',*,*,#2324,.T.);
#8890 = ORIENTED_EDGE('',*,*,#2355,.T.);
#8891 = ORIENTED_EDGE('',*,*,#2386,.T.);
#8892 = ORIENTED_EDGE('',*,*,#2417,.T.);
#8893 = ORIENTED_EDGE('',*,*,#2448,.T.);
#8894 = ORIENTED_EDGE('',*,*,#2479,.T.);
#8895 = ORIENTED_EDGE('',*,*,#2510,.T.);
#8896 = ORIENTED_EDGE('',*,*,#2541,.T.);
#8897 = ORIENTED_EDGE('',*,*,#2572,.T.);
#8898 = ORIENTED_EDGE('',*,*,#2603,.T.);
#8899 = ORIENTED_EDGE('',*,*,#2634,.T.);
#8900 = ORIENTED_EDGE('',*,*,#2665,.T.);
#8901 = ORIENTED_EDGE('',*,*,#2696,.T.);
#8902 = ORIENTED_EDGE('',*,*,#2727,.T.);
#8903 = ORIENTED_EDGE('',*,*,#2758,.T.);
#8904 = ORIENTED_EDGE('',*,*,#2789,.T.);
#8905 = ORIENTED_EDGE('',*,*,#2820,.T.);
#8906 = ORIENTED_EDGE('',*,*,#2851,.T.);
#8907 = ORIENTED_EDGE('',*,*,#2882,.T.);
#8908 = ORIENTED_EDGE('',*,*,#2913,.T.);
#8909 = ORIENTED_EDGE('',*,*,#2944,.T.);
#8910 = ORIENTED_EDGE('',*,*,#2975,.T.);
#8911 = ORIENTED_EDGE('',*,*,#3006,.T.);
#8912 = ORIENTED_EDGE('',*,*,#3037,.T.);
#8913 = ORIENTED_EDGE('',*,*,#3068,.T.);
#8914 = ORIENTED_EDGE('',*,*,#3099,.T.);
#8915 = ORIENTED_EDGE('',*,*,#3130,.T.);
#8916 = ORIENTED_EDGE('',*,*,#3161,.T.);
#8917 = ORIENTED_EDGE('',*,*,#3192,.T.);
#8918 = ORIENTED_EDGE('',*,*,#3223,.T.);
#8919 = ORIENTED_EDGE('',*,*,#3254,.T.);
#8920 = ORIENTED_EDGE('',*,*,#3285,.T.);
#8921 = ORIENTED_EDGE('',*,*,#3316,.T.);
#8922 = ORIENTED_EDGE('',*,*,#3347,.T.);
#8923 = ORIENTED_EDGE('',*,*,#3378,.T.);
#8924 = ORIENTED_EDGE('',*,*,#3409,.T.);
#8925 = ORIENTED_EDGE('',*,*,#3440,.T.);
#8926 = ORIENTED_EDGE('',*,*,#3471,.T.);
#8927 = ORIENTED_EDGE('',*,*,#3502,.T.);
#8928 = ORIENTED_EDGE('',*,*,#3533,.T.);
#8929 = ORIENTED_EDGE('',*,*,#3564,.T.);
#8930 = ORIENTED_EDGE('',*,*,#3595,.T.);
#8931 = ORIENTED_EDGE('',*,*,#3626,.T.);
#8932 = ORIENTED_EDGE('',*,*,#3657,.T.);
#8933 = ORIENTED_EDGE('',*,*,#3688,.T.);
#8934 = ORIENTED_EDGE('',*,*,#3719,.T.);
#8935 = ORIENTED_EDGE('',*,*,#3750,.T.);
#8936 = ORIENTED_EDGE('',*,*,#3781,.T.);
#8937 = ORIENTED_EDGE('',*,*,#3812,.T.);
#8938 = ORIENTED_EDGE('',*,*,#3843,.T.);
#8939 = ORIENTED_EDGE('',*,*,#3874,.T.);
#8940 = ORIENTED_EDGE('',*,*,#3905,.T.);
#8941 = ORIENTED_EDGE('',*,*,#3936,.T.);
#8942 = ORIENTED_EDGE('',*,*,#3967,.T.);
#8943 = ORIENTED_EDGE('',*,*,#3998,.T.);
#8944 = ORIENTED_EDGE('',*,*,#4029,.T.);
#8945 = ORIENTED_EDGE('',*,*,#4060,.T.);
#8946 = ORIENTED_EDGE('',*,*,#4091,.T.);
#8947 = ORIENTED_EDGE('',*,*,#4122,.T.);
#8948 = ORIENTED_EDGE('',*,*,#4153,.T.);
#8949 = FACE_BOUND('',#8950,.F.);
#8950 = EDGE_LOOP('',(#8951));
#8951 = ORIENTED_EDGE('',*,*,#4184,.T.);
#8952 = FACE_BOUND('',#8953,.F.);
#8953 = EDGE_LOOP('',(#8954));
#8954 = ORIENTED_EDGE('',*,*,#4217,.T.);
#8955 = FACE_BOUND('',#8956,.F.);
#8956 = EDGE_LOOP('',(#8957));
#8957 = ORIENTED_EDGE('',*,*,#4250,.T.);
#8958 = FACE_BOUND('',#8959,.F.);
#8959 = EDGE_LOOP('',(#8960));
#8960 = ORIENTED_EDGE('',*,*,#4283,.T.);
#8961 = FACE_BOUND('',#8962,.F.);
#8962 = EDGE_LOOP('',(#8963));
#8963 = ORIENTED_EDGE('',*,*,#4316,.T.);
#8964 = FACE_BOUND('',#8965,.F.);
#8965 = EDGE_LOOP('',(#8966));
#8966 = ORIENTED_EDGE('',*,*,#4349,.T.);
#8967 = FACE_BOUND('',#8968,.F.);
#8968 = EDGE_LOOP('',(#8969));
#8969 = ORIENTED_EDGE('',*,*,#4382,.T.);
#8970 = FACE_BOUND('',#8971,.F.);
#8971 = EDGE_LOOP('',(#8972));
#8972 = ORIENTED_EDGE('',*,*,#4415,.T.);
#8973 = FACE_BOUND('',#8974,.F.);
#8974 = EDGE_LOOP('',(#8975,#8976,#8977,#8978,#8979,#8980,#8981,#8982,
    #8983,#8984,#8985,#8986,#8987,#8988,#8989,#8990,#8991,#8992,#8993,
    #8994,#8995,#8996,#8997,#8998,#8999,#9000,#9001,#9002,#9003,#9004,
    #9005,#9006,#9007,#9008,#9009,#9010,#9011,#9012,#9013,#9014,#9015,
    #9016,#9017,#9018,#9019,#9020,#9021,#9022,#9023,#9024,#9025,#9026,
    #9027,#9028,#9029,#9030,#9031,#9032,#9033,#9034,#9035,#9036,#9037,
    #9038,#9039,#9040,#9041,#9042,#9043,#9044,#9045,#9046,#9047,#9048,
    #9049,#9050,#9051,#9052,#9053,#9054,#9055,#9056,#9057,#9058,#9059,
    #9060,#9061,#9062,#9063,#9064,#9065,#9066,#9067,#9068,#9069,#9070,
    #9071,#9072,#9073,#9074,#9075,#9076,#9077,#9078,#9079,#9080,#9081,
    #9082,#9083,#9084,#9085,#9086,#9087,#9088,#9089,#9090,#9091,#9092,
    #9093,#9094,#9095,#9096,#9097,#9098,#9099,#9100,#9101,#9102));
#8975 = ORIENTED_EDGE('',*,*,#4448,.T.);
#8976 = ORIENTED_EDGE('',*,*,#4479,.T.);
#8977 = ORIENTED_EDGE('',*,*,#4510,.T.);
#8978 = ORIENTED_EDGE('',*,*,#4541,.T.);
#8979 = ORIENTED_EDGE('',*,*,#4572,.T.);
#8980 = ORIENTED_EDGE('',*,*,#4603,.T.);
#8981 = ORIENTED_EDGE('',*,*,#4634,.T.);
#8982 = ORIENTED_EDGE('',*,*,#4665,.T.);
#8983 = ORIENTED_EDGE('',*,*,#4696,.T.);
#8984 = ORIENTED_EDGE('',*,*,#4727,.T.);
#8985 = ORIENTED_EDGE('',*,*,#4758,.T.);
#8986 = ORIENTED_EDGE('',*,*,#4789,.T.);
#8987 = ORIENTED_EDGE('',*,*,#4820,.T.);
#8988 = ORIENTED_EDGE('',*,*,#4851,.T.);
#8989 = ORIENTED_EDGE('',*,*,#4882,.T.);
#8990 = ORIENTED_EDGE('',*,*,#4913,.T.);
#8991 = ORIENTED_EDGE('',*,*,#4944,.T.);
#8992 = ORIENTED_EDGE('',*,*,#4975,.T.);
#8993 = ORIENTED_EDGE('',*,*,#5006,.T.);
#8994 = ORIENTED_EDGE('',*,*,#5037,.T.);
#8995 = ORIENTED_EDGE('',*,*,#5068,.T.);
#8996 = ORIENTED_EDGE('',*,*,#5099,.T.);
#8997 = ORIENTED_EDGE('',*,*,#5130,.T.);
#8998 = ORIENTED_EDGE('',*,*,#5161,.T.);
#8999 = ORIENTED_EDGE('',*,*,#5192,.T.);
#9000 = ORIENTED_EDGE('',*,*,#5223,.T.);
#9001 = ORIENTED_EDGE('',*,*,#5254,.T.);
#9002 = ORIENTED_EDGE('',*,*,#5285,.T.);
#9003 = ORIENTED_EDGE('',*,*,#5316,.T.);
#9004 = ORIENTED_EDGE('',*,*,#5347,.T.);
#9005 = ORIENTED_EDGE('',*,*,#5378,.T.);
#9006 = ORIENTED_EDGE('',*,*,#5409,.T.);
#9007 = ORIENTED_EDGE('',*,*,#5440,.T.);
#9008 = ORIENTED_EDGE('',*,*,#5471,.T.);
#9009 = ORIENTED_EDGE('',*,*,#5502,.T.);
#9010 = ORIENTED_EDGE('',*,*,#5533,.T.);
#9011 = ORIENTED_EDGE('',*,*,#5564,.T.);
#9012 = ORIENTED_EDGE('',*,*,#5595,.T.);
#9013 = ORIENTED_EDGE('',*,*,#5626,.T.);
#9014 = ORIENTED_EDGE('',*,*,#5657,.T.);
#9015 = ORIENTED_EDGE('',*,*,#5688,.T.);
#9016 = ORIENTED_EDGE('',*,*,#5719,.T.);
#9017 = ORIENTED_EDGE('',*,*,#5750,.T.);
#9018 = ORIENTED_EDGE('',*,*,#5781,.T.);
#9019 = ORIENTED_EDGE('',*,*,#5812,.T.);
#9020 = ORIENTED_EDGE('',*,*,#5843,.T.);
#9021 = ORIENTED_EDGE('',*,*,#5874,.T.);
#9022 = ORIENTED_EDGE('',*,*,#5905,.T.);
#9023 = ORIENTED_EDGE('',*,*,#5936,.T.);
#9024 = ORIENTED_EDGE('',*,*,#5967,.T.);
#9025 = ORIENTED_EDGE('',*,*,#5998,.T.);
#9026 = ORIENTED_EDGE('',*,*,#6029,.T.);
#9027 = ORIENTED_EDGE('',*,*,#6060,.T.);
#9028 = ORIENTED_EDGE('',*,*,#6091,.T.);
#9029 = ORIENTED_EDGE('',*,*,#6122,.T.);
#9030 = ORIENTED_EDGE('',*,*,#6153,.T.);
#9031 = ORIENTED_EDGE('',*,*,#6184,.T.);
#9032 = ORIENTED_EDGE('',*,*,#6215,.T.);
#9033 = ORIENTED_EDGE('',*,*,#6246,.T.);
#9034 = ORIENTED_EDGE('',*,*,#6277,.T.);
#9035 = ORIENTED_EDGE('',*,*,#6308,.T.);
#9036 = ORIENTED_EDGE('',*,*,#6339,.T.);
#9037 = ORIENTED_EDGE('',*,*,#6370,.T.);
#9038 = ORIENTED_EDGE('',*,*,#6401,.T.);
#9039 = ORIENTED_EDGE('',*,*,#6432,.T.);
#9040 = ORIENTED_EDGE('',*,*,#6463,.T.);
#9041 = ORIENTED_EDGE('',*,*,#6494,.T.);
#9042 = ORIENTED_EDGE('',*,*,#6525,.T.);
#9043 = ORIENTED_EDGE('',*,*,#6556,.T.);
#9044 = ORIENTED_EDGE('',*,*,#6587,.T.);
#9045 = ORIENTED_EDGE('',*,*,#6618,.T.);
#9046 = ORIENTED_EDGE('',*,*,#6649,.T.);
#9047 = ORIENTED_EDGE('',*,*,#6680,.T.);
#9048 = ORIENTED_EDGE('',*,*,#6711,.T.);
#9049 = ORIENTED_EDGE('',*,*,#6742,.T.);
#9050 = ORIENTED_EDGE('',*,*,#6773,.T.);
#9051 = ORIENTED_EDGE('',*,*,#6804,.T.);
#9052 = ORIENTED_EDGE('',*,*,#6835,.T.);
#9053 = ORIENTED_EDGE('',*,*,#6866,.T.);
#9054 = ORIENTED_EDGE('',*,*,#6897,.T.);
#9055 = ORIENTED_EDGE('',*,*,#6928,.T.);
#9056 = ORIENTED_EDGE('',*,*,#6959,.T.);
#9057 = ORIENTED_EDGE('',*,*,#6990,.T.);
#9058 = ORIENTED_EDGE('',*,*,#7021,.T.);
#9059 = ORIENTED_EDGE('',*,*,#7052,.T.);
#9060 = ORIENTED_EDGE('',*,*,#7083,.T.);
#9061 = ORIENTED_EDGE('',*,*,#7114,.T.);
#9062 = ORIENTED_EDGE('',*,*,#7145,.T.);
#9063 = ORIENTED_EDGE('',*,*,#7176,.T.);
#9064 = ORIENTED_EDGE('',*,*,#7207,.T.);
#9065 = ORIENTED_EDGE('',*,*,#7238,.T.);
#9066 = ORIENTED_EDGE('',*,*,#7269,.T.);
#9067 = ORIENTED_EDGE('',*,*,#7300,.T.);
#9068 = ORIENTED_EDGE('',*,*,#7331,.T.);
#9069 = ORIENTED_EDGE('',*,*,#7362,.T.);
#9070 = ORIENTED_EDGE('',*,*,#7393,.T.);
#9071 = ORIENTED_EDGE('',*,*,#7424,.T.);
#9072 = ORIENTED_EDGE('',*,*,#7455,.T.);
#9073 = ORIENTED_EDGE('',*,*,#7486,.T.);
#9074 = ORIENTED_EDGE('',*,*,#7517,.T.);
#9075 = ORIENTED_EDGE('',*,*,#7548,.T.);
#9076 = ORIENTED_EDGE('',*,*,#7579,.T.);
#9077 = ORIENTED_EDGE('',*,*,#7610,.T.);
#9078 = ORIENTED_EDGE('',*,*,#7641,.T.);
#9079 = ORIENTED_EDGE('',*,*,#7672,.T.);
#9080 = ORIENTED_EDGE('',*,*,#7703,.T.);
#9081 = ORIENTED_EDGE('',*,*,#7734,.T.);
#9082 = ORIENTED_EDGE('',*,*,#7765,.T.);
#9083 = ORIENTED_EDGE('',*,*,#7796,.T.);
#9084 = ORIENTED_EDGE('',*,*,#7827,.T.);
#9085 = ORIENTED_EDGE('',*,*,#7858,.T.);
#9086 = ORIENTED_EDGE('',*,*,#7889,.T.);
#9087 = ORIENTED_EDGE('',*,*,#7920,.T.);
#9088 = ORIENTED_EDGE('',*,*,#7951,.T.);
#9089 = ORIENTED_EDGE('',*,*,#7982,.T.);
#9090 = ORIENTED_EDGE('',*,*,#8013,.T.);
#9091 = ORIENTED_EDGE('',*,*,#8044,.T.);
#9092 = ORIENTED_EDGE('',*,*,#8075,.T.);
#9093 = ORIENTED_EDGE('',*,*,#8106,.T.);
#9094 = ORIENTED_EDGE('',*,*,#8137,.T.);
#9095 = ORIENTED_EDGE('',*,*,#8168,.T.);
#9096 = ORIENTED_EDGE('',*,*,#8199,.T.);
#9097 = ORIENTED_EDGE('',*,*,#8230,.T.);
#9098 = ORIENTED_EDGE('',*,*,#8261,.T.);
#9099 = ORIENTED_EDGE('',*,*,#8292,.T.);
#9100 = ORIENTED_EDGE('',*,*,#8323,.T.);
#9101 = ORIENTED_EDGE('',*,*,#8354,.T.);
#9102 = ORIENTED_EDGE('',*,*,#8385,.T.);
#9103 = FACE_BOUND('',#9104,.F.);
#9104 = EDGE_LOOP('',(#9105));
#9105 = ORIENTED_EDGE('',*,*,#8416,.T.);
#9106 = FACE_BOUND('',#9107,.F.);
#9107 = EDGE_LOOP('',(#9108));
#9108 = ORIENTED_EDGE('',*,*,#8449,.T.);
#9109 = FACE_BOUND('',#9110,.F.);
#9110 = EDGE_LOOP('',(#9111));
#9111 = ORIENTED_EDGE('',*,*,#8482,.T.);
#9112 = PLANE('',#9113);
#9113 = AXIS2_PLACEMENT_3D('',#9114,#9115,#9116);
#9114 = CARTESIAN_POINT('',(11.43,6.35,0.4103624));
#9115 = DIRECTION('',(-0.,-0.,-1.));
#9116 = DIRECTION('',(-1.,0.,0.));
#9117 = ( GEOMETRIC_REPRESENTATION_CONTEXT(3) 
GLOBAL_UNCERTAINTY_ASSIGNED_CONTEXT((#9121)) 
GLOBAL_UNIT_ASSIGNED_CONTEXT((#9118,#9119,#9120)) REPRESENTATION_CONTEXT
('Context #1','3D Context with UNIT and UNCERTAINTY') );
#9118 = ( LENGTH_UNIT() NAMED_UNIT(*) SI_UNIT(.MILLI.,.METRE.) );
#9119 = ( NAMED_UNIT(*) PLANE_ANGLE_UNIT() SI_UNIT($,.RADIAN.) );
#9120 = ( NAMED_UNIT(*) SI_UNIT($,.STERADIAN.) SOLID_ANGLE_UNIT() );
#9121 = UNCERTAINTY_MEASURE_WITH_UNIT(LENGTH_MEASURE(1.E-07),#9118,
  'distance_accuracy_value','confusion accuracy');
#9122 = SHAPE_DEFINITION_REPRESENTATION(#9123,#42);
#9123 = PRODUCT_DEFINITION_SHAPE('','',#9124);
#9124 = PRODUCT_DEFINITION('design','',#9125,#9128);
#9125 = PRODUCT_DEFINITION_FORMATION('','',#9126);
#9126 = PRODUCT('Open CASCADE STEP translator 7.5 1.1.1',
  'Open CASCADE STEP translator 7.5 1.1.1','',(#9127));
#9127 = PRODUCT_CONTEXT('',#2,'mechanical');
#9128 = PRODUCT_DEFINITION_CONTEXT('part definition',#2,'design');
#9129 = CONTEXT_DEPENDENT_SHAPE_REPRESENTATION(#9130,#9132);
#9130 = ( REPRESENTATION_RELATIONSHIP('','',#42,#32) 
REPRESENTATION_RELATIONSHIP_WITH_TRANSFORMATION(#9131) 
SHAPE_REPRESENTATION_RELATIONSHIP() );
#9131 = ITEM_DEFINED_TRANSFORMATION('','',#11,#33);
#9132 = PRODUCT_DEFINITION_SHAPE('Placement','Placement of an item',
  #9133);
#9133 = NEXT_ASSEMBLY_USAGE_OCCURRENCE('1','','',#27,#9124,$);
#9134 = PRODUCT_RELATED_PRODUCT_CATEGORY('part',$,(#9126));
#9135 = CONTEXT_DEPENDENT_SHAPE_REPRESENTATION(#9136,#9138);
#9136 = ( REPRESENTATION_RELATIONSHIP('','',#32,#10) 
REPRESENTATION_RELATIONSHIP_WITH_TRANSFORMATION(#9137) 
SHAPE_REPRESENTATION_RELATIONSHIP() );
#9137 = ITEM_DEFINED_TRANSFORMATION('','',#11,#15);
#9138 = PRODUCT_DEFINITION_SHAPE('Placement','Placement of an item',
  #9139);
#9139 = NEXT_ASSEMBLY_USAGE_OCCURRENCE('2','','',#5,#27,$);
#9140 = PRODUCT_RELATED_PRODUCT_CATEGORY('part',$,(#29));
#9141 = MECHANICAL_DESIGN_GEOMETRIC_PRESENTATION_REPRESENTATION('',(
    #9142),#9117);
#9142 = STYLED_ITEM('color',(#9143),#43);
#9143 = PRESENTATION_STYLE_ASSIGNMENT((#9144,#9150));
#9144 = SURFACE_STYLE_USAGE(.BOTH.,#9145);
#9145 = SURFACE_SIDE_STYLE('',(#9146));
#9146 = SURFACE_STYLE_FILL_AREA(#9147);
#9147 = FILL_AREA_STYLE('',(#9148));
#9148 = FILL_AREA_STYLE_COLOUR('',#9149);
#9149 = COLOUR_RGB('',0.,0.501960785193,0.);
#9150 = CURVE_STYLE('',#9151,POSITIVE_LENGTH_MEASURE(0.1),#9149);
#9151 = DRAUGHTING_PRE_DEFINED_CURVE_FONT('continuous');
ENDSEC;
END-ISO-10303-21;
